{"type":"FeatureCollection","attribution":"\u00a9 OpenStreetMap contributors; contains information from LTA DataMall (CoveredLinkWay)","features":[{"type":"Feature","geometry":{"type":"LineString","coordinates":[[103.928702,1.326471],[103.928843,1.32647]]},"properties":{"way":22701155,"highway":"tertiary","area":"bedok","osm_tagged":false}},{"type":"Feature","geometry":{"type":"LineString","coordinates":[[103.928843,1.32647],[103.928954,1.326474]]},"properties":{"way":22701155,"highway":"tertiary","area":"bedok","osm_tagged":false}},{"type":"Feature","geometry":{"type":"LineString","coordinates":[[103.928954,1.326474],[103.929058,1.326487]]},"properties":{"way":22701155,"highway":"tertiary","area":"bedok","osm_tagged":false}},{"type":"Feature","geometry":{"type":"LineString","coordinates":[[103.927448,1.325385],[103.927543,1.325386]]},"properties":{"way":22802966,"highway":"residential","area":"bedok","osm_tagged":false}},{"type":"Feature","geometry":{"type":"LineString","coordinates":[[103.927543,1.325386],[103.927625,1.325382]]},"properties":{"way":22802966,"highway":"residential","area":"bedok","osm_tagged":false}},{"type":"Feature","geometry":{"type":"LineString","coordinates":[[103.927625,1.325382],[103.92772,1.325377]]},"properties":{"way":22802966,"highway":"residential","area":"bedok","osm_tagged":false}},{"type":"Feature","geometry":{"type":"LineString","coordinates":[[103.92772,1.325377],[103.928058,1.325346]]},"properties":{"way":22802966,"highway":"residential","area":"bedok","osm_tagged":false}},{"type":"Feature","geometry":{"type":"LineString","coordinates":[[103.942593,1.325756],[103.942489,1.325722]]},"properties":{"way":74518976,"highway":"primary","area":"bedok","osm_tagged":false}},{"type":"Feature","geometry":{"type":"LineString","coordinates":[[103.942489,1.325722],[103.94215,1.325613]]},"properties":{"way":74518976,"highway":"primary","area":"bedok","osm_tagged":false}},{"type":"Feature","geometry":{"type":"LineString","coordinates":[[103.930972,1.323953],[103.930742,1.323927]]},"properties":{"way":74741532,"highway":"primary","area":"bedok","osm_tagged":false}},{"type":"Feature","geometry":{"type":"LineString","coordinates":[[103.930742,1.323927],[103.930224,1.32385]]},"properties":{"way":74741532,"highway":"primary","area":"bedok","osm_tagged":false}},{"type":"Feature","geometry":{"type":"LineString","coordinates":[[103.933865,1.321717],[103.933823,1.32171]]},"properties":{"way":116692193,"highway":"service","area":"bedok","osm_tagged":true}},{"type":"Feature","geometry":{"type":"LineString","coordinates":[[103.930621,1.32584],[103.930592,1.325984]]},"properties":{"way":116782182,"highway":"service","area":"bedok","osm_tagged":true}},{"type":"Feature","geometry":{"type":"LineString","coordinates":[[103.927403,1.323322],[103.927442,1.323117]]},"properties":{"way":123661964,"highway":"secondary","area":"bedok","osm_tagged":false}},{"type":"Feature","geometry":{"type":"LineString","coordinates":[[103.934738,1.32974],[103.934754,1.329744]]},"properties":{"way":172301961,"highway":"steps","area":"bedok","osm_tagged":true}},{"type":"Feature","geometry":{"type":"LineString","coordinates":[[103.934754,1.329744],[103.934752,1.329754]]},"properties":{"way":172301961,"highway":"steps","area":"bedok","osm_tagged":true}},{"type":"Feature","geometry":{"type":"LineString","coordinates":[[103.929734,1.325277],[103.929819,1.324936]]},"properties":{"way":174035935,"highway":"service","area":"bedok","osm_tagged":true}},{"type":"Feature","geometry":{"type":"LineString","coordinates":[[103.929819,1.324936],[103.929896,1.324611]]},"properties":{"way":174035935,"highway":"service","area":"bedok","osm_tagged":true}},{"type":"Feature","geometry":{"type":"LineString","coordinates":[[103.929896,1.324611],[103.929609,1.324542]]},"properties":{"way":174035935,"highway":"service","area":"bedok","osm_tagged":true}},{"type":"Feature","geometry":{"type":"LineString","coordinates":[[103.929609,1.324542],[103.928743,1.324335]]},"properties":{"way":174035935,"highway":"service","area":"bedok","osm_tagged":true}},{"type":"Feature","geometry":{"type":"LineString","coordinates":[[103.924678,1.329031],[103.924678,1.329088]]},"properties":{"way":174886253,"highway":"steps","area":"bedok","osm_tagged":true}},{"type":"Feature","geometry":{"type":"LineString","coordinates":[[103.924678,1.329088],[103.924677,1.329144]]},"properties":{"way":174886253,"highway":"steps","area":"bedok","osm_tagged":true}},{"type":"Feature","geometry":{"type":"LineString","coordinates":[[103.924677,1.329144],[103.924677,1.329153]]},"properties":{"way":174886366,"highway":"footway","area":"bedok","osm_tagged":true}},{"type":"Feature","geometry":{"type":"LineString","coordinates":[[103.924677,1.329153],[103.924671,1.329392]]},"properties":{"way":174886366,"highway":"footway","area":"bedok","osm_tagged":true}},{"type":"Feature","geometry":{"type":"LineString","coordinates":[[103.924671,1.329392],[103.924671,1.329397]]},"properties":{"way":174886366,"highway":"footway","area":"bedok","osm_tagged":true}},{"type":"Feature","geometry":{"type":"LineString","coordinates":[[103.924671,1.329397],[103.924671,1.329403]]},"properties":{"way":174886366,"highway":"footway","area":"bedok","osm_tagged":true}},{"type":"Feature","geometry":{"type":"LineString","coordinates":[[103.924671,1.329403],[103.924668,1.329516]]},"properties":{"way":174886387,"highway":"steps","area":"bedok","osm_tagged":true}},{"type":"Feature","geometry":{"type":"LineString","coordinates":[[103.924668,1.329516],[103.924703,1.329516]]},"properties":{"way":174886387,"highway":"steps","area":"bedok","osm_tagged":true}},{"type":"Feature","geometry":{"type":"LineString","coordinates":[[103.924703,1.329516],[103.924704,1.329404]]},"properties":{"way":174886387,"highway":"steps","area":"bedok","osm_tagged":true}},{"type":"Feature","geometry":{"type":"LineString","coordinates":[[103.927655,1.3234],[103.927611,1.323364]]},"properties":{"way":175959594,"highway":"primary_link","area":"bedok","osm_tagged":false}},{"type":"Feature","geometry":{"type":"LineString","coordinates":[[103.927611,1.323364],[103.927577,1.323333]]},"properties":{"way":175959594,"highway":"primary_link","area":"bedok","osm_tagged":false}},{"type":"Feature","geometry":{"type":"LineString","coordinates":[[103.927577,1.323333],[103.927544,1.323297]]},"properties":{"way":175959594,"highway":"primary_link","area":"bedok","osm_tagged":false}},{"type":"Feature","geometry":{"type":"LineString","coordinates":[[103.927544,1.323297],[103.927505,1.323265]]},"properties":{"way":175959594,"highway":"primary_link","area":"bedok","osm_tagged":false}},{"type":"Feature","geometry":{"type":"LineString","coordinates":[[103.927505,1.323265],[103.927474,1.323227]]},"properties":{"way":175959594,"highway":"primary_link","area":"bedok","osm_tagged":false}},{"type":"Feature","geometry":{"type":"LineString","coordinates":[[103.927474,1.323227],[103.927442,1.323117]]},"properties":{"way":175959594,"highway":"primary_link","area":"bedok","osm_tagged":false}},{"type":"Feature","geometry":{"type":"LineString","coordinates":[[103.940371,1.321746],[103.940375,1.321596]]},"properties":{"way":189196425,"highway":"footway","area":"bedok","osm_tagged":true}},{"type":"Feature","geometry":{"type":"LineString","coordinates":[[103.940375,1.321596],[103.940094,1.321537]]},"properties":{"way":189196425,"highway":"footway","area":"bedok","osm_tagged":true}},{"type":"Feature","geometry":{"type":"LineString","coordinates":[[103.940094,1.321537],[103.940213,1.32094]]},"properties":{"way":189196425,"highway":"footway","area":"bedok","osm_tagged":true}},{"type":"Feature","geometry":{"type":"LineString","coordinates":[[103.940213,1.32094],[103.940493,1.320972]]},"properties":{"way":189196425,"highway":"footway","area":"bedok","osm_tagged":true}},{"type":"Feature","geometry":{"type":"LineString","coordinates":[[103.926417,1.325717],[103.926694,1.325661]]},"properties":{"way":214317723,"highway":"footway","area":"bedok","osm_tagged":true}},{"type":"Feature","geometry":{"type":"LineString","coordinates":[[103.926694,1.325661],[103.926666,1.32554]]},"properties":{"way":214317723,"highway":"footway","area":"bedok","osm_tagged":true}},{"type":"Feature","geometry":{"type":"LineString","coordinates":[[103.926666,1.32554],[103.926648,1.325454]]},"properties":{"way":214317723,"highway":"footway","area":"bedok","osm_tagged":true}},{"type":"Feature","geometry":{"type":"LineString","coordinates":[[103.926648,1.325454],[103.926578,1.325407]]},"properties":{"way":214317723,"highway":"footway","area":"bedok","osm_tagged":true}},{"type":"Feature","geometry":{"type":"LineString","coordinates":[[103.926578,1.325407],[103.926553,1.325286]]},"properties":{"way":214317723,"highway":"footway","area":"bedok","osm_tagged":true}},{"type":"Feature","geometry":{"type":"LineString","coordinates":[[103.926553,1.325286],[103.926498,1.325297]]},"properties":{"way":214317723,"highway":"footway","area":"bedok","osm_tagged":true}},{"type":"Feature","geometry":{"type":"LineString","coordinates":[[103.926498,1.325297],[103.92643,1.325311]]},"properties":{"way":214317723,"highway":"footway","area":"bedok","osm_tagged":true}},{"type":"Feature","geometry":{"type":"LineString","coordinates":[[103.93896,1.331513],[103.938897,1.331419]]},"properties":{"way":229030443,"highway":"footway","area":"bedok","osm_tagged":true}},{"type":"Feature","geometry":{"type":"LineString","coordinates":[[103.938897,1.331419],[103.938836,1.331328]]},"properties":{"way":229030443,"highway":"footway","area":"bedok","osm_tagged":true}},{"type":"Feature","geometry":{"type":"LineString","coordinates":[[103.938836,1.331328],[103.938762,1.331218]]},"properties":{"way":229030443,"highway":"footway","area":"bedok","osm_tagged":true}},{"type":"Feature","geometry":{"type":"LineString","coordinates":[[103.924705,1.328812],[103.924679,1.32898]]},"properties":{"way":229627904,"highway":"footway","area":"bedok","osm_tagged":true}},{"type":"Feature","geometry":{"type":"LineString","coordinates":[[103.924679,1.32898],[103.924678,1.329031]]},"properties":{"way":229627904,"highway":"footway","area":"bedok","osm_tagged":true}},{"type":"Feature","geometry":{"type":"LineString","coordinates":[[103.923595,1.331235],[103.923562,1.331229]]},"properties":{"way":229628307,"highway":"service","area":"bedok","osm_tagged":false}},{"type":"Feature","geometry":{"type":"LineString","coordinates":[[103.923562,1.331229],[103.923377,1.331191]]},"properties":{"way":229628307,"highway":"service","area":"bedok","osm_tagged":false}},{"type":"Feature","geometry":{"type":"LineString","coordinates":[[103.94209,1.325195],[103.942051,1.325419]]},"properties":{"way":229629094,"highway":"steps","area":"bedok","osm_tagged":true}},{"type":"Feature","geometry":{"type":"LineString","coordinates":[[103.942051,1.325419],[103.942192,1.325454]]},"properties":{"way":229629094,"highway":"steps","area":"bedok","osm_tagged":true}},{"type":"Feature","geometry":{"type":"LineString","coordinates":[[103.931724,1.323845],[103.931696,1.323877]]},"properties":{"way":464133416,"highway":"primary_link","area":"bedok","osm_tagged":false}},{"type":"Feature","geometry":{"type":"LineString","coordinates":[[103.931696,1.323877],[103.931632,1.32392]]},"properties":{"way":464133416,"highway":"primary_link","area":"bedok","osm_tagged":false}},{"type":"Feature","geometry":{"type":"LineString","coordinates":[[103.931487,1.323974],[103.931317,1.323999]]},"properties":{"way":464133416,"highway":"primary_link","area":"bedok","osm_tagged":false}},{"type":"Feature","geometry":{"type":"LineString","coordinates":[[103.931009,1.323995],[103.930972,1.323953]]},"properties":{"way":464133418,"highway":"primary_link","area":"bedok","osm_tagged":false}},{"type":"Feature","geometry":{"type":"LineString","coordinates":[[103.933919,1.333761],[103.934113,1.332692]]},"properties":{"way":473649033,"highway":"secondary","area":"bedok","osm_tagged":false}},{"type":"Feature","geometry":{"type":"LineString","coordinates":[[103.927786,1.321514],[103.927779,1.321554]]},"properties":{"way":474480035,"highway":"steps","area":"bedok","osm_tagged":true}},{"type":"Feature","geometry":{"type":"LineString","coordinates":[[103.927779,1.321554],[103.927797,1.321558]]},"properties":{"way":474480035,"highway":"steps","area":"bedok","osm_tagged":true}},{"type":"Feature","geometry":{"type":"LineString","coordinates":[[103.927797,1.321558],[103.927811,1.321479]]},"properties":{"way":474480035,"highway":"steps","area":"bedok","osm_tagged":true}},{"type":"Feature","geometry":{"type":"LineString","coordinates":[[103.927811,1.321479],[103.927541,1.321416]]},"properties":{"way":474480037,"highway":"footway","area":"bedok","osm_tagged":true}},{"type":"Feature","geometry":{"type":"LineString","coordinates":[[103.927541,1.321416],[103.927449,1.321397]]},"properties":{"way":474480038,"highway":"steps","area":"bedok","osm_tagged":true}},{"type":"Feature","geometry":{"type":"LineString","coordinates":[[103.927449,1.321397],[103.927443,1.321429]]},"properties":{"way":474480038,"highway":"steps","area":"bedok","osm_tagged":true}},{"type":"Feature","geometry":{"type":"LineString","coordinates":[[103.927443,1.321429],[103.927544,1.321454]]},"properties":{"way":474480038,"highway":"steps","area":"bedok","osm_tagged":true}},{"type":"Feature","geometry":{"type":"LineString","coordinates":[[103.938762,1.331218],[103.938635,1.331297]]},"properties":{"way":474484672,"highway":"steps","area":"bedok","osm_tagged":true}},{"type":"Feature","geometry":{"type":"LineString","coordinates":[[103.93896,1.331513],[103.938989,1.331551]]},"properties":{"way":474484673,"highway":"steps","area":"bedok","osm_tagged":true}},{"type":"Feature","geometry":{"type":"LineString","coordinates":[[103.938989,1.331551],[103.938915,1.331598]]},"properties":{"way":474484673,"highway":"steps","area":"bedok","osm_tagged":true}},{"type":"Feature","geometry":{"type":"LineString","coordinates":[[103.938915,1.331598],[103.938892,1.331559]]},"properties":{"way":474484673,"highway":"steps","area":"bedok","osm_tagged":true}},{"type":"Feature","geometry":{"type":"LineString","coordinates":[[103.933988,1.333778],[103.934024,1.333582]]},"properties":{"way":474636204,"highway":"footway","area":"bedok","osm_tagged":true}},{"type":"Feature","geometry":{"type":"LineString","coordinates":[[103.934024,1.333582],[103.934035,1.333439]]},"properties":{"way":474636204,"highway":"footway","area":"bedok","osm_tagged":true}},{"type":"Feature","geometry":{"type":"LineString","coordinates":[[103.934035,1.333439],[103.934113,1.333031]]},"properties":{"way":474636204,"highway":"footway","area":"bedok","osm_tagged":true}},{"type":"Feature","geometry":{"type":"LineString","coordinates":[[103.934113,1.333031],[103.934164,1.332728]]},"properties":{"way":474636204,"highway":"footway","area":"bedok","osm_tagged":true}},{"type":"Feature","geometry":{"type":"LineString","coordinates":[[103.934164,1.332728],[103.934217,1.332565]]},"properties":{"way":474636204,"highway":"footway","area":"bedok","osm_tagged":true}},{"type":"Feature","geometry":{"type":"LineString","coordinates":[[103.933971,1.333715],[103.933773,1.333682]]},"properties":{"way":474636206,"highway":"footway","area":"bedok","osm_tagged":true}},{"type":"Feature","geometry":{"type":"LineString","coordinates":[[103.929737,1.326645],[103.929694,1.326622]]},"properties":{"way":474901865,"highway":"tertiary","area":"bedok","osm_tagged":false}},{"type":"Feature","geometry":{"type":"LineString","coordinates":[[103.928578,1.324979],[103.929734,1.325277]]},"properties":{"way":489747447,"highway":"service","area":"bedok","osm_tagged":true}},{"type":"Feature","geometry":{"type":"LineString","coordinates":[[103.94053,1.321995],[103.940436,1.321978]]},"properties":{"way":493387828,"highway":"footway","area":"bedok","osm_tagged":true}},{"type":"Feature","geometry":{"type":"LineString","coordinates":[[103.940436,1.321978],[103.940366,1.322347]]},"properties":{"way":493387828,"highway":"footway","area":"bedok","osm_tagged":true}},{"type":"Feature","geometry":{"type":"LineString","coordinates":[[103.940366,1.322347],[103.94057,1.322554]]},"properties":{"way":493387828,"highway":"footway","area":"bedok","osm_tagged":true}},{"type":"Feature","geometry":{"type":"LineString","coordinates":[[103.94057,1.322554],[103.940802,1.322606]]},"properties":{"way":493387828,"highway":"footway","area":"bedok","osm_tagged":true}},{"type":"Feature","geometry":{"type":"LineString","coordinates":[[103.93082,1.324946],[103.930723,1.325384]]},"properties":{"way":526006844,"highway":"service","area":"bedok","osm_tagged":true}},{"type":"Feature","geometry":{"type":"LineString","coordinates":[[103.941906,1.330653],[103.941856,1.330658]]},"properties":{"way":526013009,"highway":"service","area":"bedok","osm_tagged":true}},{"type":"Feature","geometry":{"type":"LineString","coordinates":[[103.933919,1.333761],[103.933988,1.333778]]},"properties":{"way":526013020,"highway":"service","area":"bedok","osm_tagged":false}},{"type":"Feature","geometry":{"type":"LineString","coordinates":[[103.933842,1.334183],[103.933903,1.334196]]},"properties":{"way":526013022,"highway":"service","area":"bedok","osm_tagged":false}},{"type":"Feature","geometry":{"type":"LineString","coordinates":[[103.933903,1.334196],[103.934042,1.334226]]},"properties":{"way":526013022,"highway":"service","area":"bedok","osm_tagged":false}},{"type":"Feature","geometry":{"type":"LineString","coordinates":[[103.931354,1.333154],[103.931228,1.333239]]},"properties":{"way":526013025,"highway":"service","area":"bedok","osm_tagged":true}},{"type":"Feature","geometry":{"type":"LineString","coordinates":[[103.930978,1.332581],[103.931067,1.332705]]},"properties":{"way":526013030,"highway":"service","area":"bedok","osm_tagged":true}},{"type":"Feature","geometry":{"type":"LineString","coordinates":[[103.924273,1.33168],[103.924241,1.331827]]},"properties":{"way":526256280,"highway":"service","area":"bedok","osm_tagged":true}},{"type":"Feature","geometry":{"type":"LineString","coordinates":[[103.928743,1.324335],[103.928663,1.324653]]},"properties":{"way":527918448,"highway":"service","area":"bedok","osm_tagged":true}},{"type":"Feature","geometry":{"type":"LineString","coordinates":[[103.928663,1.324653],[103.928578,1.324979]]},"properties":{"way":527918448,"highway":"service","area":"bedok","osm_tagged":true}},{"type":"Feature","geometry":{"type":"LineString","coordinates":[[103.933805,1.334981],[103.933829,1.334878]]},"properties":{"way":533490725,"highway":"footway","area":"bedok","osm_tagged":true}},{"type":"Feature","geometry":{"type":"LineString","coordinates":[[103.933829,1.334878],[103.933859,1.334849]]},"properties":{"way":533490725,"highway":"footway","area":"bedok","osm_tagged":true}},{"type":"Feature","geometry":{"type":"LineString","coordinates":[[103.933859,1.334849],[103.933919,1.334828]]},"properties":{"way":533490725,"highway":"footway","area":"bedok","osm_tagged":true}},{"type":"Feature","geometry":{"type":"LineString","coordinates":[[103.933919,1.334828],[103.933946,1.334798]]},"properties":{"way":533490725,"highway":"footway","area":"bedok","osm_tagged":true}},{"type":"Feature","geometry":{"type":"LineString","coordinates":[[103.923092,1.333401],[103.923192,1.333347]]},"properties":{"way":533647998,"highway":"footway","area":"bedok","osm_tagged":true}},{"type":"Feature","geometry":{"type":"LineString","coordinates":[[103.923192,1.333347],[103.92321,1.333287]]},"properties":{"way":533647998,"highway":"footway","area":"bedok","osm_tagged":true}},{"type":"Feature","geometry":{"type":"LineString","coordinates":[[103.929915,1.326263],[103.92975,1.326613]]},"properties":{"way":540022406,"highway":"pedestrian","area":"bedok","osm_tagged":false}},{"type":"Feature","geometry":{"type":"LineString","coordinates":[[103.928177,1.321475],[103.928147,1.321651]]},"properties":{"way":542293462,"highway":"service","area":"bedok","osm_tagged":true}},{"type":"Feature","geometry":{"type":"LineString","coordinates":[[103.930085,1.326343],[103.929957,1.326283]]},"properties":{"way":542295769,"highway":"service","area":"bedok","osm_tagged":true}},{"type":"Feature","geometry":{"type":"LineString","coordinates":[[103.931506,1.324423],[103.931521,1.324428]]},"properties":{"way":543570540,"highway":"service","area":"bedok","osm_tagged":true}},{"type":"Feature","geometry":{"type":"LineString","coordinates":[[103.931521,1.324428],[103.931537,1.324431]]},"properties":{"way":543570540,"highway":"service","area":"bedok","osm_tagged":true}},{"type":"Feature","geometry":{"type":"LineString","coordinates":[[103.931537,1.324431],[103.931553,1.324434]]},"properties":{"way":543570540,"highway":"service","area":"bedok","osm_tagged":true}},{"type":"Feature","geometry":{"type":"LineString","coordinates":[[103.931553,1.324434],[103.93157,1.324435]]},"properties":{"way":543570540,"highway":"service","area":"bedok","osm_tagged":true}},{"type":"Feature","geometry":{"type":"LineString","coordinates":[[103.93157,1.324435],[103.931586,1.324434]]},"properties":{"way":543570540,"highway":"service","area":"bedok","osm_tagged":true}},{"type":"Feature","geometry":{"type":"LineString","coordinates":[[103.931586,1.324434],[103.931602,1.324432]]},"properties":{"way":543570540,"highway":"service","area":"bedok","osm_tagged":true}},{"type":"Feature","geometry":{"type":"LineString","coordinates":[[103.931602,1.324432],[103.931618,1.324429]]},"properties":{"way":543570540,"highway":"service","area":"bedok","osm_tagged":true}},{"type":"Feature","geometry":{"type":"LineString","coordinates":[[103.931618,1.324429],[103.931622,1.324428]]},"properties":{"way":543570540,"highway":"service","area":"bedok","osm_tagged":true}},{"type":"Feature","geometry":{"type":"LineString","coordinates":[[103.935145,1.325054],[103.935244,1.325197]]},"properties":{"way":543570995,"highway":"service","area":"bedok","osm_tagged":true}},{"type":"Feature","geometry":{"type":"LineString","coordinates":[[103.928226,1.322355],[103.928275,1.322364]]},"properties":{"way":543592156,"highway":"service","area":"bedok","osm_tagged":true}},{"type":"Feature","geometry":{"type":"LineString","coordinates":[[103.928289,1.322291],[103.92824,1.322282]]},"properties":{"way":543592159,"highway":"service","area":"bedok","osm_tagged":true}},{"type":"Feature","geometry":{"type":"LineString","coordinates":[[103.928722,1.322451],[103.92876,1.322458]]},"properties":{"way":543592161,"highway":"service","area":"bedok","osm_tagged":true}},{"type":"Feature","geometry":{"type":"LineString","coordinates":[[103.928775,1.322385],[103.928736,1.322378]]},"properties":{"way":543592162,"highway":"service","area":"bedok","osm_tagged":true}},{"type":"Feature","geometry":{"type":"LineString","coordinates":[[103.929159,1.32246],[103.929107,1.32245]]},"properties":{"way":543592164,"highway":"service","area":"bedok","osm_tagged":true}},{"type":"Feature","geometry":{"type":"LineString","coordinates":[[103.929093,1.322523],[103.929145,1.322533]]},"properties":{"way":543592167,"highway":"service","area":"bedok","osm_tagged":true}},{"type":"Feature","geometry":{"type":"LineString","coordinates":[[103.929405,1.322583],[103.929586,1.322618]]},"properties":{"way":543592169,"highway":"service","area":"bedok","osm_tagged":true}},{"type":"Feature","geometry":{"type":"LineString","coordinates":[[103.929586,1.322618],[103.929633,1.322628]]},"properties":{"way":543592169,"highway":"service","area":"bedok","osm_tagged":true}},{"type":"Feature","geometry":{"type":"LineString","coordinates":[[103.929647,1.322555],[103.9296,1.322546]]},"properties":{"way":543592170,"highway":"service","area":"bedok","osm_tagged":true}},{"type":"Feature","geometry":{"type":"LineString","coordinates":[[103.928047,1.323006],[103.928101,1.323016]]},"properties":{"way":543592175,"highway":"service","area":"bedok","osm_tagged":true}},{"type":"Feature","geometry":{"type":"LineString","coordinates":[[103.928423,1.323078],[103.92847,1.323088]]},"properties":{"way":543592177,"highway":"service","area":"bedok","osm_tagged":true}},{"type":"Feature","geometry":{"type":"LineString","coordinates":[[103.928884,1.323169],[103.928928,1.323178]]},"properties":{"way":543592179,"highway":"service","area":"bedok","osm_tagged":true}},{"type":"Feature","geometry":{"type":"LineString","coordinates":[[103.92944,1.323279],[103.92949,1.323289]]},"properties":{"way":543592181,"highway":"service","area":"bedok","osm_tagged":true}},{"type":"Feature","geometry":{"type":"LineString","coordinates":[[103.93966,1.323477],[103.939676,1.32348]]},"properties":{"way":545052911,"highway":"footway","area":"bedok","osm_tagged":true}},{"type":"Feature","geometry":{"type":"LineString","coordinates":[[103.933536,1.334868],[103.933606,1.334872]]},"properties":{"way":545111962,"highway":"footway","area":"bedok","osm_tagged":false}},{"type":"Feature","geometry":{"type":"LineString","coordinates":[[103.933715,1.334878],[103.933829,1.334878]]},"properties":{"way":545111962,"highway":"footway","area":"bedok","osm_tagged":false}},{"type":"Feature","geometry":{"type":"LineString","coordinates":[[103.924761,1.33144],[103.924917,1.331468]]},"properties":{"way":546185855,"highway":"service","area":"bedok","osm_tagged":true}},{"type":"Feature","geometry":{"type":"LineString","coordinates":[[103.923406,1.323762],[103.923392,1.323809]]},"properties":{"way":546196274,"highway":"service","area":"bedok","osm_tagged":true}},{"type":"Feature","geometry":{"type":"LineString","coordinates":[[103.923428,1.323692],[103.923422,1.323711]]},"properties":{"way":546196283,"highway":"service","area":"bedok","osm_tagged":true}},{"type":"Feature","geometry":{"type":"LineString","coordinates":[[103.923422,1.323711],[103.923413,1.32374]]},"properties":{"way":546196283,"highway":"service","area":"bedok","osm_tagged":true}},{"type":"Feature","geometry":{"type":"LineString","coordinates":[[103.93092,1.322535],[103.931228,1.322596]]},"properties":{"way":546197624,"highway":"service","area":"bedok","osm_tagged":true}},{"type":"Feature","geometry":{"type":"LineString","coordinates":[[103.940213,1.32094],[103.940058,1.320903]]},"properties":{"way":546821025,"highway":"footway","area":"bedok","osm_tagged":true}},{"type":"Feature","geometry":{"type":"LineString","coordinates":[[103.940058,1.320903],[103.940071,1.320804]]},"properties":{"way":546821025,"highway":"footway","area":"bedok","osm_tagged":true}},{"type":"Feature","geometry":{"type":"LineString","coordinates":[[103.940071,1.320804],[103.940076,1.320752]]},"properties":{"way":546821025,"highway":"footway","area":"bedok","osm_tagged":true}},{"type":"Feature","geometry":{"type":"LineString","coordinates":[[103.940076,1.320752],[103.940317,1.320715]]},"properties":{"way":546821025,"highway":"footway","area":"bedok","osm_tagged":true}},{"type":"Feature","geometry":{"type":"LineString","coordinates":[[103.940493,1.320972],[103.940509,1.320861]]},"properties":{"way":546821027,"highway":"footway","area":"bedok","osm_tagged":true}},{"type":"Feature","geometry":{"type":"LineString","coordinates":[[103.940509,1.320861],[103.940515,1.320838]]},"properties":{"way":546821027,"highway":"footway","area":"bedok","osm_tagged":true}},{"type":"Feature","geometry":{"type":"LineString","coordinates":[[103.940515,1.320838],[103.940304,1.320801]]},"properties":{"way":546821027,"highway":"footway","area":"bedok","osm_tagged":true}},{"type":"Feature","geometry":{"type":"LineString","coordinates":[[103.940304,1.320801],[103.940317,1.320715]]},"properties":{"way":546821027,"highway":"footway","area":"bedok","osm_tagged":true}},{"type":"Feature","geometry":{"type":"LineString","coordinates":[[103.940317,1.320715],[103.940326,1.320642]]},"properties":{"way":546821027,"highway":"footway","area":"bedok","osm_tagged":true}},{"type":"Feature","geometry":{"type":"LineString","coordinates":[[103.933444,1.33483],[103.933408,1.334863]]},"properties":{"way":589622472,"highway":"footway","area":"bedok","osm_tagged":false}},{"type":"Feature","geometry":{"type":"LineString","coordinates":[[103.933408,1.334863],[103.933348,1.334895]]},"properties":{"way":589622472,"highway":"footway","area":"bedok","osm_tagged":false}},{"type":"Feature","geometry":{"type":"LineString","coordinates":[[103.933998,1.333577],[103.933971,1.333715]]},"properties":{"way":589622473,"highway":"steps","area":"bedok","osm_tagged":true}},{"type":"Feature","geometry":{"type":"LineString","coordinates":[[103.933773,1.333682],[103.933798,1.333544]]},"properties":{"way":589622474,"highway":"steps","area":"bedok","osm_tagged":true}},{"type":"Feature","geometry":{"type":"LineString","coordinates":[[103.927146,1.332078],[103.92719,1.332086]]},"properties":{"way":589982137,"highway":"footway","area":"bedok","osm_tagged":true}},{"type":"Feature","geometry":{"type":"LineString","coordinates":[[103.92719,1.332086],[103.927212,1.331969]]},"properties":{"way":589982137,"highway":"footway","area":"bedok","osm_tagged":true}},{"type":"Feature","geometry":{"type":"LineString","coordinates":[[103.927212,1.331969],[103.927397,1.332004]]},"properties":{"way":589982137,"highway":"footway","area":"bedok","osm_tagged":true}},{"type":"Feature","geometry":{"type":"LineString","coordinates":[[103.927397,1.332004],[103.927411,1.331929]]},"properties":{"way":589982137,"highway":"footway","area":"bedok","osm_tagged":true}},{"type":"Feature","geometry":{"type":"LineString","coordinates":[[103.927411,1.331929],[103.927432,1.331932]]},"properties":{"way":589982137,"highway":"footway","area":"bedok","osm_tagged":true}},{"type":"Feature","geometry":{"type":"LineString","coordinates":[[103.927432,1.331932],[103.927442,1.33188]]},"properties":{"way":589982137,"highway":"footway","area":"bedok","osm_tagged":true}},{"type":"Feature","geometry":{"type":"LineString","coordinates":[[103.924634,1.329393],[103.924612,1.329394]]},"properties":{"way":591175345,"highway":"footway","area":"bedok","osm_tagged":false}},{"type":"Feature","geometry":{"type":"LineString","coordinates":[[103.924612,1.329394],[103.924413,1.329389]]},"properties":{"way":591175345,"highway":"footway","area":"bedok","osm_tagged":false}},{"type":"Feature","geometry":{"type":"LineString","coordinates":[[103.924678,1.329088],[103.924636,1.329088]]},"properties":{"way":591571131,"highway":"footway","area":"bedok","osm_tagged":true}},{"type":"Feature","geometry":{"type":"LineString","coordinates":[[103.925173,1.329757],[103.925143,1.329751]]},"properties":{"way":591623101,"highway":"footway","area":"bedok","osm_tagged":true}},{"type":"Feature","geometry":{"type":"LineString","coordinates":[[103.925143,1.329751],[103.925156,1.329676]]},"properties":{"way":591623101,"highway":"footway","area":"bedok","osm_tagged":true}},{"type":"Feature","geometry":{"type":"LineString","coordinates":[[103.925156,1.329676],[103.925139,1.329672]]},"properties":{"way":591623101,"highway":"footway","area":"bedok","osm_tagged":true}},{"type":"Feature","geometry":{"type":"LineString","coordinates":[[103.925139,1.329672],[103.925146,1.329628]]},"properties":{"way":591623101,"highway":"footway","area":"bedok","osm_tagged":true}},{"type":"Feature","geometry":{"type":"LineString","coordinates":[[103.925146,1.329628],[103.924953,1.32958]]},"properties":{"way":591623101,"highway":"footway","area":"bedok","osm_tagged":true}},{"type":"Feature","geometry":{"type":"LineString","coordinates":[[103.924953,1.32958],[103.924866,1.329566]]},"properties":{"way":591623101,"highway":"footway","area":"bedok","osm_tagged":true}},{"type":"Feature","geometry":{"type":"LineString","coordinates":[[103.924866,1.329566],[103.924856,1.329565]]},"properties":{"way":591623101,"highway":"footway","area":"bedok","osm_tagged":true}},{"type":"Feature","geometry":{"type":"LineString","coordinates":[[103.924856,1.329565],[103.924626,1.329529]]},"properties":{"way":591623101,"highway":"footway","area":"bedok","osm_tagged":true}},{"type":"Feature","geometry":{"type":"LineString","coordinates":[[103.924626,1.329529],[103.924611,1.329505]]},"properties":{"way":591623101,"highway":"footway","area":"bedok","osm_tagged":true}},{"type":"Feature","geometry":{"type":"LineString","coordinates":[[103.924611,1.329505],[103.924627,1.32943]]},"properties":{"way":591623101,"highway":"footway","area":"bedok","osm_tagged":true}},{"type":"Feature","geometry":{"type":"LineString","coordinates":[[103.924627,1.32943],[103.924634,1.329393]]},"properties":{"way":591623101,"highway":"footway","area":"bedok","osm_tagged":true}},{"type":"Feature","geometry":{"type":"LineString","coordinates":[[103.924704,1.329385],[103.924719,1.329425]]},"properties":{"way":591623103,"highway":"footway","area":"bedok","osm_tagged":false}},{"type":"Feature","geometry":{"type":"LineString","coordinates":[[103.924719,1.329425],[103.924733,1.329451]]},"properties":{"way":591623103,"highway":"footway","area":"bedok","osm_tagged":false}},{"type":"Feature","geometry":{"type":"LineString","coordinates":[[103.924733,1.329451],[103.924751,1.329475]]},"properties":{"way":591623103,"highway":"footway","area":"bedok","osm_tagged":false}},{"type":"Feature","geometry":{"type":"LineString","coordinates":[[103.924751,1.329475],[103.924771,1.329498]]},"properties":{"way":591623103,"highway":"footway","area":"bedok","osm_tagged":false}},{"type":"Feature","geometry":{"type":"LineString","coordinates":[[103.924771,1.329498],[103.924791,1.329518]]},"properties":{"way":591623103,"highway":"footway","area":"bedok","osm_tagged":false}},{"type":"Feature","geometry":{"type":"LineString","coordinates":[[103.924791,1.329518],[103.924814,1.329537]]},"properties":{"way":591623103,"highway":"footway","area":"bedok","osm_tagged":false}},{"type":"Feature","geometry":{"type":"LineString","coordinates":[[103.924814,1.329537],[103.924837,1.329553]]},"properties":{"way":591623103,"highway":"footway","area":"bedok","osm_tagged":false}},{"type":"Feature","geometry":{"type":"LineString","coordinates":[[103.924837,1.329553],[103.924856,1.329565]]},"properties":{"way":591623103,"highway":"footway","area":"bedok","osm_tagged":false}},{"type":"Feature","geometry":{"type":"LineString","coordinates":[[103.924627,1.32943],[103.924563,1.329467]]},"properties":{"way":591624230,"highway":"footway","area":"bedok","osm_tagged":false}},{"type":"Feature","geometry":{"type":"LineString","coordinates":[[103.928663,1.324653],[103.929819,1.324936]]},"properties":{"way":594378135,"highway":"service","area":"bedok","osm_tagged":true}},{"type":"Feature","geometry":{"type":"LineString","coordinates":[[103.92549,1.334268],[103.92561,1.334301]]},"properties":{"way":601613031,"highway":"footway","area":"bedok","osm_tagged":true}},{"type":"Feature","geometry":{"type":"LineString","coordinates":[[103.92561,1.334301],[103.925729,1.334333]]},"properties":{"way":601613031,"highway":"footway","area":"bedok","osm_tagged":true}},{"type":"Feature","geometry":{"type":"LineString","coordinates":[[103.924913,1.33366],[103.924959,1.333673]]},"properties":{"way":601707276,"highway":"footway","area":"bedok","osm_tagged":true}},{"type":"Feature","geometry":{"type":"LineString","coordinates":[[103.923285,1.333587],[103.923348,1.333608]]},"properties":{"way":601722251,"highway":"footway","area":"bedok","osm_tagged":true}},{"type":"Feature","geometry":{"type":"LineString","coordinates":[[103.930143,1.33497],[103.930137,1.335002]]},"properties":{"way":603184607,"highway":"footway","area":"bedok","osm_tagged":true}},{"type":"Feature","geometry":{"type":"LineString","coordinates":[[103.929254,1.326528],[103.92925,1.326604]]},"properties":{"way":604863861,"highway":"footway","area":"bedok","osm_tagged":false}},{"type":"Feature","geometry":{"type":"LineString","coordinates":[[103.92925,1.326604],[103.929249,1.326633]]},"properties":{"way":604863861,"highway":"footway","area":"bedok","osm_tagged":false}},{"type":"Feature","geometry":{"type":"LineString","coordinates":[[103.924699,1.330096],[103.9248,1.330029]]},"properties":{"way":611231584,"highway":"footway","area":"bedok","osm_tagged":true}},{"type":"Feature","geometry":{"type":"LineString","coordinates":[[103.9248,1.330029],[103.92482,1.330015]]},"properties":{"way":611231584,"highway":"footway","area":"bedok","osm_tagged":true}},{"type":"Feature","geometry":{"type":"LineString","coordinates":[[103.929031,1.334151],[103.92903,1.333759]]},"properties":{"way":611710371,"highway":"footway","area":"bedok","osm_tagged":true}},{"type":"Feature","geometry":{"type":"LineString","coordinates":[[103.933747,1.333217],[103.93364,1.33381]]},"properties":{"way":618122389,"highway":"service","area":"bedok","osm_tagged":false}},{"type":"Feature","geometry":{"type":"LineString","coordinates":[[103.928578,1.324979],[103.928549,1.325116]]},"properties":{"way":620258587,"highway":"service","area":"bedok","osm_tagged":true}},{"type":"Feature","geometry":{"type":"LineString","coordinates":[[103.929651,1.32548],[103.929734,1.325277]]},"properties":{"way":620258591,"highway":"service","area":"bedok","osm_tagged":true}},{"type":"Feature","geometry":{"type":"LineString","coordinates":[[103.933754,1.334664],[103.933842,1.334183]]},"properties":{"way":633601752,"highway":"secondary","area":"bedok","osm_tagged":false}},{"type":"Feature","geometry":{"type":"LineString","coordinates":[[103.928058,1.325346],[103.928341,1.325322]]},"properties":{"way":635479062,"highway":"residential","area":"bedok","osm_tagged":false}},{"type":"Feature","geometry":{"type":"LineString","coordinates":[[103.928341,1.325322],[103.928412,1.325319]]},"properties":{"way":635479062,"highway":"residential","area":"bedok","osm_tagged":false}},{"type":"Feature","geometry":{"type":"LineString","coordinates":[[103.928412,1.325319],[103.928499,1.325323]]},"properties":{"way":635479062,"highway":"residential","area":"bedok","osm_tagged":false}},{"type":"Feature","geometry":{"type":"LineString","coordinates":[[103.928417,1.325237],[103.928335,1.32524]]},"properties":{"way":635480149,"highway":"residential","area":"bedok","osm_tagged":false}},{"type":"Feature","geometry":{"type":"LineString","coordinates":[[103.929694,1.326622],[103.929708,1.326591]]},"properties":{"way":635484533,"highway":"residential","area":"bedok","osm_tagged":false}},{"type":"Feature","geometry":{"type":"LineString","coordinates":[[103.927442,1.323117],[103.927487,1.322818]]},"properties":{"way":638114978,"highway":"secondary","area":"bedok","osm_tagged":false}},{"type":"Feature","geometry":{"type":"LineString","coordinates":[[103.927487,1.322818],[103.92752,1.322653]]},"properties":{"way":649812723,"highway":"secondary","area":"bedok","osm_tagged":false}},{"type":"Feature","geometry":{"type":"LineString","coordinates":[[103.92752,1.322653],[103.927641,1.322022]]},"properties":{"way":649812723,"highway":"secondary","area":"bedok","osm_tagged":false}},{"type":"Feature","geometry":{"type":"LineString","coordinates":[[103.923595,1.331235],[103.923548,1.331484]]},"properties":{"way":651187918,"highway":"residential","area":"bedok","osm_tagged":false}},{"type":"Feature","geometry":{"type":"LineString","coordinates":[[103.923548,1.331484],[103.923535,1.331553]]},"properties":{"way":651187918,"highway":"residential","area":"bedok","osm_tagged":false}},{"type":"Feature","geometry":{"type":"LineString","coordinates":[[103.923881,1.323633],[103.923835,1.323619]]},"properties":{"way":655155260,"highway":"service","area":"bedok","osm_tagged":true}},{"type":"Feature","geometry":{"type":"LineString","coordinates":[[103.924661,1.318967],[103.92402,1.319017]]},"properties":{"way":655587850,"highway":"tertiary","area":"bedok","osm_tagged":false}},{"type":"Feature","geometry":{"type":"LineString","coordinates":[[103.940042,1.327535],[103.940031,1.327595]]},"properties":{"way":655595040,"highway":"primary","area":"bedok","osm_tagged":false}},{"type":"Feature","geometry":{"type":"LineString","coordinates":[[103.924712,1.329217],[103.924576,1.329218]]},"properties":{"way":655696705,"highway":"primary","area":"bedok","osm_tagged":false}},{"type":"Feature","geometry":{"type":"LineString","coordinates":[[103.931317,1.323999],[103.930972,1.323953]]},"properties":{"way":656747369,"highway":"primary","area":"bedok","osm_tagged":false}},{"type":"Feature","geometry":{"type":"LineString","coordinates":[[103.931539,1.324026],[103.931317,1.323999]]},"properties":{"way":661314803,"highway":"primary","area":"bedok","osm_tagged":false}},{"type":"Feature","geometry":{"type":"LineString","coordinates":[[103.924636,1.329144],[103.924636,1.329159]]},"properties":{"way":664214583,"highway":"footway","area":"bedok","osm_tagged":true}},{"type":"Feature","geometry":{"type":"LineString","coordinates":[[103.924636,1.329159],[103.924534,1.329152]]},"properties":{"way":664214583,"highway":"footway","area":"bedok","osm_tagged":true}},{"type":"Feature","geometry":{"type":"LineString","coordinates":[[103.937768,1.335235],[103.937753,1.334782]]},"properties":{"way":676945066,"highway":"footway","area":"bedok","osm_tagged":true}},{"type":"Feature","geometry":{"type":"LineString","coordinates":[[103.937753,1.334782],[103.93764,1.334785]]},"properties":{"way":676945068,"highway":"steps","area":"bedok","osm_tagged":true}},{"type":"Feature","geometry":{"type":"LineString","coordinates":[[103.938819,1.327208],[103.938848,1.327222]]},"properties":{"way":677411859,"highway":"footway","area":"bedok","osm_tagged":false}},{"type":"Feature","geometry":{"type":"LineString","coordinates":[[103.938848,1.327222],[103.938876,1.327234]]},"properties":{"way":677411859,"highway":"footway","area":"bedok","osm_tagged":false}},{"type":"Feature","geometry":{"type":"LineString","coordinates":[[103.938876,1.327234],[103.938904,1.327245]]},"properties":{"way":677411859,"highway":"footway","area":"bedok","osm_tagged":false}},{"type":"Feature","geometry":{"type":"LineString","coordinates":[[103.938904,1.327245],[103.938934,1.327255]]},"properties":{"way":677411859,"highway":"footway","area":"bedok","osm_tagged":false}},{"type":"Feature","geometry":{"type":"LineString","coordinates":[[103.938934,1.327255],[103.938963,1.327263]]},"properties":{"way":677411859,"highway":"footway","area":"bedok","osm_tagged":false}},{"type":"Feature","geometry":{"type":"LineString","coordinates":[[103.938963,1.327263],[103.938992,1.327271]]},"properties":{"way":677411859,"highway":"footway","area":"bedok","osm_tagged":false}},{"type":"Feature","geometry":{"type":"LineString","coordinates":[[103.938992,1.327271],[103.939023,1.327278]]},"properties":{"way":677411859,"highway":"footway","area":"bedok","osm_tagged":false}},{"type":"Feature","geometry":{"type":"LineString","coordinates":[[103.939023,1.327278],[103.939053,1.327284]]},"properties":{"way":677411859,"highway":"footway","area":"bedok","osm_tagged":false}},{"type":"Feature","geometry":{"type":"LineString","coordinates":[[103.939053,1.327284],[103.939084,1.327288]]},"properties":{"way":677411859,"highway":"footway","area":"bedok","osm_tagged":false}},{"type":"Feature","geometry":{"type":"LineString","coordinates":[[103.939084,1.327288],[103.939118,1.327292]]},"properties":{"way":677411859,"highway":"footway","area":"bedok","osm_tagged":false}},{"type":"Feature","geometry":{"type":"LineString","coordinates":[[103.939118,1.327292],[103.93915,1.327295]]},"properties":{"way":677411859,"highway":"footway","area":"bedok","osm_tagged":false}},{"type":"Feature","geometry":{"type":"LineString","coordinates":[[103.93915,1.327295],[103.939183,1.327297]]},"properties":{"way":677411859,"highway":"footway","area":"bedok","osm_tagged":false}},{"type":"Feature","geometry":{"type":"LineString","coordinates":[[103.939183,1.327297],[103.939214,1.327297]]},"properties":{"way":677411859,"highway":"footway","area":"bedok","osm_tagged":false}},{"type":"Feature","geometry":{"type":"LineString","coordinates":[[103.939214,1.327297],[103.939246,1.327296]]},"properties":{"way":677411859,"highway":"footway","area":"bedok","osm_tagged":false}},{"type":"Feature","geometry":{"type":"LineString","coordinates":[[103.926377,1.331594],[103.926415,1.331403]]},"properties":{"way":677553435,"highway":"footway","area":"bedok","osm_tagged":true}},{"type":"Feature","geometry":{"type":"LineString","coordinates":[[103.926415,1.331403],[103.926451,1.331215]]},"properties":{"way":677553435,"highway":"footway","area":"bedok","osm_tagged":true}},{"type":"Feature","geometry":{"type":"LineString","coordinates":[[103.929619,1.325014],[103.929646,1.324869]]},"properties":{"way":710775077,"highway":"service","area":"bedok","osm_tagged":true}},{"type":"Feature","geometry":{"type":"LineString","coordinates":[[103.929646,1.324869],[103.929097,1.324772]]},"properties":{"way":710775077,"highway":"service","area":"bedok","osm_tagged":true}},{"type":"Feature","geometry":{"type":"LineString","coordinates":[[103.929097,1.324772],[103.92885,1.324727]]},"properties":{"way":710775077,"highway":"service","area":"bedok","osm_tagged":true}},{"type":"Feature","geometry":{"type":"LineString","coordinates":[[103.92885,1.324727],[103.928788,1.324712]]},"properties":{"way":710775077,"highway":"service","area":"bedok","osm_tagged":true}},{"type":"Feature","geometry":{"type":"LineString","coordinates":[[103.933948,1.321279],[103.933865,1.321717]]},"properties":{"way":718302219,"highway":"service","area":"bedok","osm_tagged":true}},{"type":"Feature","geometry":{"type":"LineString","coordinates":[[103.933865,1.321717],[103.933781,1.32216]]},"properties":{"way":718302219,"highway":"service","area":"bedok","osm_tagged":true}},{"type":"Feature","geometry":{"type":"LineString","coordinates":[[103.933949,1.322193],[103.934125,1.321314]]},"properties":{"way":718302220,"highway":"service","area":"bedok","osm_tagged":true}},{"type":"Feature","geometry":{"type":"LineString","coordinates":[[103.938628,1.331352],[103.938605,1.331316]]},"properties":{"way":728271781,"highway":"steps","area":"bedok","osm_tagged":true}},{"type":"Feature","geometry":{"type":"LineString","coordinates":[[103.938605,1.331316],[103.938635,1.331297]]},"properties":{"way":728271781,"highway":"steps","area":"bedok","osm_tagged":true}},{"type":"Feature","geometry":{"type":"LineString","coordinates":[[103.933842,1.334183],[103.933919,1.333761]]},"properties":{"way":744275833,"highway":"secondary","area":"bedok","osm_tagged":false}},{"type":"Feature","geometry":{"type":"LineString","coordinates":[[103.940031,1.327595],[103.939944,1.327578]]},"properties":{"way":753827847,"highway":"residential","area":"bedok","osm_tagged":false}},{"type":"Feature","geometry":{"type":"LineString","coordinates":[[103.939944,1.327578],[103.93965,1.32752]]},"properties":{"way":753827847,"highway":"residential","area":"bedok","osm_tagged":false}},{"type":"Feature","geometry":{"type":"LineString","coordinates":[[103.93965,1.32752],[103.939488,1.327487]]},"properties":{"way":753827847,"highway":"residential","area":"bedok","osm_tagged":false}},{"type":"Feature","geometry":{"type":"LineString","coordinates":[[103.939488,1.327487],[103.938998,1.32739]]},"properties":{"way":753827855,"highway":"residential","area":"bedok","osm_tagged":false}},{"type":"Feature","geometry":{"type":"LineString","coordinates":[[103.934661,1.329904],[103.934786,1.329293]]},"properties":{"way":753833891,"highway":"secondary","area":"bedok","osm_tagged":false}},{"type":"Feature","geometry":{"type":"LineString","coordinates":[[103.938998,1.32739],[103.938567,1.327304]]},"properties":{"way":753833901,"highway":"residential","area":"bedok","osm_tagged":false}},{"type":"Feature","geometry":{"type":"LineString","coordinates":[[103.943085,1.325911],[103.942593,1.325756]]},"properties":{"way":768471957,"highway":"primary","area":"bedok","osm_tagged":false}},{"type":"Feature","geometry":{"type":"LineString","coordinates":[[103.92638,1.325321],[103.926221,1.325353]]},"properties":{"way":770996699,"highway":"footway","area":"bedok","osm_tagged":true}},{"type":"Feature","geometry":{"type":"LineString","coordinates":[[103.926221,1.325353],[103.926119,1.325373]]},"properties":{"way":770996699,"highway":"footway","area":"bedok","osm_tagged":true}},{"type":"Feature","geometry":{"type":"LineString","coordinates":[[103.926119,1.325373],[103.9257,1.325457]]},"properties":{"way":770996699,"highway":"footway","area":"bedok","osm_tagged":true}},{"type":"Feature","geometry":{"type":"LineString","coordinates":[[103.9257,1.325457],[103.925578,1.325481]]},"properties":{"way":770996699,"highway":"footway","area":"bedok","osm_tagged":true}},{"type":"Feature","geometry":{"type":"LineString","coordinates":[[103.926125,1.325403],[103.926119,1.325373]]},"properties":{"way":770996700,"highway":"footway","area":"bedok","osm_tagged":true}},{"type":"Feature","geometry":{"type":"LineString","coordinates":[[103.923467,1.328604],[103.923548,1.32865]]},"properties":{"way":770996716,"highway":"service","area":"bedok","osm_tagged":true}},{"type":"Feature","geometry":{"type":"LineString","coordinates":[[103.9345,1.33262],[103.934264,1.332574]]},"properties":{"way":783780788,"highway":"service","area":"bedok","osm_tagged":false}},{"type":"Feature","geometry":{"type":"LineString","coordinates":[[103.934264,1.332574],[103.934217,1.332565]]},"properties":{"way":783780788,"highway":"service","area":"bedok","osm_tagged":false}},{"type":"Feature","geometry":{"type":"LineString","coordinates":[[103.923441,1.330758],[103.923464,1.330762]]},"properties":{"way":791094429,"highway":"footway","area":"bedok","osm_tagged":true}},{"type":"Feature","geometry":{"type":"LineString","coordinates":[[103.923464,1.330762],[103.923652,1.33063]]},"properties":{"way":791094429,"highway":"footway","area":"bedok","osm_tagged":true}},{"type":"Feature","geometry":{"type":"LineString","coordinates":[[103.923652,1.33063],[103.923852,1.330489]]},"properties":{"way":791094429,"highway":"footway","area":"bedok","osm_tagged":true}},{"type":"Feature","geometry":{"type":"LineString","coordinates":[[103.923852,1.330489],[103.923892,1.330497]]},"properties":{"way":791094429,"highway":"footway","area":"bedok","osm_tagged":true}},{"type":"Feature","geometry":{"type":"LineString","coordinates":[[103.92346,1.333648],[103.92352,1.333668]]},"properties":{"way":792442548,"highway":"footway","area":"bedok","osm_tagged":true}},{"type":"Feature","geometry":{"type":"LineString","coordinates":[[103.923008,1.33279],[103.922966,1.33293]]},"properties":{"way":792442551,"highway":"footway","area":"bedok","osm_tagged":true}},{"type":"Feature","geometry":{"type":"LineString","coordinates":[[103.923047,1.33252],[103.923014,1.332511]]},"properties":{"way":792442552,"highway":"footway","area":"bedok","osm_tagged":true}},{"type":"Feature","geometry":{"type":"LineString","coordinates":[[103.923014,1.332511],[103.922944,1.332747]]},"properties":{"way":792442552,"highway":"footway","area":"bedok","osm_tagged":true}},{"type":"Feature","geometry":{"type":"LineString","coordinates":[[103.922944,1.332747],[103.923004,1.332763]]},"properties":{"way":792442552,"highway":"footway","area":"bedok","osm_tagged":true}},{"type":"Feature","geometry":{"type":"LineString","coordinates":[[103.925087,1.33367],[103.92512,1.333679]]},"properties":{"way":792761526,"highway":"footway","area":"bedok","osm_tagged":true}},{"type":"Feature","geometry":{"type":"LineString","coordinates":[[103.92465,1.329496],[103.924652,1.329397]]},"properties":{"way":793719698,"highway":"footway","area":"bedok","osm_tagged":true}},{"type":"Feature","geometry":{"type":"LineString","coordinates":[[103.924652,1.329397],[103.924671,1.329397]]},"properties":{"way":793719698,"highway":"footway","area":"bedok","osm_tagged":true}},{"type":"Feature","geometry":{"type":"LineString","coordinates":[[103.924677,1.329153],[103.924703,1.329153]]},"properties":{"way":793719699,"highway":"footway","area":"bedok","osm_tagged":true}},{"type":"Feature","geometry":{"type":"LineString","coordinates":[[103.924703,1.329153],[103.924703,1.329117]]},"properties":{"way":793719699,"highway":"footway","area":"bedok","osm_tagged":true}},{"type":"Feature","geometry":{"type":"LineString","coordinates":[[103.924574,1.329687],[103.924611,1.329505]]},"properties":{"way":793719700,"highway":"footway","area":"bedok","osm_tagged":false}},{"type":"Feature","geometry":{"type":"LineString","coordinates":[[103.924703,1.329117],[103.924705,1.32898]]},"properties":{"way":793719701,"highway":"footway","area":"bedok","osm_tagged":true}},{"type":"Feature","geometry":{"type":"LineString","coordinates":[[103.924705,1.32898],[103.924679,1.32898]]},"properties":{"way":793719701,"highway":"footway","area":"bedok","osm_tagged":true}},{"type":"Feature","geometry":{"type":"LineString","coordinates":[[103.924636,1.329159],[103.924703,1.32916]]},"properties":{"way":793719702,"highway":"footway","area":"bedok","osm_tagged":true}},{"type":"Feature","geometry":{"type":"LineString","coordinates":[[103.924703,1.32916],[103.924703,1.329153]]},"properties":{"way":793719702,"highway":"footway","area":"bedok","osm_tagged":true}},{"type":"Feature","geometry":{"type":"LineString","coordinates":[[103.924636,1.329088],[103.924636,1.329144]]},"properties":{"way":793719707,"highway":"steps","area":"bedok","osm_tagged":true}},{"type":"Feature","geometry":{"type":"LineString","coordinates":[[103.923464,1.330762],[103.923496,1.330599]]},"properties":{"way":794766413,"highway":"footway","area":"bedok","osm_tagged":true}},{"type":"Feature","geometry":{"type":"LineString","coordinates":[[103.923496,1.330599],[103.923524,1.330455]]},"properties":{"way":794766413,"highway":"footway","area":"bedok","osm_tagged":true}},{"type":"Feature","geometry":{"type":"LineString","coordinates":[[103.923652,1.33063],[103.923642,1.33072]]},"properties":{"way":794766414,"highway":"steps","area":"bedok","osm_tagged":true}},{"type":"Feature","geometry":{"type":"LineString","coordinates":[[103.923642,1.33072],[103.923728,1.330763]]},"properties":{"way":794766414,"highway":"steps","area":"bedok","osm_tagged":true}},{"type":"Feature","geometry":{"type":"LineString","coordinates":[[103.923652,1.33063],[103.923734,1.330671]]},"properties":{"way":794766422,"highway":"steps","area":"bedok","osm_tagged":true}},{"type":"Feature","geometry":{"type":"LineString","coordinates":[[103.923734,1.330671],[103.923728,1.330763]]},"properties":{"way":794766422,"highway":"steps","area":"bedok","osm_tagged":true}},{"type":"Feature","geometry":{"type":"LineString","coordinates":[[103.925736,1.330079],[103.925765,1.330085]]},"properties":{"way":795553680,"highway":"service","area":"bedok","osm_tagged":true}},{"type":"Feature","geometry":{"type":"LineString","coordinates":[[103.929249,1.326633],[103.929254,1.326719]]},"properties":{"way":796348094,"highway":"steps","area":"bedok","osm_tagged":false}},{"type":"Feature","geometry":{"type":"LineString","coordinates":[[103.926633,1.324539],[103.926669,1.324531]]},"properties":{"way":804861850,"highway":"footway","area":"bedok","osm_tagged":true}},{"type":"Feature","geometry":{"type":"LineString","coordinates":[[103.926415,1.32426],[103.926464,1.324478]]},"properties":{"way":804861851,"highway":"footway","area":"bedok","osm_tagged":true}},{"type":"Feature","geometry":{"type":"LineString","coordinates":[[103.926464,1.324478],[103.926555,1.324459]]},"properties":{"way":804861851,"highway":"footway","area":"bedok","osm_tagged":true}},{"type":"Feature","geometry":{"type":"LineString","coordinates":[[103.926555,1.324459],[103.926633,1.324539]]},"properties":{"way":804861851,"highway":"footway","area":"bedok","osm_tagged":true}},{"type":"Feature","geometry":{"type":"LineString","coordinates":[[103.926633,1.324539],[103.926662,1.32468]]},"properties":{"way":804861851,"highway":"footway","area":"bedok","osm_tagged":true}},{"type":"Feature","geometry":{"type":"LineString","coordinates":[[103.927007,1.332795],[103.927043,1.332802]]},"properties":{"way":814964097,"highway":"footway","area":"bedok","osm_tagged":true}},{"type":"Feature","geometry":{"type":"LineString","coordinates":[[103.927043,1.332802],[103.927079,1.332625]]},"properties":{"way":814964097,"highway":"footway","area":"bedok","osm_tagged":true}},{"type":"Feature","geometry":{"type":"LineString","coordinates":[[103.927079,1.332625],[103.927037,1.332616]]},"properties":{"way":814964097,"highway":"footway","area":"bedok","osm_tagged":true}},{"type":"Feature","geometry":{"type":"LineString","coordinates":[[103.927037,1.332616],[103.927048,1.332558]]},"properties":{"way":814964097,"highway":"footway","area":"bedok","osm_tagged":true}},{"type":"Feature","geometry":{"type":"LineString","coordinates":[[103.938097,1.328905],[103.938089,1.328904]]},"properties":{"way":823323756,"highway":"corridor","area":"bedok","osm_tagged":true}},{"type":"Feature","geometry":{"type":"LineString","coordinates":[[103.938089,1.328904],[103.937885,1.328613]]},"properties":{"way":823323756,"highway":"corridor","area":"bedok","osm_tagged":true}},{"type":"Feature","geometry":{"type":"LineString","coordinates":[[103.937885,1.328613],[103.937471,1.328519]]},"properties":{"way":823323756,"highway":"corridor","area":"bedok","osm_tagged":true}},{"type":"Feature","geometry":{"type":"LineString","coordinates":[[103.92481,1.328886],[103.924705,1.32898]]},"properties":{"way":836048051,"highway":"footway","area":"bedok","osm_tagged":false}},{"type":"Feature","geometry":{"type":"LineString","coordinates":[[103.924847,1.331939],[103.92491,1.331897]]},"properties":{"way":880900501,"highway":"steps","area":"bedok","osm_tagged":true}},{"type":"Feature","geometry":{"type":"LineString","coordinates":[[103.930571,1.325829],[103.930585,1.325794]]},"properties":{"way":885379822,"highway":"footway","area":"bedok","osm_tagged":true}},{"type":"Feature","geometry":{"type":"LineString","coordinates":[[103.930585,1.325794],[103.930605,1.325701]]},"properties":{"way":885379822,"highway":"footway","area":"bedok","osm_tagged":true}},{"type":"Feature","geometry":{"type":"LineString","coordinates":[[103.930605,1.325701],[103.930643,1.325534]]},"properties":{"way":885379822,"highway":"footway","area":"bedok","osm_tagged":true}},{"type":"Feature","geometry":{"type":"LineString","coordinates":[[103.930643,1.325534],[103.930675,1.325393]]},"properties":{"way":885379822,"highway":"footway","area":"bedok","osm_tagged":true}},{"type":"Feature","geometry":{"type":"LineString","coordinates":[[103.930675,1.325393],[103.930606,1.325382]]},"properties":{"way":885379822,"highway":"footway","area":"bedok","osm_tagged":true}},{"type":"Feature","geometry":{"type":"LineString","coordinates":[[103.930816,1.324585],[103.930897,1.324596]]},"properties":{"way":885383943,"highway":"footway","area":"bedok","osm_tagged":true}},{"type":"Feature","geometry":{"type":"LineString","coordinates":[[103.930897,1.324596],[103.930948,1.324604]]},"properties":{"way":885383943,"highway":"footway","area":"bedok","osm_tagged":true}},{"type":"Feature","geometry":{"type":"LineString","coordinates":[[103.930948,1.324604],[103.93099,1.32439]]},"properties":{"way":885383944,"highway":"footway","area":"bedok","osm_tagged":true}},{"type":"Feature","geometry":{"type":"LineString","coordinates":[[103.927588,1.323254],[103.927543,1.323206]]},"properties":{"way":885404052,"highway":"footway","area":"bedok","osm_tagged":true}},{"type":"Feature","geometry":{"type":"LineString","coordinates":[[103.927543,1.323206],[103.927505,1.323129]]},"properties":{"way":885404052,"highway":"footway","area":"bedok","osm_tagged":true}},{"type":"Feature","geometry":{"type":"LineString","coordinates":[[103.927505,1.323129],[103.927486,1.32305]]},"properties":{"way":885404052,"highway":"footway","area":"bedok","osm_tagged":true}},{"type":"Feature","geometry":{"type":"LineString","coordinates":[[103.927486,1.32305],[103.92752,1.322824]]},"properties":{"way":885404052,"highway":"footway","area":"bedok","osm_tagged":true}},{"type":"Feature","geometry":{"type":"LineString","coordinates":[[103.92752,1.322824],[103.927674,1.322028]]},"properties":{"way":885404052,"highway":"footway","area":"bedok","osm_tagged":true}},{"type":"Feature","geometry":{"type":"LineString","coordinates":[[103.927674,1.322028],[103.927774,1.321512]]},"properties":{"way":885404052,"highway":"footway","area":"bedok","osm_tagged":true}},{"type":"Feature","geometry":{"type":"LineString","coordinates":[[103.927774,1.321512],[103.927803,1.321355]]},"properties":{"way":885404052,"highway":"footway","area":"bedok","osm_tagged":true}},{"type":"Feature","geometry":{"type":"LineString","coordinates":[[103.933494,1.324183],[103.933454,1.324176]]},"properties":{"way":885486070,"highway":"footway","area":"bedok","osm_tagged":true}},{"type":"Feature","geometry":{"type":"LineString","coordinates":[[103.933454,1.324176],[103.932496,1.324034]]},"properties":{"way":885486070,"highway":"footway","area":"bedok","osm_tagged":true}},{"type":"Feature","geometry":{"type":"LineString","coordinates":[[103.932496,1.324034],[103.932421,1.324022]]},"properties":{"way":885486070,"highway":"footway","area":"bedok","osm_tagged":true}},{"type":"Feature","geometry":{"type":"LineString","coordinates":[[103.929676,1.326774],[103.929711,1.326701]]},"properties":{"way":885488235,"highway":"footway","area":"bedok","osm_tagged":false}},{"type":"Feature","geometry":{"type":"LineString","coordinates":[[103.929737,1.326645],[103.92975,1.326613]]},"properties":{"way":885488235,"highway":"footway","area":"bedok","osm_tagged":false}},{"type":"Feature","geometry":{"type":"LineString","coordinates":[[103.929676,1.326774],[103.929454,1.326686]]},"properties":{"way":885494438,"highway":"footway","area":"bedok","osm_tagged":true}},{"type":"Feature","geometry":{"type":"LineString","coordinates":[[103.929454,1.326686],[103.929359,1.326648]]},"properties":{"way":885494438,"highway":"footway","area":"bedok","osm_tagged":true}},{"type":"Feature","geometry":{"type":"LineString","coordinates":[[103.929359,1.326648],[103.92925,1.326604]]},"properties":{"way":885494438,"highway":"footway","area":"bedok","osm_tagged":true}},{"type":"Feature","geometry":{"type":"LineString","coordinates":[[103.92925,1.326604],[103.929024,1.326553]]},"properties":{"way":885494438,"highway":"footway","area":"bedok","osm_tagged":true}},{"type":"Feature","geometry":{"type":"LineString","coordinates":[[103.929024,1.326553],[103.928825,1.326528]]},"properties":{"way":885494438,"highway":"footway","area":"bedok","osm_tagged":true}},{"type":"Feature","geometry":{"type":"LineString","coordinates":[[103.928825,1.326528],[103.928706,1.326522]]},"properties":{"way":885494438,"highway":"footway","area":"bedok","osm_tagged":true}},{"type":"Feature","geometry":{"type":"LineString","coordinates":[[103.929483,1.326609],[103.929454,1.326686]]},"properties":{"way":885737917,"highway":"footway","area":"bedok","osm_tagged":false}},{"type":"Feature","geometry":{"type":"LineString","coordinates":[[103.927393,1.325427],[103.927434,1.325429]]},"properties":{"way":885738340,"highway":"footway","area":"bedok","osm_tagged":false}},{"type":"Feature","geometry":{"type":"LineString","coordinates":[[103.927434,1.325429],[103.927493,1.325438]]},"properties":{"way":885738340,"highway":"footway","area":"bedok","osm_tagged":false}},{"type":"Feature","geometry":{"type":"LineString","coordinates":[[103.927493,1.325438],[103.927597,1.325446]]},"properties":{"way":885738340,"highway":"footway","area":"bedok","osm_tagged":false}},{"type":"Feature","geometry":{"type":"LineString","coordinates":[[103.927597,1.325446],[103.927812,1.325417]]},"properties":{"way":885738340,"highway":"footway","area":"bedok","osm_tagged":false}},{"type":"Feature","geometry":{"type":"LineString","coordinates":[[103.927812,1.325417],[103.927951,1.325401]]},"properties":{"way":885738340,"highway":"footway","area":"bedok","osm_tagged":false}},{"type":"Feature","geometry":{"type":"LineString","coordinates":[[103.927951,1.325401],[103.928144,1.325385]]},"properties":{"way":885738340,"highway":"footway","area":"bedok","osm_tagged":false}},{"type":"Feature","geometry":{"type":"LineString","coordinates":[[103.928144,1.325385],[103.928317,1.325366]]},"properties":{"way":885738340,"highway":"footway","area":"bedok","osm_tagged":false}},{"type":"Feature","geometry":{"type":"LineString","coordinates":[[103.928317,1.325366],[103.928477,1.325364]]},"properties":{"way":885738340,"highway":"footway","area":"bedok","osm_tagged":false}},{"type":"Feature","geometry":{"type":"LineString","coordinates":[[103.934689,1.324721],[103.934688,1.32474]]},"properties":{"way":885800588,"highway":"footway","area":"bedok","osm_tagged":true}},{"type":"Feature","geometry":{"type":"LineString","coordinates":[[103.934688,1.32474],[103.934668,1.324909]]},"properties":{"way":885800588,"highway":"footway","area":"bedok","osm_tagged":true}},{"type":"Feature","geometry":{"type":"LineString","coordinates":[[103.934528,1.329743],[103.934488,1.329717]]},"properties":{"way":885839717,"highway":"steps","area":"bedok","osm_tagged":true}},{"type":"Feature","geometry":{"type":"LineString","coordinates":[[103.934488,1.329717],[103.934495,1.3297]]},"properties":{"way":885839717,"highway":"steps","area":"bedok","osm_tagged":true}},{"type":"Feature","geometry":{"type":"LineString","coordinates":[[103.934495,1.3297],[103.934517,1.329703]]},"properties":{"way":885839717,"highway":"steps","area":"bedok","osm_tagged":true}},{"type":"Feature","geometry":{"type":"LineString","coordinates":[[103.939987,1.327462],[103.93998,1.32748]]},"properties":{"way":885935337,"highway":"footway","area":"bedok","osm_tagged":false}},{"type":"Feature","geometry":{"type":"LineString","coordinates":[[103.93998,1.32748],[103.939965,1.327498]]},"properties":{"way":885935337,"highway":"footway","area":"bedok","osm_tagged":false}},{"type":"Feature","geometry":{"type":"LineString","coordinates":[[103.939965,1.327498],[103.939947,1.327508]]},"properties":{"way":885935337,"highway":"footway","area":"bedok","osm_tagged":false}},{"type":"Feature","geometry":{"type":"LineString","coordinates":[[103.939947,1.327508],[103.939937,1.327514]]},"properties":{"way":885935337,"highway":"footway","area":"bedok","osm_tagged":false}},{"type":"Feature","geometry":{"type":"LineString","coordinates":[[103.939937,1.327514],[103.939915,1.32752]]},"properties":{"way":885935337,"highway":"footway","area":"bedok","osm_tagged":false}},{"type":"Feature","geometry":{"type":"LineString","coordinates":[[103.939915,1.32752],[103.939888,1.32752]]},"properties":{"way":885935337,"highway":"footway","area":"bedok","osm_tagged":false}},{"type":"Feature","geometry":{"type":"LineString","coordinates":[[103.939888,1.32752],[103.939328,1.327396]]},"properties":{"way":885935337,"highway":"footway","area":"bedok","osm_tagged":false}},{"type":"Feature","geometry":{"type":"LineString","coordinates":[[103.939328,1.327396],[103.938519,1.327243]]},"properties":{"way":885935337,"highway":"footway","area":"bedok","osm_tagged":false}},{"type":"Feature","geometry":{"type":"LineString","coordinates":[[103.925341,1.324817],[103.925294,1.324611]]},"properties":{"way":886068615,"highway":"footway","area":"bedok","osm_tagged":true}},{"type":"Feature","geometry":{"type":"LineString","coordinates":[[103.925404,1.324994],[103.925366,1.324931]]},"properties":{"way":886068616,"highway":"footway","area":"bedok","osm_tagged":true}},{"type":"Feature","geometry":{"type":"LineString","coordinates":[[103.925366,1.324931],[103.925352,1.324866]]},"properties":{"way":886068617,"highway":"footway","area":"bedok","osm_tagged":true}},{"type":"Feature","geometry":{"type":"LineString","coordinates":[[103.925352,1.324866],[103.925341,1.324817]]},"properties":{"way":886068617,"highway":"footway","area":"bedok","osm_tagged":true}},{"type":"Feature","geometry":{"type":"LineString","coordinates":[[103.925589,1.324955],[103.925785,1.324911]]},"properties":{"way":886070586,"highway":"footway","area":"bedok","osm_tagged":true}},{"type":"Feature","geometry":{"type":"LineString","coordinates":[[103.925884,1.324234],[103.925859,1.32411]]},"properties":{"way":886070587,"highway":"footway","area":"bedok","osm_tagged":true}},{"type":"Feature","geometry":{"type":"LineString","coordinates":[[103.925722,1.324628],[103.925693,1.324471]]},"properties":{"way":886070588,"highway":"footway","area":"bedok","osm_tagged":true}},{"type":"Feature","geometry":{"type":"LineString","coordinates":[[103.925693,1.324471],[103.925698,1.324421]]},"properties":{"way":886070588,"highway":"footway","area":"bedok","osm_tagged":true}},{"type":"Feature","geometry":{"type":"LineString","coordinates":[[103.925698,1.324421],[103.925709,1.324377]]},"properties":{"way":886070588,"highway":"footway","area":"bedok","osm_tagged":true}},{"type":"Feature","geometry":{"type":"LineString","coordinates":[[103.925709,1.324377],[103.925727,1.324334]]},"properties":{"way":886070588,"highway":"footway","area":"bedok","osm_tagged":true}},{"type":"Feature","geometry":{"type":"LineString","coordinates":[[103.925727,1.324334],[103.925754,1.324291]]},"properties":{"way":886070588,"highway":"footway","area":"bedok","osm_tagged":true}},{"type":"Feature","geometry":{"type":"LineString","coordinates":[[103.925754,1.324291],[103.925778,1.324275]]},"properties":{"way":886070588,"highway":"footway","area":"bedok","osm_tagged":true}},{"type":"Feature","geometry":{"type":"LineString","coordinates":[[103.925778,1.324275],[103.925823,1.324252]]},"properties":{"way":886070588,"highway":"footway","area":"bedok","osm_tagged":true}},{"type":"Feature","geometry":{"type":"LineString","coordinates":[[103.925823,1.324252],[103.925884,1.324234]]},"properties":{"way":886070588,"highway":"footway","area":"bedok","osm_tagged":true}},{"type":"Feature","geometry":{"type":"LineString","coordinates":[[103.925884,1.324234],[103.925914,1.324231]]},"properties":{"way":886070588,"highway":"footway","area":"bedok","osm_tagged":true}},{"type":"Feature","geometry":{"type":"LineString","coordinates":[[103.925914,1.324231],[103.925955,1.324231]]},"properties":{"way":886070588,"highway":"footway","area":"bedok","osm_tagged":true}},{"type":"Feature","geometry":{"type":"LineString","coordinates":[[103.925955,1.324231],[103.92602,1.324242]]},"properties":{"way":886070588,"highway":"footway","area":"bedok","osm_tagged":true}},{"type":"Feature","geometry":{"type":"LineString","coordinates":[[103.92602,1.324242],[103.926067,1.324262]]},"properties":{"way":886070588,"highway":"footway","area":"bedok","osm_tagged":true}},{"type":"Feature","geometry":{"type":"LineString","coordinates":[[103.926067,1.324262],[103.926096,1.324286]]},"properties":{"way":886070588,"highway":"footway","area":"bedok","osm_tagged":true}},{"type":"Feature","geometry":{"type":"LineString","coordinates":[[103.926096,1.324286],[103.926143,1.324318]]},"properties":{"way":886070588,"highway":"footway","area":"bedok","osm_tagged":true}},{"type":"Feature","geometry":{"type":"LineString","coordinates":[[103.925534,1.324671],[103.925722,1.324628]]},"properties":{"way":886070589,"highway":"footway","area":"bedok","osm_tagged":true}},{"type":"Feature","geometry":{"type":"LineString","coordinates":[[103.925722,1.324628],[103.925782,1.324895]]},"properties":{"way":886070589,"highway":"footway","area":"bedok","osm_tagged":true}},{"type":"Feature","geometry":{"type":"LineString","coordinates":[[103.925782,1.324895],[103.925785,1.324911]]},"properties":{"way":886070589,"highway":"footway","area":"bedok","osm_tagged":true}},{"type":"Feature","geometry":{"type":"LineString","coordinates":[[103.925785,1.324911],[103.925812,1.325037]]},"properties":{"way":886070589,"highway":"footway","area":"bedok","osm_tagged":true}},{"type":"Feature","geometry":{"type":"LineString","coordinates":[[103.925812,1.325037],[103.925835,1.32508]]},"properties":{"way":886070589,"highway":"footway","area":"bedok","osm_tagged":true}},{"type":"Feature","geometry":{"type":"LineString","coordinates":[[103.925835,1.32508],[103.92588,1.325134]]},"properties":{"way":886070589,"highway":"footway","area":"bedok","osm_tagged":true}},{"type":"Feature","geometry":{"type":"LineString","coordinates":[[103.92588,1.325134],[103.925925,1.325171]]},"properties":{"way":886070589,"highway":"footway","area":"bedok","osm_tagged":true}},{"type":"Feature","geometry":{"type":"LineString","coordinates":[[103.925925,1.325171],[103.925998,1.325208]]},"properties":{"way":886070589,"highway":"footway","area":"bedok","osm_tagged":true}},{"type":"Feature","geometry":{"type":"LineString","coordinates":[[103.925998,1.325208],[103.926053,1.325228]]},"properties":{"way":886070589,"highway":"footway","area":"bedok","osm_tagged":true}},{"type":"Feature","geometry":{"type":"LineString","coordinates":[[103.926053,1.325228],[103.926118,1.325234]]},"properties":{"way":886070589,"highway":"footway","area":"bedok","osm_tagged":true}},{"type":"Feature","geometry":{"type":"LineString","coordinates":[[103.926118,1.325234],[103.926199,1.325235]]},"properties":{"way":886070589,"highway":"footway","area":"bedok","osm_tagged":true}},{"type":"Feature","geometry":{"type":"LineString","coordinates":[[103.926199,1.325235],[103.926312,1.325216]]},"properties":{"way":886070589,"highway":"footway","area":"bedok","osm_tagged":true}},{"type":"Feature","geometry":{"type":"LineString","coordinates":[[103.926312,1.325216],[103.926338,1.325213]]},"properties":{"way":886070589,"highway":"footway","area":"bedok","osm_tagged":true}},{"type":"Feature","geometry":{"type":"LineString","coordinates":[[103.926338,1.325213],[103.92635,1.325222]]},"properties":{"way":886070589,"highway":"footway","area":"bedok","osm_tagged":true}},{"type":"Feature","geometry":{"type":"LineString","coordinates":[[103.92635,1.325222],[103.92638,1.325321]]},"properties":{"way":886070589,"highway":"footway","area":"bedok","osm_tagged":true}},{"type":"Feature","geometry":{"type":"LineString","coordinates":[[103.926907,1.327781],[103.926928,1.327783]]},"properties":{"way":886107492,"highway":"footway","area":"bedok","osm_tagged":true}},{"type":"Feature","geometry":{"type":"LineString","coordinates":[[103.926885,1.327778],[103.926907,1.327781]]},"properties":{"way":886107493,"highway":"steps","area":"bedok","osm_tagged":true}},{"type":"Feature","geometry":{"type":"LineString","coordinates":[[103.926867,1.327776],[103.926885,1.327778]]},"properties":{"way":886107494,"highway":"steps","area":"bedok","osm_tagged":true}},{"type":"Feature","geometry":{"type":"LineString","coordinates":[[103.923412,1.330878],[103.923404,1.33086]]},"properties":{"way":886130055,"highway":"footway","area":"bedok","osm_tagged":true}},{"type":"Feature","geometry":{"type":"LineString","coordinates":[[103.923569,1.331192],[103.923412,1.330878]]},"properties":{"way":886130056,"highway":"steps","area":"bedok","osm_tagged":true}},{"type":"Feature","geometry":{"type":"LineString","coordinates":[[103.939947,1.327508],[103.939955,1.327518]]},"properties":{"way":886154329,"highway":"footway","area":"bedok","osm_tagged":false}},{"type":"Feature","geometry":{"type":"LineString","coordinates":[[103.939955,1.327518],[103.940042,1.327535]]},"properties":{"way":886154331,"highway":"footway","area":"bedok","osm_tagged":false}},{"type":"Feature","geometry":{"type":"LineString","coordinates":[[103.939933,1.32764],[103.939944,1.327578]]},"properties":{"way":886154332,"highway":"footway","area":"bedok","osm_tagged":false}},{"type":"Feature","geometry":{"type":"LineString","coordinates":[[103.939944,1.327578],[103.939955,1.327518]]},"properties":{"way":886154332,"highway":"footway","area":"bedok","osm_tagged":false}},{"type":"Feature","geometry":{"type":"LineString","coordinates":[[103.927953,1.33495],[103.928098,1.334991]]},"properties":{"way":886599329,"highway":"footway","area":"bedok","osm_tagged":true}},{"type":"Feature","geometry":{"type":"LineString","coordinates":[[103.928098,1.334991],[103.928106,1.334987]]},"properties":{"way":886599329,"highway":"footway","area":"bedok","osm_tagged":true}},{"type":"Feature","geometry":{"type":"LineString","coordinates":[[103.928106,1.334987],[103.928219,1.334932]]},"properties":{"way":886599329,"highway":"footway","area":"bedok","osm_tagged":true}},{"type":"Feature","geometry":{"type":"LineString","coordinates":[[103.928219,1.334932],[103.928286,1.334899]]},"properties":{"way":886599329,"highway":"footway","area":"bedok","osm_tagged":true}},{"type":"Feature","geometry":{"type":"LineString","coordinates":[[103.928286,1.334899],[103.928292,1.334872]]},"properties":{"way":886599329,"highway":"footway","area":"bedok","osm_tagged":true}},{"type":"Feature","geometry":{"type":"LineString","coordinates":[[103.931181,1.334441],[103.931263,1.334453]]},"properties":{"way":886599331,"highway":"footway","area":"bedok","osm_tagged":true}},{"type":"Feature","geometry":{"type":"LineString","coordinates":[[103.93133,1.334464],[103.931356,1.334468]]},"properties":{"way":886599332,"highway":"footway","area":"bedok","osm_tagged":true}},{"type":"Feature","geometry":{"type":"LineString","coordinates":[[103.931356,1.334468],[103.931387,1.334473]]},"properties":{"way":886599332,"highway":"footway","area":"bedok","osm_tagged":true}},{"type":"Feature","geometry":{"type":"LineString","coordinates":[[103.924704,1.329404],[103.924704,1.329385]]},"properties":{"way":886599336,"highway":"footway","area":"bedok","osm_tagged":true}},{"type":"Feature","geometry":{"type":"LineString","coordinates":[[103.924704,1.329385],[103.924669,1.32939]]},"properties":{"way":886599336,"highway":"footway","area":"bedok","osm_tagged":true}},{"type":"Feature","geometry":{"type":"LineString","coordinates":[[103.924669,1.32939],[103.924634,1.329393]]},"properties":{"way":886599336,"highway":"footway","area":"bedok","osm_tagged":true}},{"type":"Feature","geometry":{"type":"LineString","coordinates":[[103.930143,1.33497],[103.930177,1.334976]]},"properties":{"way":886613048,"highway":"footway","area":"bedok","osm_tagged":true}},{"type":"Feature","geometry":{"type":"LineString","coordinates":[[103.93271,1.326882],[103.932886,1.326938]]},"properties":{"way":886613056,"highway":"footway","area":"bedok","osm_tagged":true}},{"type":"Feature","geometry":{"type":"LineString","coordinates":[[103.932886,1.326938],[103.932952,1.326967]]},"properties":{"way":886613056,"highway":"footway","area":"bedok","osm_tagged":true}},{"type":"Feature","geometry":{"type":"LineString","coordinates":[[103.932952,1.326967],[103.932978,1.326978]]},"properties":{"way":886613057,"highway":"steps","area":"bedok","osm_tagged":true}},{"type":"Feature","geometry":{"type":"LineString","coordinates":[[103.932575,1.326651],[103.932724,1.326585]]},"properties":{"way":886613058,"highway":"footway","area":"bedok","osm_tagged":true}},{"type":"Feature","geometry":{"type":"LineString","coordinates":[[103.932724,1.326585],[103.932945,1.326472]]},"properties":{"way":886613058,"highway":"footway","area":"bedok","osm_tagged":true}},{"type":"Feature","geometry":{"type":"LineString","coordinates":[[103.932945,1.326472],[103.932962,1.326494]]},"properties":{"way":886613058,"highway":"footway","area":"bedok","osm_tagged":true}},{"type":"Feature","geometry":{"type":"LineString","coordinates":[[103.932962,1.326494],[103.93299,1.32653]]},"properties":{"way":886613059,"highway":"steps","area":"bedok","osm_tagged":true}},{"type":"Feature","geometry":{"type":"LineString","coordinates":[[103.931952,1.326457],[103.931931,1.32639]]},"properties":{"way":886613060,"highway":"footway","area":"bedok","osm_tagged":true}},{"type":"Feature","geometry":{"type":"LineString","coordinates":[[103.931918,1.326347],[103.931893,1.326266]]},"properties":{"way":886613061,"highway":"footway","area":"bedok","osm_tagged":true}},{"type":"Feature","geometry":{"type":"LineString","coordinates":[[103.931893,1.326266],[103.931873,1.326199]]},"properties":{"way":886613061,"highway":"footway","area":"bedok","osm_tagged":true}},{"type":"Feature","geometry":{"type":"LineString","coordinates":[[103.931931,1.32639],[103.931918,1.326347]]},"properties":{"way":886613062,"highway":"steps","area":"bedok","osm_tagged":true}},{"type":"Feature","geometry":{"type":"LineString","coordinates":[[103.931426,1.326099],[103.931441,1.326178]]},"properties":{"way":886613063,"highway":"footway","area":"bedok","osm_tagged":true}},{"type":"Feature","geometry":{"type":"LineString","coordinates":[[103.931441,1.326178],[103.931515,1.326559]]},"properties":{"way":886613063,"highway":"footway","area":"bedok","osm_tagged":true}},{"type":"Feature","geometry":{"type":"LineString","coordinates":[[103.923556,1.331262],[103.923356,1.331235]]},"properties":{"way":886865353,"highway":"footway","area":"bedok","osm_tagged":false}},{"type":"Feature","geometry":{"type":"LineString","coordinates":[[103.924747,1.328306],[103.924766,1.328282]]},"properties":{"way":886868246,"highway":"footway","area":"bedok","osm_tagged":true}},{"type":"Feature","geometry":{"type":"LineString","coordinates":[[103.92496,1.329533],[103.924953,1.32958]]},"properties":{"way":886891777,"highway":"footway","area":"bedok","osm_tagged":false}},{"type":"Feature","geometry":{"type":"LineString","coordinates":[[103.924953,1.32958],[103.924949,1.3296]]},"properties":{"way":886891777,"highway":"footway","area":"bedok","osm_tagged":false}},{"type":"Feature","geometry":{"type":"LineString","coordinates":[[103.943958,1.326098],[103.943893,1.326127]]},"properties":{"way":886926416,"highway":"footway","area":"bedok","osm_tagged":true}},{"type":"Feature","geometry":{"type":"LineString","coordinates":[[103.943893,1.326127],[103.943842,1.326119]]},"properties":{"way":886926416,"highway":"footway","area":"bedok","osm_tagged":true}},{"type":"Feature","geometry":{"type":"LineString","coordinates":[[103.943842,1.326119],[103.943096,1.325868]]},"properties":{"way":886926416,"highway":"footway","area":"bedok","osm_tagged":true}},{"type":"Feature","geometry":{"type":"LineString","coordinates":[[103.943096,1.325868],[103.942659,1.325721]]},"properties":{"way":886926416,"highway":"footway","area":"bedok","osm_tagged":true}},{"type":"Feature","geometry":{"type":"LineString","coordinates":[[103.942659,1.325721],[103.942602,1.325698]]},"properties":{"way":886926416,"highway":"footway","area":"bedok","osm_tagged":true}},{"type":"Feature","geometry":{"type":"LineString","coordinates":[[103.942602,1.325698],[103.942508,1.325665]]},"properties":{"way":886926416,"highway":"footway","area":"bedok","osm_tagged":true}},{"type":"Feature","geometry":{"type":"LineString","coordinates":[[103.942508,1.325665],[103.942359,1.325612]]},"properties":{"way":886926416,"highway":"footway","area":"bedok","osm_tagged":true}},{"type":"Feature","geometry":{"type":"LineString","coordinates":[[103.932421,1.324022],[103.932332,1.323958]]},"properties":{"way":886944371,"highway":"footway","area":"bedok","osm_tagged":true}},{"type":"Feature","geometry":{"type":"LineString","coordinates":[[103.932332,1.323958],[103.932288,1.323923]]},"properties":{"way":886944371,"highway":"footway","area":"bedok","osm_tagged":true}},{"type":"Feature","geometry":{"type":"LineString","coordinates":[[103.932288,1.323923],[103.932255,1.323892]]},"properties":{"way":886944371,"highway":"footway","area":"bedok","osm_tagged":true}},{"type":"Feature","geometry":{"type":"LineString","coordinates":[[103.932255,1.323892],[103.932216,1.323844]]},"properties":{"way":886944371,"highway":"footway","area":"bedok","osm_tagged":true}},{"type":"Feature","geometry":{"type":"LineString","coordinates":[[103.931862,1.333586],[103.931826,1.333752]]},"properties":{"way":887523272,"highway":"service","area":"bedok","osm_tagged":true}},{"type":"Feature","geometry":{"type":"LineString","coordinates":[[103.923556,1.331262],[103.923511,1.331477]]},"properties":{"way":887783085,"highway":"footway","area":"bedok","osm_tagged":true}},{"type":"Feature","geometry":{"type":"LineString","coordinates":[[103.923569,1.331192],[103.923562,1.331229]]},"properties":{"way":887783086,"highway":"footway","area":"bedok","osm_tagged":true}},{"type":"Feature","geometry":{"type":"LineString","coordinates":[[103.923562,1.331229],[103.923556,1.331262]]},"properties":{"way":887783086,"highway":"footway","area":"bedok","osm_tagged":true}},{"type":"Feature","geometry":{"type":"LineString","coordinates":[[103.924863,1.329586],[103.924866,1.329566]]},"properties":{"way":888537240,"highway":"footway","area":"bedok","osm_tagged":true}},{"type":"Feature","geometry":{"type":"LineString","coordinates":[[103.933706,1.335485],[103.933684,1.335463]]},"properties":{"way":889407117,"highway":"footway","area":"bedok","osm_tagged":true}},{"type":"Feature","geometry":{"type":"LineString","coordinates":[[103.933684,1.335463],[103.933681,1.335439]]},"properties":{"way":889407117,"highway":"footway","area":"bedok","osm_tagged":true}},{"type":"Feature","geometry":{"type":"LineString","coordinates":[[103.933681,1.335439],[103.933686,1.335415]]},"properties":{"way":889407117,"highway":"footway","area":"bedok","osm_tagged":true}},{"type":"Feature","geometry":{"type":"LineString","coordinates":[[103.933686,1.335415],[103.933767,1.335045]]},"properties":{"way":889407117,"highway":"footway","area":"bedok","osm_tagged":true}},{"type":"Feature","geometry":{"type":"LineString","coordinates":[[103.933767,1.335045],[103.933793,1.33503]]},"properties":{"way":889407117,"highway":"footway","area":"bedok","osm_tagged":true}},{"type":"Feature","geometry":{"type":"LineString","coordinates":[[103.933793,1.33503],[103.933805,1.334981]]},"properties":{"way":889407117,"highway":"footway","area":"bedok","osm_tagged":true}},{"type":"Feature","geometry":{"type":"LineString","coordinates":[[103.933946,1.334798],[103.933921,1.334775]]},"properties":{"way":889407120,"highway":"footway","area":"bedok","osm_tagged":true}},{"type":"Feature","geometry":{"type":"LineString","coordinates":[[103.933921,1.334775],[103.933864,1.334737]]},"properties":{"way":889407120,"highway":"footway","area":"bedok","osm_tagged":true}},{"type":"Feature","geometry":{"type":"LineString","coordinates":[[103.933864,1.334737],[103.933834,1.334693]]},"properties":{"way":889407120,"highway":"footway","area":"bedok","osm_tagged":true}},{"type":"Feature","geometry":{"type":"LineString","coordinates":[[103.933834,1.334693],[103.933821,1.334659]]},"properties":{"way":889407120,"highway":"footway","area":"bedok","osm_tagged":true}},{"type":"Feature","geometry":{"type":"LineString","coordinates":[[103.933821,1.334659],[103.93382,1.334623]]},"properties":{"way":889407120,"highway":"footway","area":"bedok","osm_tagged":true}},{"type":"Feature","geometry":{"type":"LineString","coordinates":[[103.93382,1.334623],[103.933903,1.334196]]},"properties":{"way":889407120,"highway":"footway","area":"bedok","osm_tagged":true}},{"type":"Feature","geometry":{"type":"LineString","coordinates":[[103.933903,1.334196],[103.933988,1.333778]]},"properties":{"way":889407120,"highway":"footway","area":"bedok","osm_tagged":true}},{"type":"Feature","geometry":{"type":"LineString","coordinates":[[103.934024,1.333582],[103.933998,1.333577]]},"properties":{"way":889407550,"highway":"footway","area":"bedok","osm_tagged":true}},{"type":"Feature","geometry":{"type":"LineString","coordinates":[[103.930989,1.327423],[103.931032,1.327443]]},"properties":{"way":889425666,"highway":"footway","area":"bedok","osm_tagged":false}},{"type":"Feature","geometry":{"type":"LineString","coordinates":[[103.931032,1.327443],[103.93106,1.327468]]},"properties":{"way":889425666,"highway":"footway","area":"bedok","osm_tagged":false}},{"type":"Feature","geometry":{"type":"LineString","coordinates":[[103.927268,1.330149],[103.927279,1.330093]]},"properties":{"way":889425677,"highway":"footway","area":"bedok","osm_tagged":true}},{"type":"Feature","geometry":{"type":"LineString","coordinates":[[103.927306,1.329962],[103.927279,1.330093]]},"properties":{"way":889425678,"highway":"steps","area":"bedok","osm_tagged":true}},{"type":"Feature","geometry":{"type":"LineString","coordinates":[[103.929808,1.330091],[103.929719,1.330124]]},"properties":{"way":889430157,"highway":"footway","area":"bedok","osm_tagged":true}},{"type":"Feature","geometry":{"type":"LineString","coordinates":[[103.929719,1.330124],[103.929603,1.330105]]},"properties":{"way":889430157,"highway":"footway","area":"bedok","osm_tagged":true}},{"type":"Feature","geometry":{"type":"LineString","coordinates":[[103.929603,1.330105],[103.92939,1.330062]]},"properties":{"way":889430157,"highway":"footway","area":"bedok","osm_tagged":true}},{"type":"Feature","geometry":{"type":"LineString","coordinates":[[103.92939,1.330062],[103.929375,1.330058]]},"properties":{"way":889430157,"highway":"footway","area":"bedok","osm_tagged":true}},{"type":"Feature","geometry":{"type":"LineString","coordinates":[[103.929375,1.330058],[103.929396,1.329936]]},"properties":{"way":889430157,"highway":"footway","area":"bedok","osm_tagged":true}},{"type":"Feature","geometry":{"type":"LineString","coordinates":[[103.929396,1.329936],[103.9295,1.329383]]},"properties":{"way":889430157,"highway":"footway","area":"bedok","osm_tagged":true}},{"type":"Feature","geometry":{"type":"LineString","coordinates":[[103.929884,1.330165],[103.92987,1.33024]]},"properties":{"way":889430160,"highway":"footway","area":"bedok","osm_tagged":true}},{"type":"Feature","geometry":{"type":"LineString","coordinates":[[103.929852,1.330334],[103.92987,1.33024]]},"properties":{"way":889430161,"highway":"steps","area":"bedok","osm_tagged":true}},{"type":"Feature","geometry":{"type":"LineString","coordinates":[[103.927134,1.328403],[103.927033,1.328937]]},"properties":{"way":889432762,"highway":"footway","area":"bedok","osm_tagged":true}},{"type":"Feature","geometry":{"type":"LineString","coordinates":[[103.927033,1.328937],[103.92717,1.328968]]},"properties":{"way":889432762,"highway":"footway","area":"bedok","osm_tagged":true}},{"type":"Feature","geometry":{"type":"LineString","coordinates":[[103.92717,1.328968],[103.927079,1.329451]]},"properties":{"way":889432762,"highway":"footway","area":"bedok","osm_tagged":true}},{"type":"Feature","geometry":{"type":"LineString","coordinates":[[103.926885,1.327778],[103.926868,1.327928]]},"properties":{"way":889432763,"highway":"footway","area":"bedok","osm_tagged":true}},{"type":"Feature","geometry":{"type":"LineString","coordinates":[[103.926847,1.327926],[103.926868,1.327928]]},"properties":{"way":889432764,"highway":"steps","area":"bedok","osm_tagged":true}},{"type":"Feature","geometry":{"type":"LineString","coordinates":[[103.926928,1.327783],[103.927079,1.327806]]},"properties":{"way":889432765,"highway":"footway","area":"bedok","osm_tagged":true}},{"type":"Feature","geometry":{"type":"LineString","coordinates":[[103.927079,1.327806],[103.927095,1.327814]]},"properties":{"way":889432765,"highway":"footway","area":"bedok","osm_tagged":true}},{"type":"Feature","geometry":{"type":"LineString","coordinates":[[103.927095,1.327814],[103.927107,1.32783]]},"properties":{"way":889432765,"highway":"footway","area":"bedok","osm_tagged":true}},{"type":"Feature","geometry":{"type":"LineString","coordinates":[[103.927107,1.32783],[103.927117,1.327854]]},"properties":{"way":889432765,"highway":"footway","area":"bedok","osm_tagged":true}},{"type":"Feature","geometry":{"type":"LineString","coordinates":[[103.927117,1.327854],[103.927016,1.328358]]},"properties":{"way":889432765,"highway":"footway","area":"bedok","osm_tagged":true}},{"type":"Feature","geometry":{"type":"LineString","coordinates":[[103.927585,1.329617],[103.927561,1.329711]]},"properties":{"way":889432772,"highway":"steps","area":"bedok","osm_tagged":true}},{"type":"Feature","geometry":{"type":"LineString","coordinates":[[103.927561,1.329711],[103.927659,1.329743]]},"properties":{"way":889432774,"highway":"footway","area":"bedok","osm_tagged":true}},{"type":"Feature","geometry":{"type":"LineString","coordinates":[[103.927649,1.329775],[103.927659,1.329743]]},"properties":{"way":889432775,"highway":"steps","area":"bedok","osm_tagged":true}},{"type":"Feature","geometry":{"type":"LineString","coordinates":[[103.930989,1.327423],[103.931026,1.327317]]},"properties":{"way":889437626,"highway":"footway","area":"bedok","osm_tagged":false}},{"type":"Feature","geometry":{"type":"LineString","coordinates":[[103.930657,1.327258],[103.93074,1.327298]]},"properties":{"way":889437628,"highway":"footway","area":"bedok","osm_tagged":false}},{"type":"Feature","geometry":{"type":"LineString","coordinates":[[103.931344,1.32774],[103.931278,1.327726]]},"properties":{"way":889437633,"highway":"footway","area":"bedok","osm_tagged":true}},{"type":"Feature","geometry":{"type":"LineString","coordinates":[[103.931278,1.327726],[103.931276,1.327739]]},"properties":{"way":889437633,"highway":"footway","area":"bedok","osm_tagged":true}},{"type":"Feature","geometry":{"type":"LineString","coordinates":[[103.931276,1.327739],[103.931251,1.327873]]},"properties":{"way":889437633,"highway":"footway","area":"bedok","osm_tagged":true}},{"type":"Feature","geometry":{"type":"LineString","coordinates":[[103.931251,1.327873],[103.931208,1.3281]]},"properties":{"way":889437633,"highway":"footway","area":"bedok","osm_tagged":true}},{"type":"Feature","geometry":{"type":"LineString","coordinates":[[103.931208,1.3281],[103.931187,1.328212]]},"properties":{"way":889437633,"highway":"footway","area":"bedok","osm_tagged":true}},{"type":"Feature","geometry":{"type":"LineString","coordinates":[[103.931187,1.328212],[103.93115,1.328409]]},"properties":{"way":889437633,"highway":"footway","area":"bedok","osm_tagged":true}},{"type":"Feature","geometry":{"type":"LineString","coordinates":[[103.93115,1.328409],[103.931111,1.328682]]},"properties":{"way":889437633,"highway":"footway","area":"bedok","osm_tagged":true}},{"type":"Feature","geometry":{"type":"LineString","coordinates":[[103.930657,1.327258],[103.930655,1.327315]]},"properties":{"way":889441098,"highway":"steps","area":"bedok","osm_tagged":false}},{"type":"Feature","geometry":{"type":"LineString","coordinates":[[103.93074,1.327298],[103.930731,1.327498]]},"properties":{"way":889441099,"highway":"footway","area":"bedok","osm_tagged":true}},{"type":"Feature","geometry":{"type":"LineString","coordinates":[[103.930731,1.327498],[103.93073,1.327529]]},"properties":{"way":889441099,"highway":"footway","area":"bedok","osm_tagged":true}},{"type":"Feature","geometry":{"type":"LineString","coordinates":[[103.93073,1.327529],[103.930643,1.327512]]},"properties":{"way":889441099,"highway":"footway","area":"bedok","osm_tagged":true}},{"type":"Feature","geometry":{"type":"LineString","coordinates":[[103.930643,1.327512],[103.930615,1.327506]]},"properties":{"way":889441099,"highway":"footway","area":"bedok","osm_tagged":true}},{"type":"Feature","geometry":{"type":"LineString","coordinates":[[103.93074,1.327298],[103.930914,1.327386]]},"properties":{"way":889441102,"highway":"footway","area":"bedok","osm_tagged":true}},{"type":"Feature","geometry":{"type":"LineString","coordinates":[[103.930914,1.327386],[103.930989,1.327423]]},"properties":{"way":889441102,"highway":"footway","area":"bedok","osm_tagged":true}},{"type":"Feature","geometry":{"type":"LineString","coordinates":[[103.929789,1.328635],[103.929816,1.32864]]},"properties":{"way":889450108,"highway":"footway","area":"bedok","osm_tagged":true}},{"type":"Feature","geometry":{"type":"LineString","coordinates":[[103.929602,1.328602],[103.929709,1.328621]]},"properties":{"way":889450109,"highway":"footway","area":"bedok","osm_tagged":true}},{"type":"Feature","geometry":{"type":"LineString","coordinates":[[103.929709,1.328621],[103.929759,1.32863]]},"properties":{"way":889450110,"highway":"footway","area":"bedok","osm_tagged":true}},{"type":"Feature","geometry":{"type":"LineString","coordinates":[[103.929759,1.32863],[103.929789,1.328635]]},"properties":{"way":889450110,"highway":"footway","area":"bedok","osm_tagged":true}},{"type":"Feature","geometry":{"type":"LineString","coordinates":[[103.928932,1.329268],[103.928953,1.32916]]},"properties":{"way":889450717,"highway":"footway","area":"bedok","osm_tagged":true}},{"type":"Feature","geometry":{"type":"LineString","coordinates":[[103.928953,1.32916],[103.92896,1.329132]]},"properties":{"way":889450717,"highway":"footway","area":"bedok","osm_tagged":true}},{"type":"Feature","geometry":{"type":"LineString","coordinates":[[103.9278,1.328974],[103.927815,1.328905]]},"properties":{"way":889451698,"highway":"footway","area":"bedok","osm_tagged":true}},{"type":"Feature","geometry":{"type":"LineString","coordinates":[[103.930104,1.327902],[103.930124,1.327788]]},"properties":{"way":889986428,"highway":"footway","area":"bedok","osm_tagged":true}},{"type":"Feature","geometry":{"type":"LineString","coordinates":[[103.930124,1.327788],[103.930145,1.327662]]},"properties":{"way":889986428,"highway":"footway","area":"bedok","osm_tagged":true}},{"type":"Feature","geometry":{"type":"LineString","coordinates":[[103.929835,1.329213],[103.929815,1.32933]]},"properties":{"way":889990321,"highway":"footway","area":"bedok","osm_tagged":true}},{"type":"Feature","geometry":{"type":"LineString","coordinates":[[103.929815,1.32933],[103.929807,1.329375]]},"properties":{"way":889990321,"highway":"footway","area":"bedok","osm_tagged":true}},{"type":"Feature","geometry":{"type":"LineString","coordinates":[[103.929807,1.329375],[103.930146,1.329447]]},"properties":{"way":889990321,"highway":"footway","area":"bedok","osm_tagged":true}},{"type":"Feature","geometry":{"type":"LineString","coordinates":[[103.930146,1.329447],[103.930138,1.329493]]},"properties":{"way":889990321,"highway":"footway","area":"bedok","osm_tagged":true}},{"type":"Feature","geometry":{"type":"LineString","coordinates":[[103.929987,1.329713],[103.930028,1.329808]]},"properties":{"way":889990322,"highway":"footway","area":"bedok","osm_tagged":true}},{"type":"Feature","geometry":{"type":"LineString","coordinates":[[103.930028,1.329808],[103.929957,1.329861]]},"properties":{"way":889990322,"highway":"footway","area":"bedok","osm_tagged":true}},{"type":"Feature","geometry":{"type":"LineString","coordinates":[[103.929957,1.329861],[103.929945,1.329905]]},"properties":{"way":889990322,"highway":"footway","area":"bedok","osm_tagged":true}},{"type":"Feature","geometry":{"type":"LineString","coordinates":[[103.927818,1.327883],[103.927831,1.327821]]},"properties":{"way":889992229,"highway":"footway","area":"bedok","osm_tagged":true}},{"type":"Feature","geometry":{"type":"LineString","coordinates":[[103.927927,1.327191],[103.927939,1.327128]]},"properties":{"way":889992231,"highway":"footway","area":"bedok","osm_tagged":true}},{"type":"Feature","geometry":{"type":"LineString","coordinates":[[103.928213,1.327325],[103.928243,1.327284]]},"properties":{"way":889992232,"highway":"footway","area":"bedok","osm_tagged":true}},{"type":"Feature","geometry":{"type":"LineString","coordinates":[[103.928243,1.327284],[103.928231,1.327265]]},"properties":{"way":889992232,"highway":"footway","area":"bedok","osm_tagged":true}},{"type":"Feature","geometry":{"type":"LineString","coordinates":[[103.928231,1.327265],[103.928216,1.32725]]},"properties":{"way":889992232,"highway":"footway","area":"bedok","osm_tagged":true}},{"type":"Feature","geometry":{"type":"LineString","coordinates":[[103.928216,1.32725],[103.927988,1.327205]]},"properties":{"way":889992232,"highway":"footway","area":"bedok","osm_tagged":true}},{"type":"Feature","geometry":{"type":"LineString","coordinates":[[103.927988,1.327205],[103.927927,1.327191]]},"properties":{"way":889992232,"highway":"footway","area":"bedok","osm_tagged":true}},{"type":"Feature","geometry":{"type":"LineString","coordinates":[[103.927927,1.327191],[103.927675,1.327127]]},"properties":{"way":889992232,"highway":"footway","area":"bedok","osm_tagged":true}},{"type":"Feature","geometry":{"type":"LineString","coordinates":[[103.927675,1.327127],[103.927416,1.327067]]},"properties":{"way":889992232,"highway":"footway","area":"bedok","osm_tagged":true}},{"type":"Feature","geometry":{"type":"LineString","coordinates":[[103.927416,1.327067],[103.927376,1.327247]]},"properties":{"way":889992232,"highway":"footway","area":"bedok","osm_tagged":true}},{"type":"Feature","geometry":{"type":"LineString","coordinates":[[103.927959,1.327325],[103.927988,1.327205]]},"properties":{"way":889992233,"highway":"footway","area":"bedok","osm_tagged":true}},{"type":"Feature","geometry":{"type":"LineString","coordinates":[[103.929357,1.327946],[103.929352,1.327976]]},"properties":{"way":889992234,"highway":"steps","area":"bedok","osm_tagged":true}},{"type":"Feature","geometry":{"type":"LineString","coordinates":[[103.92939,1.328236],[103.929396,1.32821]]},"properties":{"way":889992235,"highway":"footway","area":"bedok","osm_tagged":true}},{"type":"Feature","geometry":{"type":"LineString","coordinates":[[103.929396,1.32821],[103.929451,1.328218]]},"properties":{"way":889992235,"highway":"footway","area":"bedok","osm_tagged":true}},{"type":"Feature","geometry":{"type":"LineString","coordinates":[[103.929451,1.328218],[103.929476,1.328103]]},"properties":{"way":889992235,"highway":"footway","area":"bedok","osm_tagged":true}},{"type":"Feature","geometry":{"type":"LineString","coordinates":[[103.929476,1.328103],[103.929497,1.328002]]},"properties":{"way":889992235,"highway":"footway","area":"bedok","osm_tagged":true}},{"type":"Feature","geometry":{"type":"LineString","coordinates":[[103.929497,1.328002],[103.929352,1.327976]]},"properties":{"way":889992235,"highway":"footway","area":"bedok","osm_tagged":true}},{"type":"Feature","geometry":{"type":"LineString","coordinates":[[103.928386,1.328614],[103.928359,1.328722]]},"properties":{"way":889992827,"highway":"footway","area":"bedok","osm_tagged":true}},{"type":"Feature","geometry":{"type":"LineString","coordinates":[[103.928359,1.328722],[103.928154,1.328685]]},"properties":{"way":889992827,"highway":"footway","area":"bedok","osm_tagged":true}},{"type":"Feature","geometry":{"type":"LineString","coordinates":[[103.928154,1.328685],[103.927905,1.328631]]},"properties":{"way":889992827,"highway":"footway","area":"bedok","osm_tagged":true}},{"type":"Feature","geometry":{"type":"LineString","coordinates":[[103.927905,1.328631],[103.927924,1.328545]]},"properties":{"way":889992827,"highway":"footway","area":"bedok","osm_tagged":true}},{"type":"Feature","geometry":{"type":"LineString","coordinates":[[103.928154,1.328685],[103.928175,1.328587]]},"properties":{"way":889992828,"highway":"footway","area":"bedok","osm_tagged":true}},{"type":"Feature","geometry":{"type":"LineString","coordinates":[[103.930865,1.330117],[103.930885,1.330019]]},"properties":{"way":889994732,"highway":"footway","area":"bedok","osm_tagged":true}},{"type":"Feature","geometry":{"type":"LineString","coordinates":[[103.930885,1.330019],[103.930904,1.329934]]},"properties":{"way":889994732,"highway":"footway","area":"bedok","osm_tagged":true}},{"type":"Feature","geometry":{"type":"LineString","coordinates":[[103.935504,1.319595],[103.935534,1.319514]]},"properties":{"way":890023341,"highway":"footway","area":"bedok","osm_tagged":false}},{"type":"Feature","geometry":{"type":"LineString","coordinates":[[103.937753,1.334782],[103.937889,1.33478]]},"properties":{"way":890117218,"highway":"footway","area":"bedok","osm_tagged":true}},{"type":"Feature","geometry":{"type":"LineString","coordinates":[[103.937889,1.33478],[103.937885,1.334742]]},"properties":{"way":890117218,"highway":"footway","area":"bedok","osm_tagged":true}},{"type":"Feature","geometry":{"type":"LineString","coordinates":[[103.937885,1.334742],[103.93775,1.334745]]},"properties":{"way":890117218,"highway":"footway","area":"bedok","osm_tagged":true}},{"type":"Feature","geometry":{"type":"LineString","coordinates":[[103.93775,1.334745],[103.937641,1.334748]]},"properties":{"way":890117219,"highway":"footway","area":"bedok","osm_tagged":true}},{"type":"Feature","geometry":{"type":"LineString","coordinates":[[103.937641,1.334748],[103.93764,1.334785]]},"properties":{"way":890117219,"highway":"footway","area":"bedok","osm_tagged":true}},{"type":"Feature","geometry":{"type":"LineString","coordinates":[[103.930643,1.325534],[103.930593,1.325525]]},"properties":{"way":891132934,"highway":"footway","area":"bedok","osm_tagged":true}},{"type":"Feature","geometry":{"type":"LineString","coordinates":[[103.930593,1.325525],[103.93048,1.325562]]},"properties":{"way":891132934,"highway":"footway","area":"bedok","osm_tagged":true}},{"type":"Feature","geometry":{"type":"LineString","coordinates":[[103.93048,1.325562],[103.930474,1.325542]]},"properties":{"way":891132934,"highway":"footway","area":"bedok","osm_tagged":true}},{"type":"Feature","geometry":{"type":"LineString","coordinates":[[103.927544,1.321454],[103.927595,1.321467]]},"properties":{"way":892122061,"highway":"footway","area":"bedok","osm_tagged":true}},{"type":"Feature","geometry":{"type":"LineString","coordinates":[[103.927774,1.321512],[103.927786,1.321514]]},"properties":{"way":892122062,"highway":"footway","area":"bedok","osm_tagged":false}},{"type":"Feature","geometry":{"type":"LineString","coordinates":[[103.938393,1.322507],[103.938374,1.322632]]},"properties":{"way":892167114,"highway":"footway","area":"bedok","osm_tagged":true}},{"type":"Feature","geometry":{"type":"LineString","coordinates":[[103.937945,1.322562],[103.938087,1.322584]]},"properties":{"way":892167115,"highway":"footway","area":"bedok","osm_tagged":true}},{"type":"Feature","geometry":{"type":"LineString","coordinates":[[103.938087,1.322584],[103.938097,1.322603]]},"properties":{"way":892167115,"highway":"footway","area":"bedok","osm_tagged":true}},{"type":"Feature","geometry":{"type":"LineString","coordinates":[[103.938097,1.322603],[103.938094,1.322647]]},"properties":{"way":892167115,"highway":"footway","area":"bedok","osm_tagged":true}},{"type":"Feature","geometry":{"type":"LineString","coordinates":[[103.938094,1.322647],[103.938094,1.322692]]},"properties":{"way":892167115,"highway":"footway","area":"bedok","osm_tagged":true}},{"type":"Feature","geometry":{"type":"LineString","coordinates":[[103.938094,1.322692],[103.938111,1.322735]]},"properties":{"way":892167115,"highway":"footway","area":"bedok","osm_tagged":true}},{"type":"Feature","geometry":{"type":"LineString","coordinates":[[103.938111,1.322735],[103.938166,1.322794]]},"properties":{"way":892167115,"highway":"footway","area":"bedok","osm_tagged":true}},{"type":"Feature","geometry":{"type":"LineString","coordinates":[[103.938166,1.322794],[103.938197,1.322823]]},"properties":{"way":892167115,"highway":"footway","area":"bedok","osm_tagged":true}},{"type":"Feature","geometry":{"type":"LineString","coordinates":[[103.938197,1.322823],[103.938248,1.322838]]},"properties":{"way":892167115,"highway":"footway","area":"bedok","osm_tagged":true}},{"type":"Feature","geometry":{"type":"LineString","coordinates":[[103.938248,1.322838],[103.938302,1.322841]]},"properties":{"way":892167115,"highway":"footway","area":"bedok","osm_tagged":true}},{"type":"Feature","geometry":{"type":"LineString","coordinates":[[103.938302,1.322841],[103.938338,1.322834]]},"properties":{"way":892167115,"highway":"footway","area":"bedok","osm_tagged":true}},{"type":"Feature","geometry":{"type":"LineString","coordinates":[[103.938338,1.322834],[103.938348,1.322815]]},"properties":{"way":892167115,"highway":"footway","area":"bedok","osm_tagged":true}},{"type":"Feature","geometry":{"type":"LineString","coordinates":[[103.926768,1.332928],[103.926795,1.332849]]},"properties":{"way":892171270,"highway":"steps","area":"bedok","osm_tagged":true}},{"type":"Feature","geometry":{"type":"LineString","coordinates":[[103.926758,1.332955],[103.926768,1.332928]]},"properties":{"way":892171271,"highway":"footway","area":"bedok","osm_tagged":true}},{"type":"Feature","geometry":{"type":"LineString","coordinates":[[103.924392,1.332723],[103.924333,1.332919]]},"properties":{"way":892235845,"highway":"footway","area":"bedok","osm_tagged":true}},{"type":"Feature","geometry":{"type":"LineString","coordinates":[[103.924333,1.332919],[103.924329,1.332987]]},"properties":{"way":892235845,"highway":"footway","area":"bedok","osm_tagged":true}},{"type":"Feature","geometry":{"type":"LineString","coordinates":[[103.924329,1.332987],[103.924348,1.333063]]},"properties":{"way":892235845,"highway":"footway","area":"bedok","osm_tagged":true}},{"type":"Feature","geometry":{"type":"LineString","coordinates":[[103.923267,1.331424],[103.923389,1.33145]]},"properties":{"way":892235855,"highway":"steps","area":"bedok","osm_tagged":true}},{"type":"Feature","geometry":{"type":"LineString","coordinates":[[103.923389,1.33145],[103.923511,1.331477]]},"properties":{"way":892235855,"highway":"steps","area":"bedok","osm_tagged":true}},{"type":"Feature","geometry":{"type":"LineString","coordinates":[[103.923548,1.331484],[103.923511,1.331477]]},"properties":{"way":892235857,"highway":"footway","area":"bedok","osm_tagged":false}},{"type":"Feature","geometry":{"type":"LineString","coordinates":[[103.927507,1.333394],[103.927488,1.333471]]},"properties":{"way":892513339,"highway":"footway","area":"bedok","osm_tagged":true}},{"type":"Feature","geometry":{"type":"LineString","coordinates":[[103.927488,1.333471],[103.927454,1.333484]]},"properties":{"way":892513339,"highway":"footway","area":"bedok","osm_tagged":true}},{"type":"Feature","geometry":{"type":"LineString","coordinates":[[103.927454,1.333484],[103.927441,1.333533]]},"properties":{"way":892513339,"highway":"footway","area":"bedok","osm_tagged":true}},{"type":"Feature","geometry":{"type":"LineString","coordinates":[[103.927466,1.333333],[103.927507,1.333394]]},"properties":{"way":892513340,"highway":"steps","area":"bedok","osm_tagged":true}},{"type":"Feature","geometry":{"type":"LineString","coordinates":[[103.939171,1.320807],[103.939286,1.320822]]},"properties":{"way":892590938,"highway":"footway","area":"bedok","osm_tagged":true}},{"type":"Feature","geometry":{"type":"LineString","coordinates":[[103.93845,1.320505],[103.938438,1.320596]]},"properties":{"way":892593844,"highway":"footway","area":"bedok","osm_tagged":true}},{"type":"Feature","geometry":{"type":"LineString","coordinates":[[103.931617,1.333362],[103.931997,1.333438]]},"properties":{"way":909825411,"highway":"footway","area":"bedok","osm_tagged":true}},{"type":"Feature","geometry":{"type":"LineString","coordinates":[[103.931997,1.333438],[103.932016,1.333345]]},"properties":{"way":909825411,"highway":"footway","area":"bedok","osm_tagged":true}},{"type":"Feature","geometry":{"type":"LineString","coordinates":[[103.932016,1.333345],[103.932122,1.332823]]},"properties":{"way":909825411,"highway":"footway","area":"bedok","osm_tagged":true}},{"type":"Feature","geometry":{"type":"LineString","coordinates":[[103.932122,1.332823],[103.932134,1.33276]]},"properties":{"way":909825411,"highway":"footway","area":"bedok","osm_tagged":true}},{"type":"Feature","geometry":{"type":"LineString","coordinates":[[103.932134,1.33276],[103.931995,1.332731]]},"properties":{"way":909825411,"highway":"footway","area":"bedok","osm_tagged":true}},{"type":"Feature","geometry":{"type":"LineString","coordinates":[[103.931995,1.332731],[103.932015,1.332624]]},"properties":{"way":909825411,"highway":"footway","area":"bedok","osm_tagged":true}},{"type":"Feature","geometry":{"type":"LineString","coordinates":[[103.932015,1.332624],[103.93209,1.332217]]},"properties":{"way":909825411,"highway":"footway","area":"bedok","osm_tagged":true}},{"type":"Feature","geometry":{"type":"LineString","coordinates":[[103.93209,1.332217],[103.932017,1.332202]]},"properties":{"way":909825411,"highway":"footway","area":"bedok","osm_tagged":true}},{"type":"Feature","geometry":{"type":"LineString","coordinates":[[103.932017,1.332202],[103.932036,1.332102]]},"properties":{"way":909825411,"highway":"footway","area":"bedok","osm_tagged":true}},{"type":"Feature","geometry":{"type":"LineString","coordinates":[[103.932036,1.332102],[103.932084,1.331845]]},"properties":{"way":909825411,"highway":"footway","area":"bedok","osm_tagged":true}},{"type":"Feature","geometry":{"type":"LineString","coordinates":[[103.932144,1.332827],[103.932122,1.332823]]},"properties":{"way":909825413,"highway":"footway","area":"bedok","osm_tagged":true}},{"type":"Feature","geometry":{"type":"LineString","coordinates":[[103.932039,1.33335],[103.932016,1.333345]]},"properties":{"way":909825414,"highway":"footway","area":"bedok","osm_tagged":true}},{"type":"Feature","geometry":{"type":"LineString","coordinates":[[103.924461,1.330171],[103.924442,1.330265]]},"properties":{"way":913353721,"highway":"footway","area":"bedok","osm_tagged":true}},{"type":"Feature","geometry":{"type":"LineString","coordinates":[[103.924442,1.330265],[103.924336,1.330245]]},"properties":{"way":913353721,"highway":"footway","area":"bedok","osm_tagged":true}},{"type":"Feature","geometry":{"type":"LineString","coordinates":[[103.924336,1.330245],[103.92432,1.33033]]},"properties":{"way":913353721,"highway":"footway","area":"bedok","osm_tagged":true}},{"type":"Feature","geometry":{"type":"LineString","coordinates":[[103.92432,1.33033],[103.924295,1.33047]]},"properties":{"way":913353721,"highway":"footway","area":"bedok","osm_tagged":true}},{"type":"Feature","geometry":{"type":"LineString","coordinates":[[103.924885,1.329973],[103.924873,1.329964]]},"properties":{"way":913354276,"highway":"footway","area":"bedok","osm_tagged":true}},{"type":"Feature","geometry":{"type":"LineString","coordinates":[[103.92482,1.330015],[103.924885,1.329973]]},"properties":{"way":913354277,"highway":"steps","area":"bedok","osm_tagged":true}},{"type":"Feature","geometry":{"type":"LineString","coordinates":[[103.939638,1.327581],[103.93965,1.32752]]},"properties":{"way":933129216,"highway":"service","area":"bedok","osm_tagged":false}},{"type":"Feature","geometry":{"type":"LineString","coordinates":[[103.930304,1.324494],[103.930204,1.32448]]},"properties":{"way":959712549,"highway":"pedestrian","area":"bedok","osm_tagged":true}},{"type":"Feature","geometry":{"type":"LineString","coordinates":[[103.930204,1.32448],[103.930171,1.324476]]},"properties":{"way":959712549,"highway":"pedestrian","area":"bedok","osm_tagged":true}},{"type":"Feature","geometry":{"type":"LineString","coordinates":[[103.930106,1.325247],[103.930047,1.325239]]},"properties":{"way":959712559,"highway":"pedestrian","area":"bedok","osm_tagged":true}},{"type":"Feature","geometry":{"type":"LineString","coordinates":[[103.930047,1.325239],[103.930031,1.325236]]},"properties":{"way":959712559,"highway":"pedestrian","area":"bedok","osm_tagged":true}},{"type":"Feature","geometry":{"type":"LineString","coordinates":[[103.930031,1.325236],[103.930001,1.325232]]},"properties":{"way":959712559,"highway":"pedestrian","area":"bedok","osm_tagged":true}},{"type":"Feature","geometry":{"type":"LineString","coordinates":[[103.927711,1.333622],[103.927767,1.333638]]},"properties":{"way":961441418,"highway":"footway","area":"bedok","osm_tagged":true}},{"type":"Feature","geometry":{"type":"LineString","coordinates":[[103.927767,1.333638],[103.927782,1.333586]]},"properties":{"way":961441418,"highway":"footway","area":"bedok","osm_tagged":true}},{"type":"Feature","geometry":{"type":"LineString","coordinates":[[103.927782,1.333586],[103.927971,1.333628]]},"properties":{"way":961441418,"highway":"footway","area":"bedok","osm_tagged":true}},{"type":"Feature","geometry":{"type":"LineString","coordinates":[[103.927971,1.333628],[103.928068,1.333656]]},"properties":{"way":961441418,"highway":"footway","area":"bedok","osm_tagged":true}},{"type":"Feature","geometry":{"type":"LineString","coordinates":[[103.928068,1.333656],[103.928185,1.333691]]},"properties":{"way":961441418,"highway":"footway","area":"bedok","osm_tagged":true}},{"type":"Feature","geometry":{"type":"LineString","coordinates":[[103.929387,1.323609],[103.929611,1.32364]]},"properties":{"way":970582066,"highway":"footway","area":"bedok","osm_tagged":false}},{"type":"Feature","geometry":{"type":"LineString","coordinates":[[103.929611,1.32364],[103.929607,1.32367]]},"properties":{"way":970582066,"highway":"footway","area":"bedok","osm_tagged":false}},{"type":"Feature","geometry":{"type":"LineString","coordinates":[[103.926006,1.333031],[103.925799,1.332972]]},"properties":{"way":973895576,"highway":"footway","area":"bedok","osm_tagged":true}},{"type":"Feature","geometry":{"type":"LineString","coordinates":[[103.925799,1.332972],[103.925786,1.332968]]},"properties":{"way":973895576,"highway":"footway","area":"bedok","osm_tagged":true}},{"type":"Feature","geometry":{"type":"LineString","coordinates":[[103.925786,1.332968],[103.925755,1.332959]]},"properties":{"way":973895576,"highway":"footway","area":"bedok","osm_tagged":true}},{"type":"Feature","geometry":{"type":"LineString","coordinates":[[103.925755,1.332959],[103.925747,1.332986]]},"properties":{"way":973895576,"highway":"footway","area":"bedok","osm_tagged":true}},{"type":"Feature","geometry":{"type":"LineString","coordinates":[[103.925727,1.33305],[103.925723,1.333064]]},"properties":{"way":973895581,"highway":"footway","area":"bedok","osm_tagged":true}},{"type":"Feature","geometry":{"type":"LineString","coordinates":[[103.925723,1.333064],[103.925676,1.333051]]},"properties":{"way":973895581,"highway":"footway","area":"bedok","osm_tagged":true}},{"type":"Feature","geometry":{"type":"LineString","coordinates":[[103.925676,1.333051],[103.92566,1.333046]]},"properties":{"way":973895581,"highway":"footway","area":"bedok","osm_tagged":true}},{"type":"Feature","geometry":{"type":"LineString","coordinates":[[103.926807,1.332796],[103.926799,1.332838]]},"properties":{"way":973915298,"highway":"footway","area":"bedok","osm_tagged":true}},{"type":"Feature","geometry":{"type":"LineString","coordinates":[[103.926799,1.332838],[103.926795,1.332849]]},"properties":{"way":973915298,"highway":"footway","area":"bedok","osm_tagged":true}},{"type":"Feature","geometry":{"type":"LineString","coordinates":[[103.931211,1.324519],[103.931493,1.324484]]},"properties":{"way":974165650,"highway":"footway","area":"bedok","osm_tagged":true}},{"type":"Feature","geometry":{"type":"LineString","coordinates":[[103.931493,1.324484],[103.931562,1.324485]]},"properties":{"way":974165650,"highway":"footway","area":"bedok","osm_tagged":true}},{"type":"Feature","geometry":{"type":"LineString","coordinates":[[103.931562,1.324485],[103.93163,1.324487]]},"properties":{"way":974165650,"highway":"footway","area":"bedok","osm_tagged":true}},{"type":"Feature","geometry":{"type":"LineString","coordinates":[[103.93163,1.324487],[103.931684,1.324487]]},"properties":{"way":974165651,"highway":"footway","area":"bedok","osm_tagged":true}},{"type":"Feature","geometry":{"type":"LineString","coordinates":[[103.931684,1.324487],[103.931714,1.324526]]},"properties":{"way":974165651,"highway":"footway","area":"bedok","osm_tagged":true}},{"type":"Feature","geometry":{"type":"LineString","coordinates":[[103.931714,1.324526],[103.931732,1.324604]]},"properties":{"way":974165651,"highway":"footway","area":"bedok","osm_tagged":true}},{"type":"Feature","geometry":{"type":"LineString","coordinates":[[103.928704,1.325483],[103.928843,1.325472]]},"properties":{"way":1031880319,"highway":"footway","area":"bedok","osm_tagged":true}},{"type":"Feature","geometry":{"type":"LineString","coordinates":[[103.928843,1.325472],[103.928948,1.325501]]},"properties":{"way":1031880319,"highway":"footway","area":"bedok","osm_tagged":true}},{"type":"Feature","geometry":{"type":"LineString","coordinates":[[103.928948,1.325501],[103.92896,1.325504]]},"properties":{"way":1031880319,"highway":"footway","area":"bedok","osm_tagged":true}},{"type":"Feature","geometry":{"type":"LineString","coordinates":[[103.928948,1.325501],[103.928878,1.325645]]},"properties":{"way":1031880320,"highway":"footway","area":"bedok","osm_tagged":true}},{"type":"Feature","geometry":{"type":"LineString","coordinates":[[103.928878,1.325645],[103.928866,1.325717]]},"properties":{"way":1031880320,"highway":"footway","area":"bedok","osm_tagged":true}},{"type":"Feature","geometry":{"type":"LineString","coordinates":[[103.928866,1.325717],[103.928871,1.325782]]},"properties":{"way":1031880320,"highway":"footway","area":"bedok","osm_tagged":true}},{"type":"Feature","geometry":{"type":"LineString","coordinates":[[103.928871,1.325782],[103.928891,1.326035]]},"properties":{"way":1031880320,"highway":"footway","area":"bedok","osm_tagged":true}},{"type":"Feature","geometry":{"type":"LineString","coordinates":[[103.928891,1.326035],[103.92888,1.326036]]},"properties":{"way":1031880320,"highway":"footway","area":"bedok","osm_tagged":true}},{"type":"Feature","geometry":{"type":"LineString","coordinates":[[103.92604,1.330433],[103.926086,1.330441]]},"properties":{"way":1137779848,"highway":"footway","area":"bedok","osm_tagged":true}},{"type":"Feature","geometry":{"type":"LineString","coordinates":[[103.926086,1.330441],[103.926134,1.33045]]},"properties":{"way":1137779848,"highway":"footway","area":"bedok","osm_tagged":true}},{"type":"Feature","geometry":{"type":"LineString","coordinates":[[103.926067,1.330076],[103.926046,1.33017]]},"properties":{"way":1137779849,"highway":"footway","area":"bedok","osm_tagged":true}},{"type":"Feature","geometry":{"type":"LineString","coordinates":[[103.926046,1.33017],[103.926038,1.330207]]},"properties":{"way":1137779850,"highway":"footway","area":"bedok","osm_tagged":true}},{"type":"Feature","geometry":{"type":"LineString","coordinates":[[103.926038,1.330207],[103.926128,1.330224]]},"properties":{"way":1137779850,"highway":"footway","area":"bedok","osm_tagged":true}},{"type":"Feature","geometry":{"type":"LineString","coordinates":[[103.926128,1.330224],[103.926086,1.330441]]},"properties":{"way":1137779850,"highway":"footway","area":"bedok","osm_tagged":true}},{"type":"Feature","geometry":{"type":"LineString","coordinates":[[103.926086,1.330441],[103.926079,1.330478]]},"properties":{"way":1137779850,"highway":"footway","area":"bedok","osm_tagged":true}},{"type":"Feature","geometry":{"type":"LineString","coordinates":[[103.926079,1.330478],[103.926067,1.330538]]},"properties":{"way":1137779850,"highway":"footway","area":"bedok","osm_tagged":true}},{"type":"Feature","geometry":{"type":"LineString","coordinates":[[103.926067,1.330538],[103.9261,1.330658]]},"properties":{"way":1137779850,"highway":"footway","area":"bedok","osm_tagged":true}},{"type":"Feature","geometry":{"type":"LineString","coordinates":[[103.9261,1.330658],[103.926087,1.330744]]},"properties":{"way":1137779850,"highway":"footway","area":"bedok","osm_tagged":true}},{"type":"Feature","geometry":{"type":"LineString","coordinates":[[103.926087,1.330744],[103.926057,1.330811]]},"properties":{"way":1137779850,"highway":"footway","area":"bedok","osm_tagged":true}},{"type":"Feature","geometry":{"type":"LineString","coordinates":[[103.926057,1.330811],[103.926018,1.330866]]},"properties":{"way":1137779850,"highway":"footway","area":"bedok","osm_tagged":true}},{"type":"Feature","geometry":{"type":"LineString","coordinates":[[103.926018,1.330866],[103.925987,1.330869]]},"properties":{"way":1137779850,"highway":"footway","area":"bedok","osm_tagged":true}},{"type":"Feature","geometry":{"type":"LineString","coordinates":[[103.926091,1.329989],[103.926067,1.330076]]},"properties":{"way":1137779851,"highway":"footway","area":"bedok","osm_tagged":true}},{"type":"Feature","geometry":{"type":"LineString","coordinates":[[103.92875,1.324637],[103.928703,1.324501]]},"properties":{"way":1173235973,"highway":"service","area":"bedok","osm_tagged":true}},{"type":"Feature","geometry":{"type":"LineString","coordinates":[[103.928703,1.324501],[103.928656,1.324436]]},"properties":{"way":1173235973,"highway":"service","area":"bedok","osm_tagged":true}},{"type":"Feature","geometry":{"type":"LineString","coordinates":[[103.931263,1.334453],[103.93133,1.334464]]},"properties":{"way":1266499398,"highway":"steps","area":"bedok","osm_tagged":true}},{"type":"Feature","geometry":{"type":"LineString","coordinates":[[103.931097,1.335185],[103.931103,1.335155]]},"properties":{"way":1266499427,"highway":"footway","area":"bedok","osm_tagged":true}},{"type":"Feature","geometry":{"type":"LineString","coordinates":[[103.931103,1.335155],[103.931135,1.334993]]},"properties":{"way":1266499427,"highway":"footway","area":"bedok","osm_tagged":true}},{"type":"Feature","geometry":{"type":"LineString","coordinates":[[103.931135,1.334993],[103.931145,1.334944]]},"properties":{"way":1266499427,"highway":"footway","area":"bedok","osm_tagged":true}},{"type":"Feature","geometry":{"type":"LineString","coordinates":[[103.931145,1.334944],[103.931194,1.334954]]},"properties":{"way":1266499427,"highway":"footway","area":"bedok","osm_tagged":true}},{"type":"Feature","geometry":{"type":"LineString","coordinates":[[103.931194,1.334954],[103.931206,1.334957]]},"properties":{"way":1266499427,"highway":"footway","area":"bedok","osm_tagged":true}},{"type":"Feature","geometry":{"type":"LineString","coordinates":[[103.931206,1.334957],[103.931225,1.33486]]},"properties":{"way":1266499427,"highway":"footway","area":"bedok","osm_tagged":true}},{"type":"Feature","geometry":{"type":"LineString","coordinates":[[103.931225,1.33486],[103.931265,1.334646]]},"properties":{"way":1266499427,"highway":"footway","area":"bedok","osm_tagged":true}},{"type":"Feature","geometry":{"type":"LineString","coordinates":[[103.931265,1.334646],[103.931367,1.334571]]},"properties":{"way":1266499427,"highway":"footway","area":"bedok","osm_tagged":true}},{"type":"Feature","geometry":{"type":"LineString","coordinates":[[103.931367,1.334571],[103.931387,1.334473]]},"properties":{"way":1266499427,"highway":"footway","area":"bedok","osm_tagged":true}},{"type":"Feature","geometry":{"type":"LineString","coordinates":[[103.931387,1.334473],[103.931406,1.334382]]},"properties":{"way":1266499427,"highway":"footway","area":"bedok","osm_tagged":true}},{"type":"Feature","geometry":{"type":"LineString","coordinates":[[103.931406,1.334382],[103.931437,1.334235]]},"properties":{"way":1266499427,"highway":"footway","area":"bedok","osm_tagged":true}},{"type":"Feature","geometry":{"type":"LineString","coordinates":[[103.930289,1.321615],[103.930296,1.321579]]},"properties":{"way":1271439119,"highway":"service","area":"bedok","osm_tagged":true}},{"type":"Feature","geometry":{"type":"LineString","coordinates":[[103.929899,1.322096],[103.92995,1.322105]]},"properties":{"way":1271439122,"highway":"service","area":"bedok","osm_tagged":true}},{"type":"Feature","geometry":{"type":"LineString","coordinates":[[103.929881,1.32219],[103.929899,1.322096]]},"properties":{"way":1271439123,"highway":"service","area":"bedok","osm_tagged":true}},{"type":"Feature","geometry":{"type":"LineString","coordinates":[[103.929899,1.322096],[103.929911,1.322031]]},"properties":{"way":1271439123,"highway":"service","area":"bedok","osm_tagged":true}},{"type":"Feature","geometry":{"type":"LineString","coordinates":[[103.929823,1.322499],[103.929833,1.322453]]},"properties":{"way":1271439125,"highway":"service","area":"bedok","osm_tagged":true}},{"type":"Feature","geometry":{"type":"LineString","coordinates":[[103.92926,1.323616],[103.929264,1.32359]]},"properties":{"way":1271439139,"highway":"footway","area":"bedok","osm_tagged":true}},{"type":"Feature","geometry":{"type":"LineString","coordinates":[[103.929264,1.32359],[103.929387,1.323609]]},"properties":{"way":1271439139,"highway":"footway","area":"bedok","osm_tagged":true}},{"type":"Feature","geometry":{"type":"LineString","coordinates":[[103.929035,1.321869],[103.929048,1.321804]]},"properties":{"way":1271439154,"highway":"service","area":"bedok","osm_tagged":true}},{"type":"Feature","geometry":{"type":"LineString","coordinates":[[103.939612,1.323725],[103.939627,1.323727]]},"properties":{"way":1323358465,"highway":"footway","area":"bedok","osm_tagged":true}},{"type":"Feature","geometry":{"type":"LineString","coordinates":[[103.939444,1.32461],[103.939456,1.324612]]},"properties":{"way":1323358466,"highway":"footway","area":"bedok","osm_tagged":true}},{"type":"Feature","geometry":{"type":"LineString","coordinates":[[103.939532,1.324149],[103.939544,1.324151]]},"properties":{"way":1323358467,"highway":"footway","area":"bedok","osm_tagged":true}},{"type":"Feature","geometry":{"type":"LineString","coordinates":[[103.939481,1.324377],[103.939465,1.324374]]},"properties":{"way":1323358468,"highway":"footway","area":"bedok","osm_tagged":true}},{"type":"Feature","geometry":{"type":"LineString","coordinates":[[103.939372,1.324976],[103.939137,1.324948]]},"properties":{"way":1323358484,"highway":"footway","area":"bedok","osm_tagged":false}},{"type":"Feature","geometry":{"type":"LineString","coordinates":[[103.939701,1.323261],[103.93966,1.323477]]},"properties":{"way":1323358485,"highway":"footway","area":"bedok","osm_tagged":true}},{"type":"Feature","geometry":{"type":"LineString","coordinates":[[103.93966,1.323477],[103.939612,1.323725]]},"properties":{"way":1323358485,"highway":"footway","area":"bedok","osm_tagged":true}},{"type":"Feature","geometry":{"type":"LineString","coordinates":[[103.939612,1.323725],[103.93955,1.324052]]},"properties":{"way":1323358485,"highway":"footway","area":"bedok","osm_tagged":true}},{"type":"Feature","geometry":{"type":"LineString","coordinates":[[103.93955,1.324052],[103.939532,1.324149]]},"properties":{"way":1323358485,"highway":"footway","area":"bedok","osm_tagged":true}},{"type":"Feature","geometry":{"type":"LineString","coordinates":[[103.939532,1.324149],[103.93952,1.324211]]},"properties":{"way":1323358485,"highway":"footway","area":"bedok","osm_tagged":true}},{"type":"Feature","geometry":{"type":"LineString","coordinates":[[103.93952,1.324211],[103.939497,1.324206]]},"properties":{"way":1323358485,"highway":"footway","area":"bedok","osm_tagged":true}},{"type":"Feature","geometry":{"type":"LineString","coordinates":[[103.939497,1.324206],[103.939465,1.324374]]},"properties":{"way":1323358485,"highway":"footway","area":"bedok","osm_tagged":true}},{"type":"Feature","geometry":{"type":"LineString","coordinates":[[103.939465,1.324374],[103.939433,1.324543]]},"properties":{"way":1323358485,"highway":"footway","area":"bedok","osm_tagged":true}},{"type":"Feature","geometry":{"type":"LineString","coordinates":[[103.939433,1.324543],[103.939456,1.324548]]},"properties":{"way":1323358485,"highway":"footway","area":"bedok","osm_tagged":true}},{"type":"Feature","geometry":{"type":"LineString","coordinates":[[103.939456,1.324548],[103.939444,1.32461]]},"properties":{"way":1323358485,"highway":"footway","area":"bedok","osm_tagged":true}},{"type":"Feature","geometry":{"type":"LineString","coordinates":[[103.939444,1.32461],[103.939435,1.324658]]},"properties":{"way":1323358485,"highway":"footway","area":"bedok","osm_tagged":true}},{"type":"Feature","geometry":{"type":"LineString","coordinates":[[103.939435,1.324658],[103.939424,1.324655]]},"properties":{"way":1323358485,"highway":"footway","area":"bedok","osm_tagged":true}},{"type":"Feature","geometry":{"type":"LineString","coordinates":[[103.939424,1.324655],[103.939372,1.324976]]},"properties":{"way":1323358485,"highway":"footway","area":"bedok","osm_tagged":true}},{"type":"Feature","geometry":{"type":"LineString","coordinates":[[103.932418,1.324961],[103.932383,1.325108]]},"properties":{"way":1341226395,"highway":"service","area":"bedok","osm_tagged":true}},{"type":"Feature","geometry":{"type":"LineString","coordinates":[[103.932588,1.325002],[103.932418,1.324961]]},"properties":{"way":1341226397,"highway":"service","area":"bedok","osm_tagged":true}},{"type":"Feature","geometry":{"type":"LineString","coordinates":[[103.932418,1.324961],[103.93234,1.324943]]},"properties":{"way":1341226397,"highway":"service","area":"bedok","osm_tagged":true}},{"type":"Feature","geometry":{"type":"LineString","coordinates":[[103.93234,1.324943],[103.932326,1.324947]]},"properties":{"way":1341226397,"highway":"service","area":"bedok","osm_tagged":true}},{"type":"Feature","geometry":{"type":"LineString","coordinates":[[103.932326,1.324947],[103.932314,1.32496]]},"properties":{"way":1341226397,"highway":"service","area":"bedok","osm_tagged":true}},{"type":"Feature","geometry":{"type":"LineString","coordinates":[[103.932314,1.32496],[103.932259,1.32519]]},"properties":{"way":1341226397,"highway":"service","area":"bedok","osm_tagged":true}},{"type":"Feature","geometry":{"type":"LineString","coordinates":[[103.932259,1.32519],[103.932271,1.32523]]},"properties":{"way":1341226397,"highway":"service","area":"bedok","osm_tagged":true}},{"type":"Feature","geometry":{"type":"LineString","coordinates":[[103.932271,1.32523],[103.932299,1.325257]]},"properties":{"way":1341226397,"highway":"service","area":"bedok","osm_tagged":true}},{"type":"Feature","geometry":{"type":"LineString","coordinates":[[103.932299,1.325257],[103.932376,1.325276]]},"properties":{"way":1341226397,"highway":"service","area":"bedok","osm_tagged":true}},{"type":"Feature","geometry":{"type":"LineString","coordinates":[[103.942126,1.325912],[103.942102,1.325983]]},"properties":{"way":1347465577,"highway":"footway","area":"bedok","osm_tagged":true}},{"type":"Feature","geometry":{"type":"LineString","coordinates":[[103.942102,1.325983],[103.942202,1.326017]]},"properties":{"way":1347465577,"highway":"footway","area":"bedok","osm_tagged":true}},{"type":"Feature","geometry":{"type":"LineString","coordinates":[[103.942202,1.326017],[103.942193,1.326066]]},"properties":{"way":1347465577,"highway":"footway","area":"bedok","osm_tagged":true}},{"type":"Feature","geometry":{"type":"LineString","coordinates":[[103.942193,1.326066],[103.942235,1.326074]]},"properties":{"way":1347465577,"highway":"footway","area":"bedok","osm_tagged":true}},{"type":"Feature","geometry":{"type":"LineString","coordinates":[[103.942235,1.326074],[103.942217,1.326148]]},"properties":{"way":1347465577,"highway":"footway","area":"bedok","osm_tagged":true}},{"type":"Feature","geometry":{"type":"LineString","coordinates":[[103.942217,1.326148],[103.941943,1.327183]]},"properties":{"way":1347465577,"highway":"footway","area":"bedok","osm_tagged":true}},{"type":"Feature","geometry":{"type":"LineString","coordinates":[[103.941943,1.327183],[103.941585,1.327426]]},"properties":{"way":1347465577,"highway":"footway","area":"bedok","osm_tagged":true}},{"type":"Feature","geometry":{"type":"LineString","coordinates":[[103.93099,1.32439],[103.930997,1.324354]]},"properties":{"way":1426764385,"highway":"steps","area":"bedok","osm_tagged":true}},{"type":"Feature","geometry":{"type":"LineString","coordinates":[[103.928746,1.319341],[103.928676,1.319386]]},"properties":{"way":1444445556,"highway":"service","area":"bedok","osm_tagged":true}},{"type":"Feature","geometry":{"type":"LineString","coordinates":[[103.929065,1.324909],[103.929619,1.325014]]},"properties":{"way":1487847781,"highway":"service","area":"bedok","osm_tagged":true}},{"type":"Feature","geometry":{"type":"LineString","coordinates":[[103.928854,1.324919],[103.929053,1.324958]]},"properties":{"way":1487847791,"highway":"service","area":"bedok","osm_tagged":true}},{"type":"Feature","geometry":{"type":"LineString","coordinates":[[103.929537,1.325114],[103.929565,1.325118]]},"properties":{"way":1487847797,"highway":"service","area":"bedok","osm_tagged":true}},{"type":"Feature","geometry":{"type":"LineString","coordinates":[[103.929565,1.325118],[103.929591,1.325116]]},"properties":{"way":1487847797,"highway":"service","area":"bedok","osm_tagged":true}},{"type":"Feature","geometry":{"type":"LineString","coordinates":[[103.929591,1.325116],[103.929609,1.325097]]},"properties":{"way":1487847797,"highway":"service","area":"bedok","osm_tagged":true}},{"type":"Feature","geometry":{"type":"LineString","coordinates":[[103.929609,1.325097],[103.929619,1.325014]]},"properties":{"way":1487847797,"highway":"service","area":"bedok","osm_tagged":true}},{"type":"Feature","geometry":{"type":"LineString","coordinates":[[103.929097,1.324772],[103.929086,1.324816]]},"properties":{"way":1487847800,"highway":"service","area":"bedok","osm_tagged":true}},{"type":"Feature","geometry":{"type":"LineString","coordinates":[[103.929065,1.324909],[103.929053,1.324958]]},"properties":{"way":1487847801,"highway":"service","area":"bedok","osm_tagged":true}},{"type":"Feature","geometry":{"type":"LineString","coordinates":[[103.928778,1.324834],[103.928854,1.324869]]},"properties":{"way":1487847802,"highway":"service","area":"bedok","osm_tagged":true}},{"type":"Feature","geometry":{"type":"LineString","coordinates":[[103.928854,1.324869],[103.929065,1.324909]]},"properties":{"way":1487847802,"highway":"service","area":"bedok","osm_tagged":true}},{"type":"Feature","geometry":{"type":"LineString","coordinates":[[103.928778,1.324834],[103.92888,1.324831]]},"properties":{"way":1487847803,"highway":"service","area":"bedok","osm_tagged":true}},{"type":"Feature","geometry":{"type":"LineString","coordinates":[[103.92888,1.324831],[103.928959,1.324847]]},"properties":{"way":1487847803,"highway":"service","area":"bedok","osm_tagged":true}},{"type":"Feature","geometry":{"type":"LineString","coordinates":[[103.928959,1.324847],[103.929074,1.324868]]},"properties":{"way":1487847803,"highway":"service","area":"bedok","osm_tagged":true}},{"type":"Feature","geometry":{"type":"LineString","coordinates":[[103.928705,1.32482],[103.928778,1.324834]]},"properties":{"way":1487847804,"highway":"service","area":"bedok","osm_tagged":true}},{"type":"Feature","geometry":{"type":"LineString","coordinates":[[103.928705,1.32482],[103.928709,1.324878]]},"properties":{"way":1487847806,"highway":"service","area":"bedok","osm_tagged":true}},{"type":"Feature","geometry":{"type":"LineString","coordinates":[[103.928709,1.324878],[103.928734,1.324895]]},"properties":{"way":1487847806,"highway":"service","area":"bedok","osm_tagged":true}},{"type":"Feature","geometry":{"type":"LineString","coordinates":[[103.928734,1.324895],[103.928854,1.324919]]},"properties":{"way":1487847806,"highway":"service","area":"bedok","osm_tagged":true}},{"type":"Feature","geometry":{"type":"LineString","coordinates":[[103.928616,1.324388],[103.928526,1.324722]]},"properties":{"way":1487847807,"highway":"service","area":"bedok","osm_tagged":true}},{"type":"Feature","geometry":{"type":"LineString","coordinates":[[103.928526,1.324722],[103.928515,1.324772]]},"properties":{"way":1487847807,"highway":"service","area":"bedok","osm_tagged":true}},{"type":"Feature","geometry":{"type":"LineString","coordinates":[[103.928515,1.324772],[103.928705,1.32482]]},"properties":{"way":1487847807,"highway":"service","area":"bedok","osm_tagged":true}},{"type":"Feature","geometry":{"type":"LineString","coordinates":[[103.928502,1.32482],[103.928487,1.324886]]},"properties":{"way":1487847808,"highway":"service","area":"bedok","osm_tagged":true}},{"type":"Feature","geometry":{"type":"LineString","coordinates":[[103.928487,1.324886],[103.928681,1.324929]]},"properties":{"way":1487847808,"highway":"service","area":"bedok","osm_tagged":true}},{"type":"Feature","geometry":{"type":"LineString","coordinates":[[103.928681,1.324929],[103.928705,1.32482]]},"properties":{"way":1487847808,"highway":"service","area":"bedok","osm_tagged":true}},{"type":"Feature","geometry":{"type":"LineString","coordinates":[[103.928697,1.324075],[103.928616,1.324388]]},"properties":{"way":1487847811,"highway":"service","area":"bedok","osm_tagged":true}},{"type":"Feature","geometry":{"type":"LineString","coordinates":[[103.928656,1.324436],[103.928616,1.324388]]},"properties":{"way":1487849852,"highway":"service","area":"bedok","osm_tagged":true}},{"type":"Feature","geometry":{"type":"LineString","coordinates":[[103.928515,1.324772],[103.928502,1.32482]]},"properties":{"way":1487849853,"highway":"service","area":"bedok","osm_tagged":true}},{"type":"Feature","geometry":{"type":"LineString","coordinates":[[103.942168,1.325508],[103.942226,1.325522]]},"properties":{"way":1530504282,"highway":"footway","area":"bedok","osm_tagged":false}},{"type":"Feature","geometry":{"type":"LineString","coordinates":[[103.942226,1.325522],[103.942359,1.325612]]},"properties":{"way":1530504282,"highway":"footway","area":"bedok","osm_tagged":false}},{"type":"Feature","geometry":{"type":"LineString","coordinates":[[103.942508,1.325665],[103.942489,1.325722]]},"properties":{"way":1530505963,"highway":"footway","area":"bedok","osm_tagged":false}},{"type":"Feature","geometry":{"type":"LineString","coordinates":[[103.935534,1.319514],[103.935881,1.31962]]},"properties":{"way":1531148693,"highway":"footway","area":"bedok","osm_tagged":false}},{"type":"Feature","geometry":{"type":"LineString","coordinates":[[103.933798,1.333544],[103.933768,1.333539]]},"properties":{"way":1532948149,"highway":"footway","area":"bedok","osm_tagged":true}},{"type":"Feature","geometry":{"type":"LineString","coordinates":[[103.933509,1.334906],[103.933517,1.33488]]},"properties":{"way":1532948151,"highway":"footway","area":"bedok","osm_tagged":true}},{"type":"Feature","geometry":{"type":"LineString","coordinates":[[103.933517,1.33488],[103.933536,1.334868]]},"properties":{"way":1532948151,"highway":"footway","area":"bedok","osm_tagged":true}},{"type":"Feature","geometry":{"type":"LineString","coordinates":[[103.929086,1.324816],[103.929074,1.324868]]},"properties":{"way":1552220322,"highway":"service","area":"bedok","osm_tagged":true}},{"type":"Feature","geometry":{"type":"LineString","coordinates":[[103.929074,1.324868],[103.929065,1.324909]]},"properties":{"way":1552220323,"highway":"service","area":"bedok","osm_tagged":true}},{"type":"Feature","geometry":{"type":"LineString","coordinates":[[103.928788,1.324712],[103.92875,1.324637]]},"properties":{"way":1552220324,"highway":"service","area":"bedok","osm_tagged":true}},{"type":"Feature","geometry":{"type":"LineString","coordinates":[[103.929086,1.324816],[103.928832,1.32477]]},"properties":{"way":1552220325,"highway":"service","area":"bedok","osm_tagged":true}},{"type":"Feature","geometry":{"type":"LineString","coordinates":[[103.928832,1.32477],[103.928788,1.324712]]},"properties":{"way":1552220325,"highway":"service","area":"bedok","osm_tagged":true}},{"type":"Feature","geometry":{"type":"LineString","coordinates":[[103.928705,1.32482],[103.92875,1.324637]]},"properties":{"way":1552220326,"highway":"service","area":"bedok","osm_tagged":true}},{"type":"Feature","geometry":{"type":"LineString","coordinates":[[103.929053,1.324958],[103.92941,1.325029]]},"properties":{"way":1552220327,"highway":"service","area":"bedok","osm_tagged":true}},{"type":"Feature","geometry":{"type":"LineString","coordinates":[[103.9294,1.325088],[103.929537,1.325114]]},"properties":{"way":1552220328,"highway":"service","area":"bedok","osm_tagged":true}},{"type":"Feature","geometry":{"type":"LineString","coordinates":[[103.841991,1.278365],[103.842116,1.278175]]},"properties":{"way":22919824,"highway":"residential","area":"outram","osm_tagged":false}},{"type":"Feature","geometry":{"type":"LineString","coordinates":[[103.837193,1.281126],[103.837199,1.281198]]},"properties":{"way":23135308,"highway":"residential","area":"outram","osm_tagged":false}},{"type":"Feature","geometry":{"type":"LineString","coordinates":[[103.837199,1.281198],[103.837192,1.281261]]},"properties":{"way":23135308,"highway":"residential","area":"outram","osm_tagged":false}},{"type":"Feature","geometry":{"type":"LineString","coordinates":[[103.837192,1.281261],[103.837174,1.281324]]},"properties":{"way":23135308,"highway":"residential","area":"outram","osm_tagged":false}},{"type":"Feature","geometry":{"type":"LineString","coordinates":[[103.837174,1.281324],[103.837138,1.281378]]},"properties":{"way":23135308,"highway":"residential","area":"outram","osm_tagged":false}},{"type":"Feature","geometry":{"type":"LineString","coordinates":[[103.837138,1.281378],[103.837122,1.281395]]},"properties":{"way":23135308,"highway":"residential","area":"outram","osm_tagged":false}},{"type":"Feature","geometry":{"type":"LineString","coordinates":[[103.837122,1.281395],[103.837083,1.281436]]},"properties":{"way":23135308,"highway":"residential","area":"outram","osm_tagged":false}},{"type":"Feature","geometry":{"type":"LineString","coordinates":[[103.837083,1.281436],[103.83698,1.281527]]},"properties":{"way":23135308,"highway":"residential","area":"outram","osm_tagged":false}},{"type":"Feature","geometry":{"type":"LineString","coordinates":[[103.834688,1.276173],[103.834758,1.276173]]},"properties":{"way":32341050,"highway":"primary","area":"outram","osm_tagged":false}},{"type":"Feature","geometry":{"type":"LineString","coordinates":[[103.834758,1.276173],[103.834824,1.276175]]},"properties":{"way":32341050,"highway":"primary","area":"outram","osm_tagged":false}},{"type":"Feature","geometry":{"type":"LineString","coordinates":[[103.842196,1.286908],[103.842142,1.286934]]},"properties":{"way":32507196,"highway":"residential","area":"outram","osm_tagged":false}},{"type":"Feature","geometry":{"type":"LineString","coordinates":[[103.842142,1.286934],[103.842099,1.286938]]},"properties":{"way":32507196,"highway":"residential","area":"outram","osm_tagged":false}},{"type":"Feature","geometry":{"type":"LineString","coordinates":[[103.842099,1.286938],[103.842016,1.286941]]},"properties":{"way":32507196,"highway":"residential","area":"outram","osm_tagged":false}},{"type":"Feature","geometry":{"type":"LineString","coordinates":[[103.832178,1.277745],[103.832173,1.277734]]},"properties":{"way":34915778,"highway":"footway","area":"outram","osm_tagged":true}},{"type":"Feature","geometry":{"type":"LineString","coordinates":[[103.832173,1.277734],[103.832,1.277397]]},"properties":{"way":34915778,"highway":"footway","area":"outram","osm_tagged":true}},{"type":"Feature","geometry":{"type":"LineString","coordinates":[[103.83493,1.276278],[103.834994,1.275986]]},"properties":{"way":34915779,"highway":"footway","area":"outram","osm_tagged":true}},{"type":"Feature","geometry":{"type":"LineString","coordinates":[[103.842359,1.283363],[103.842302,1.283297]]},"properties":{"way":34915781,"highway":"steps","area":"outram","osm_tagged":true}},{"type":"Feature","geometry":{"type":"LineString","coordinates":[[103.842302,1.283297],[103.842273,1.283324]]},"properties":{"way":34915781,"highway":"steps","area":"outram","osm_tagged":true}},{"type":"Feature","geometry":{"type":"LineString","coordinates":[[103.842273,1.283324],[103.842296,1.283352]]},"properties":{"way":34915781,"highway":"steps","area":"outram","osm_tagged":true}},{"type":"Feature","geometry":{"type":"LineString","coordinates":[[103.842296,1.283352],[103.842309,1.283341]]},"properties":{"way":34915781,"highway":"steps","area":"outram","osm_tagged":true}},{"type":"Feature","geometry":{"type":"LineString","coordinates":[[103.844484,1.285895],[103.844499,1.285882]]},"properties":{"way":47300932,"highway":"footway","area":"outram","osm_tagged":true}},{"type":"Feature","geometry":{"type":"LineString","coordinates":[[103.844499,1.285882],[103.844836,1.285581]]},"properties":{"way":47300932,"highway":"footway","area":"outram","osm_tagged":true}},{"type":"Feature","geometry":{"type":"LineString","coordinates":[[103.844836,1.285581],[103.844885,1.285555]]},"properties":{"way":47300932,"highway":"footway","area":"outram","osm_tagged":true}},{"type":"Feature","geometry":{"type":"LineString","coordinates":[[103.843088,1.284198],[103.843098,1.284188]]},"properties":{"way":47300933,"highway":"footway","area":"outram","osm_tagged":true}},{"type":"Feature","geometry":{"type":"LineString","coordinates":[[103.843098,1.284188],[103.8432,1.2841]]},"properties":{"way":47300933,"highway":"footway","area":"outram","osm_tagged":true}},{"type":"Feature","geometry":{"type":"LineString","coordinates":[[103.8432,1.2841],[103.843231,1.284074]]},"properties":{"way":47300933,"highway":"footway","area":"outram","osm_tagged":true}},{"type":"Feature","geometry":{"type":"LineString","coordinates":[[103.843231,1.284074],[103.843215,1.284056]]},"properties":{"way":47300933,"highway":"footway","area":"outram","osm_tagged":true}},{"type":"Feature","geometry":{"type":"LineString","coordinates":[[103.843215,1.284056],[103.843368,1.283924]]},"properties":{"way":47300933,"highway":"footway","area":"outram","osm_tagged":true}},{"type":"Feature","geometry":{"type":"LineString","coordinates":[[103.843368,1.283924],[103.843379,1.283915]]},"properties":{"way":47300933,"highway":"footway","area":"outram","osm_tagged":true}},{"type":"Feature","geometry":{"type":"LineString","coordinates":[[103.843379,1.283915],[103.843388,1.283861]]},"properties":{"way":47300933,"highway":"footway","area":"outram","osm_tagged":true}},{"type":"Feature","geometry":{"type":"LineString","coordinates":[[103.836231,1.279484],[103.836108,1.279563]]},"properties":{"way":47415811,"highway":"service","area":"outram","osm_tagged":false}},{"type":"Feature","geometry":{"type":"LineString","coordinates":[[103.836108,1.279563],[103.836038,1.279607]]},"properties":{"way":47415811,"highway":"service","area":"outram","osm_tagged":false}},{"type":"Feature","geometry":{"type":"LineString","coordinates":[[103.839768,1.287127],[103.839688,1.28708]]},"properties":{"way":128869357,"highway":"footway","area":"outram","osm_tagged":false}},{"type":"Feature","geometry":{"type":"LineString","coordinates":[[103.839688,1.28708],[103.839159,1.286771]]},"properties":{"way":128869357,"highway":"footway","area":"outram","osm_tagged":false}},{"type":"Feature","geometry":{"type":"LineString","coordinates":[[103.841391,1.281602],[103.84141,1.281585]]},"properties":{"way":149965089,"highway":"footway","area":"outram","osm_tagged":false}},{"type":"Feature","geometry":{"type":"LineString","coordinates":[[103.84141,1.281585],[103.841452,1.281537]]},"properties":{"way":149965089,"highway":"footway","area":"outram","osm_tagged":false}},{"type":"Feature","geometry":{"type":"LineString","coordinates":[[103.843808,1.281509],[103.843863,1.28161]]},"properties":{"way":149965092,"highway":"footway","area":"outram","osm_tagged":false}},{"type":"Feature","geometry":{"type":"LineString","coordinates":[[103.843863,1.28161],[103.843915,1.281705]]},"properties":{"way":149965092,"highway":"footway","area":"outram","osm_tagged":false}},{"type":"Feature","geometry":{"type":"LineString","coordinates":[[103.843808,1.281509],[103.843801,1.281498]]},"properties":{"way":149965109,"highway":"footway","area":"outram","osm_tagged":false}},{"type":"Feature","geometry":{"type":"LineString","coordinates":[[103.835019,1.276013],[103.835149,1.276046]]},"properties":{"way":170268951,"highway":"footway","area":"outram","osm_tagged":true}},{"type":"Feature","geometry":{"type":"LineString","coordinates":[[103.835149,1.276046],[103.835309,1.276091]]},"properties":{"way":170268951,"highway":"footway","area":"outram","osm_tagged":true}},{"type":"Feature","geometry":{"type":"LineString","coordinates":[[103.832,1.277397],[103.832028,1.277382]]},"properties":{"way":170269331,"highway":"steps","area":"outram","osm_tagged":true}},{"type":"Feature","geometry":{"type":"LineString","coordinates":[[103.832028,1.277382],[103.832071,1.277462]]},"properties":{"way":170269331,"highway":"steps","area":"outram","osm_tagged":true}},{"type":"Feature","geometry":{"type":"LineString","coordinates":[[103.836038,1.279607],[103.836029,1.279664]]},"properties":{"way":170270614,"highway":"service","area":"outram","osm_tagged":false}},{"type":"Feature","geometry":{"type":"LineString","coordinates":[[103.835868,1.279714],[103.835877,1.279767]]},"properties":{"way":170270619,"highway":"service","area":"outram","osm_tagged":false}},{"type":"Feature","geometry":{"type":"LineString","coordinates":[[103.842453,1.283378],[103.842409,1.283322]]},"properties":{"way":170958114,"highway":"footway","area":"outram","osm_tagged":false}},{"type":"Feature","geometry":{"type":"LineString","coordinates":[[103.842409,1.283322],[103.842359,1.283363]]},"properties":{"way":170958114,"highway":"footway","area":"outram","osm_tagged":false}},{"type":"Feature","geometry":{"type":"LineString","coordinates":[[103.843098,1.284188],[103.842999,1.284058]]},"properties":{"way":170958481,"highway":"steps","area":"outram","osm_tagged":true}},{"type":"Feature","geometry":{"type":"LineString","coordinates":[[103.84478,1.285373],[103.844813,1.285391]]},"properties":{"way":170959105,"highway":"service","area":"outram","osm_tagged":true}},{"type":"Feature","geometry":{"type":"LineString","coordinates":[[103.844813,1.285391],[103.844844,1.285415]]},"properties":{"way":170959105,"highway":"service","area":"outram","osm_tagged":true}},{"type":"Feature","geometry":{"type":"LineString","coordinates":[[103.844844,1.285415],[103.844898,1.285473]]},"properties":{"way":170959105,"highway":"service","area":"outram","osm_tagged":true}},{"type":"Feature","geometry":{"type":"LineString","coordinates":[[103.844898,1.285473],[103.844934,1.285528]]},"properties":{"way":170959105,"highway":"service","area":"outram","osm_tagged":true}},{"type":"Feature","geometry":{"type":"LineString","coordinates":[[103.844934,1.285528],[103.844942,1.285578]]},"properties":{"way":170959105,"highway":"service","area":"outram","osm_tagged":true}},{"type":"Feature","geometry":{"type":"LineString","coordinates":[[103.844942,1.285578],[103.844938,1.285642]]},"properties":{"way":170959105,"highway":"service","area":"outram","osm_tagged":true}},{"type":"Feature","geometry":{"type":"LineString","coordinates":[[103.844805,1.285582],[103.844772,1.285545]]},"properties":{"way":170959107,"highway":"steps","area":"outram","osm_tagged":true}},{"type":"Feature","geometry":{"type":"LineString","coordinates":[[103.844772,1.285545],[103.844788,1.285528]]},"properties":{"way":170959107,"highway":"steps","area":"outram","osm_tagged":true}},{"type":"Feature","geometry":{"type":"LineString","coordinates":[[103.844788,1.285528],[103.844836,1.285581]]},"properties":{"way":170959107,"highway":"steps","area":"outram","osm_tagged":true}},{"type":"Feature","geometry":{"type":"LineString","coordinates":[[103.834692,1.284343],[103.834606,1.284]]},"properties":{"way":172242432,"highway":"footway","area":"outram","osm_tagged":true}},{"type":"Feature","geometry":{"type":"LineString","coordinates":[[103.839281,1.281195],[103.839325,1.281165]]},"properties":{"way":172263115,"highway":"footway","area":"outram","osm_tagged":false}},{"type":"Feature","geometry":{"type":"LineString","coordinates":[[103.839325,1.281165],[103.839344,1.281152]]},"properties":{"way":172263115,"highway":"footway","area":"outram","osm_tagged":false}},{"type":"Feature","geometry":{"type":"LineString","coordinates":[[103.839344,1.281152],[103.83983,1.28082]]},"properties":{"way":172263115,"highway":"footway","area":"outram","osm_tagged":false}},{"type":"Feature","geometry":{"type":"LineString","coordinates":[[103.838726,1.279081],[103.838833,1.279134]]},"properties":{"way":172264400,"highway":"footway","area":"outram","osm_tagged":true}},{"type":"Feature","geometry":{"type":"LineString","coordinates":[[103.838833,1.279134],[103.838965,1.27927]]},"properties":{"way":172264400,"highway":"footway","area":"outram","osm_tagged":true}},{"type":"Feature","geometry":{"type":"LineString","coordinates":[[103.838965,1.27927],[103.839179,1.27945]]},"properties":{"way":172264400,"highway":"footway","area":"outram","osm_tagged":true}},{"type":"Feature","geometry":{"type":"LineString","coordinates":[[103.839179,1.27945],[103.839154,1.279472]]},"properties":{"way":172264400,"highway":"footway","area":"outram","osm_tagged":true}},{"type":"Feature","geometry":{"type":"LineString","coordinates":[[103.839154,1.279472],[103.839125,1.279496]]},"properties":{"way":172264400,"highway":"footway","area":"outram","osm_tagged":true}},{"type":"Feature","geometry":{"type":"LineString","coordinates":[[103.83789,1.278512],[103.837898,1.278499]]},"properties":{"way":172264403,"highway":"footway","area":"outram","osm_tagged":true}},{"type":"Feature","geometry":{"type":"LineString","coordinates":[[103.837384,1.279503],[103.837916,1.278958]]},"properties":{"way":172264404,"highway":"footway","area":"outram","osm_tagged":true}},{"type":"Feature","geometry":{"type":"LineString","coordinates":[[103.837916,1.278958],[103.838357,1.278841]]},"properties":{"way":172264404,"highway":"footway","area":"outram","osm_tagged":true}},{"type":"Feature","geometry":{"type":"LineString","coordinates":[[103.838406,1.278936],[103.83844,1.278894]]},"properties":{"way":172264406,"highway":"footway","area":"outram","osm_tagged":true}},{"type":"Feature","geometry":{"type":"LineString","coordinates":[[103.837872,1.280317],[103.837835,1.280288]]},"properties":{"way":172264409,"highway":"footway","area":"outram","osm_tagged":true}},{"type":"Feature","geometry":{"type":"LineString","coordinates":[[103.837835,1.280288],[103.837789,1.280239]]},"properties":{"way":172264409,"highway":"footway","area":"outram","osm_tagged":true}},{"type":"Feature","geometry":{"type":"LineString","coordinates":[[103.837789,1.280239],[103.837781,1.280201]]},"properties":{"way":172264409,"highway":"footway","area":"outram","osm_tagged":true}},{"type":"Feature","geometry":{"type":"LineString","coordinates":[[103.837781,1.280201],[103.837408,1.279544]]},"properties":{"way":172264409,"highway":"footway","area":"outram","osm_tagged":true}},{"type":"Feature","geometry":{"type":"LineString","coordinates":[[103.837408,1.279544],[103.837384,1.279503]]},"properties":{"way":172264409,"highway":"footway","area":"outram","osm_tagged":true}},{"type":"Feature","geometry":{"type":"LineString","coordinates":[[103.837384,1.279503],[103.837296,1.279445]]},"properties":{"way":172264409,"highway":"footway","area":"outram","osm_tagged":true}},{"type":"Feature","geometry":{"type":"LineString","coordinates":[[103.837296,1.279445],[103.83724,1.279483]]},"properties":{"way":172264409,"highway":"footway","area":"outram","osm_tagged":true}},{"type":"Feature","geometry":{"type":"LineString","coordinates":[[103.83724,1.279483],[103.837164,1.279525]]},"properties":{"way":172264409,"highway":"footway","area":"outram","osm_tagged":true}},{"type":"Feature","geometry":{"type":"LineString","coordinates":[[103.837164,1.279525],[103.837061,1.279357]]},"properties":{"way":172264409,"highway":"footway","area":"outram","osm_tagged":true}},{"type":"Feature","geometry":{"type":"LineString","coordinates":[[103.837061,1.279357],[103.836967,1.279418]]},"properties":{"way":172264409,"highway":"footway","area":"outram","osm_tagged":true}},{"type":"Feature","geometry":{"type":"LineString","coordinates":[[103.836967,1.279418],[103.836889,1.279435]]},"properties":{"way":172264409,"highway":"footway","area":"outram","osm_tagged":true}},{"type":"Feature","geometry":{"type":"LineString","coordinates":[[103.836889,1.279435],[103.836726,1.27953]]},"properties":{"way":172264409,"highway":"footway","area":"outram","osm_tagged":true}},{"type":"Feature","geometry":{"type":"LineString","coordinates":[[103.836726,1.27953],[103.836639,1.279629]]},"properties":{"way":172264409,"highway":"footway","area":"outram","osm_tagged":true}},{"type":"Feature","geometry":{"type":"LineString","coordinates":[[103.836639,1.279629],[103.836432,1.279756]]},"properties":{"way":172264409,"highway":"footway","area":"outram","osm_tagged":true}},{"type":"Feature","geometry":{"type":"LineString","coordinates":[[103.836432,1.279756],[103.836387,1.279784]]},"properties":{"way":172264409,"highway":"footway","area":"outram","osm_tagged":true}},{"type":"Feature","geometry":{"type":"LineString","coordinates":[[103.836387,1.279784],[103.83625,1.2796]]},"properties":{"way":172264409,"highway":"footway","area":"outram","osm_tagged":true}},{"type":"Feature","geometry":{"type":"LineString","coordinates":[[103.83625,1.2796],[103.836159,1.279647]]},"properties":{"way":172264409,"highway":"footway","area":"outram","osm_tagged":true}},{"type":"Feature","geometry":{"type":"LineString","coordinates":[[103.836159,1.279647],[103.836108,1.279563]]},"properties":{"way":172264409,"highway":"footway","area":"outram","osm_tagged":true}},{"type":"Feature","geometry":{"type":"LineString","coordinates":[[103.836108,1.279563],[103.83608,1.27952]]},"properties":{"way":172264409,"highway":"footway","area":"outram","osm_tagged":true}},{"type":"Feature","geometry":{"type":"LineString","coordinates":[[103.83608,1.27952],[103.835954,1.279598]]},"properties":{"way":172264409,"highway":"footway","area":"outram","osm_tagged":true}},{"type":"Feature","geometry":{"type":"LineString","coordinates":[[103.835954,1.279598],[103.83558,1.279816]]},"properties":{"way":172264409,"highway":"footway","area":"outram","osm_tagged":true}},{"type":"Feature","geometry":{"type":"LineString","coordinates":[[103.838353,1.2788],[103.837918,1.27853]]},"properties":{"way":172264413,"highway":"footway","area":"outram","osm_tagged":true}},{"type":"Feature","geometry":{"type":"LineString","coordinates":[[103.837918,1.27853],[103.83789,1.278512]]},"properties":{"way":172264413,"highway":"footway","area":"outram","osm_tagged":true}},{"type":"Feature","geometry":{"type":"LineString","coordinates":[[103.83789,1.278512],[103.837261,1.278094]]},"properties":{"way":172264413,"highway":"footway","area":"outram","osm_tagged":true}},{"type":"Feature","geometry":{"type":"LineString","coordinates":[[103.837915,1.278486],[103.838075,1.278239]]},"properties":{"way":172264415,"highway":"footway","area":"outram","osm_tagged":true}},{"type":"Feature","geometry":{"type":"LineString","coordinates":[[103.838075,1.278239],[103.838113,1.278181]]},"properties":{"way":172264415,"highway":"footway","area":"outram","osm_tagged":true}},{"type":"Feature","geometry":{"type":"LineString","coordinates":[[103.835399,1.279801],[103.835273,1.27979]]},"properties":{"way":172267187,"highway":"footway","area":"outram","osm_tagged":false}},{"type":"Feature","geometry":{"type":"LineString","coordinates":[[103.842462,1.285334],[103.842572,1.285234]]},"properties":{"way":172597498,"highway":"footway","area":"outram","osm_tagged":true}},{"type":"Feature","geometry":{"type":"LineString","coordinates":[[103.841011,1.276401],[103.841036,1.276412]]},"properties":{"way":172816378,"highway":"service","area":"outram","osm_tagged":true}},{"type":"Feature","geometry":{"type":"LineString","coordinates":[[103.841036,1.276412],[103.841068,1.276414]]},"properties":{"way":172816378,"highway":"service","area":"outram","osm_tagged":true}},{"type":"Feature","geometry":{"type":"LineString","coordinates":[[103.841068,1.276414],[103.841099,1.276404]]},"properties":{"way":172816378,"highway":"service","area":"outram","osm_tagged":true}},{"type":"Feature","geometry":{"type":"LineString","coordinates":[[103.841099,1.276404],[103.841124,1.276384]]},"properties":{"way":172816378,"highway":"service","area":"outram","osm_tagged":true}},{"type":"Feature","geometry":{"type":"LineString","coordinates":[[103.841124,1.276384],[103.841138,1.276363]]},"properties":{"way":172816378,"highway":"service","area":"outram","osm_tagged":true}},{"type":"Feature","geometry":{"type":"LineString","coordinates":[[103.841138,1.276363],[103.841145,1.276339]]},"properties":{"way":172816378,"highway":"service","area":"outram","osm_tagged":true}},{"type":"Feature","geometry":{"type":"LineString","coordinates":[[103.841145,1.276339],[103.841144,1.276299]]},"properties":{"way":172816378,"highway":"service","area":"outram","osm_tagged":true}},{"type":"Feature","geometry":{"type":"LineString","coordinates":[[103.841144,1.276299],[103.841127,1.276267]]},"properties":{"way":172816378,"highway":"service","area":"outram","osm_tagged":true}},{"type":"Feature","geometry":{"type":"LineString","coordinates":[[103.841127,1.276267],[103.841099,1.276243]]},"properties":{"way":172816378,"highway":"service","area":"outram","osm_tagged":true}},{"type":"Feature","geometry":{"type":"LineString","coordinates":[[103.841099,1.276243],[103.841082,1.276238]]},"properties":{"way":172816378,"highway":"service","area":"outram","osm_tagged":true}},{"type":"Feature","geometry":{"type":"LineString","coordinates":[[103.841082,1.276238],[103.841065,1.276232]]},"properties":{"way":172816378,"highway":"service","area":"outram","osm_tagged":true}},{"type":"Feature","geometry":{"type":"LineString","coordinates":[[103.841065,1.276232],[103.841043,1.276234]]},"properties":{"way":172816378,"highway":"service","area":"outram","osm_tagged":true}},{"type":"Feature","geometry":{"type":"LineString","coordinates":[[103.841043,1.276234],[103.841021,1.276238]]},"properties":{"way":172816378,"highway":"service","area":"outram","osm_tagged":true}},{"type":"Feature","geometry":{"type":"LineString","coordinates":[[103.841021,1.276238],[103.840993,1.276238]]},"properties":{"way":172816378,"highway":"service","area":"outram","osm_tagged":true}},{"type":"Feature","geometry":{"type":"LineString","coordinates":[[103.841089,1.276128],[103.841065,1.276232]]},"properties":{"way":172816379,"highway":"service","area":"outram","osm_tagged":true}},{"type":"Feature","geometry":{"type":"LineString","coordinates":[[103.841011,1.276401],[103.84102,1.27648]]},"properties":{"way":172816380,"highway":"service","area":"outram","osm_tagged":true}},{"type":"Feature","geometry":{"type":"LineString","coordinates":[[103.84102,1.27648],[103.841147,1.276732]]},"properties":{"way":172816380,"highway":"service","area":"outram","osm_tagged":true}},{"type":"Feature","geometry":{"type":"LineString","coordinates":[[103.841147,1.276732],[103.841106,1.276803]]},"properties":{"way":172816380,"highway":"service","area":"outram","osm_tagged":true}},{"type":"Feature","geometry":{"type":"LineString","coordinates":[[103.841106,1.276803],[103.841094,1.276858]]},"properties":{"way":172816380,"highway":"service","area":"outram","osm_tagged":true}},{"type":"Feature","geometry":{"type":"LineString","coordinates":[[103.841094,1.276858],[103.841081,1.276916]]},"properties":{"way":172816380,"highway":"service","area":"outram","osm_tagged":true}},{"type":"Feature","geometry":{"type":"LineString","coordinates":[[103.841144,1.276299],[103.841188,1.276236]]},"properties":{"way":172816382,"highway":"service","area":"outram","osm_tagged":true}},{"type":"Feature","geometry":{"type":"LineString","coordinates":[[103.841143,1.276416],[103.841124,1.276384]]},"properties":{"way":172816383,"highway":"service","area":"outram","osm_tagged":true}},{"type":"Feature","geometry":{"type":"LineString","coordinates":[[103.838226,1.281811],[103.838357,1.281709]]},"properties":{"way":173767778,"highway":"primary","area":"outram","osm_tagged":false}},{"type":"Feature","geometry":{"type":"LineString","coordinates":[[103.844491,1.286068],[103.844607,1.286213]]},"properties":{"way":184786265,"highway":"footway","area":"outram","osm_tagged":true}},{"type":"Feature","geometry":{"type":"LineString","coordinates":[[103.844815,1.286612],[103.845011,1.286873]]},"properties":{"way":184786271,"highway":"footway","area":"outram","osm_tagged":true}},{"type":"Feature","geometry":{"type":"LineString","coordinates":[[103.830022,1.278553],[103.830043,1.27859]]},"properties":{"way":230628070,"highway":"footway","area":"outram","osm_tagged":false}},{"type":"Feature","geometry":{"type":"LineString","coordinates":[[103.829916,1.278355],[103.829961,1.278339]]},"properties":{"way":230628073,"highway":"footway","area":"outram","osm_tagged":true}},{"type":"Feature","geometry":{"type":"LineString","coordinates":[[103.829961,1.278339],[103.830039,1.278067]]},"properties":{"way":230628073,"highway":"footway","area":"outram","osm_tagged":true}},{"type":"Feature","geometry":{"type":"LineString","coordinates":[[103.830039,1.278067],[103.829974,1.277935]]},"properties":{"way":230628073,"highway":"footway","area":"outram","osm_tagged":true}},{"type":"Feature","geometry":{"type":"LineString","coordinates":[[103.830137,1.277808],[103.830272,1.277741]]},"properties":{"way":230628075,"highway":"footway","area":"outram","osm_tagged":true}},{"type":"Feature","geometry":{"type":"LineString","coordinates":[[103.832064,1.277297],[103.832141,1.277429]]},"properties":{"way":230628076,"highway":"footway","area":"outram","osm_tagged":true}},{"type":"Feature","geometry":{"type":"LineString","coordinates":[[103.832141,1.277429],[103.832144,1.277433]]},"properties":{"way":230628076,"highway":"footway","area":"outram","osm_tagged":true}},{"type":"Feature","geometry":{"type":"LineString","coordinates":[[103.832144,1.277433],[103.832153,1.277448]]},"properties":{"way":230628076,"highway":"footway","area":"outram","osm_tagged":true}},{"type":"Feature","geometry":{"type":"LineString","coordinates":[[103.838131,1.278151],[103.838124,1.278162]]},"properties":{"way":230628079,"highway":"footway","area":"outram","osm_tagged":false}},{"type":"Feature","geometry":{"type":"LineString","coordinates":[[103.843894,1.282469],[103.843924,1.282451]]},"properties":{"way":269909056,"highway":"pedestrian","area":"outram","osm_tagged":true}},{"type":"Feature","geometry":{"type":"LineString","coordinates":[[103.843924,1.282451],[103.844194,1.282296]]},"properties":{"way":269909056,"highway":"pedestrian","area":"outram","osm_tagged":true}},{"type":"Feature","geometry":{"type":"LineString","coordinates":[[103.844194,1.282296],[103.844614,1.282054]]},"properties":{"way":269909056,"highway":"pedestrian","area":"outram","osm_tagged":true}},{"type":"Feature","geometry":{"type":"LineString","coordinates":[[103.844614,1.282054],[103.844739,1.281982]]},"properties":{"way":269909056,"highway":"pedestrian","area":"outram","osm_tagged":true}},{"type":"Feature","geometry":{"type":"LineString","coordinates":[[103.844739,1.281982],[103.844939,1.281866]]},"properties":{"way":269909056,"highway":"pedestrian","area":"outram","osm_tagged":true}},{"type":"Feature","geometry":{"type":"LineString","coordinates":[[103.844939,1.281866],[103.844946,1.281862]]},"properties":{"way":269909056,"highway":"pedestrian","area":"outram","osm_tagged":true}},{"type":"Feature","geometry":{"type":"LineString","coordinates":[[103.844946,1.281862],[103.845062,1.2818]]},"properties":{"way":269909056,"highway":"pedestrian","area":"outram","osm_tagged":true}},{"type":"Feature","geometry":{"type":"LineString","coordinates":[[103.841452,1.281537],[103.841534,1.281572]]},"properties":{"way":303276699,"highway":"footway","area":"outram","osm_tagged":false}},{"type":"Feature","geometry":{"type":"LineString","coordinates":[[103.842108,1.284784],[103.841716,1.284775]]},"properties":{"way":303339289,"highway":"steps","area":"outram","osm_tagged":true}},{"type":"Feature","geometry":{"type":"LineString","coordinates":[[103.843098,1.284188],[103.843137,1.284231]]},"properties":{"way":303340719,"highway":"steps","area":"outram","osm_tagged":true}},{"type":"Feature","geometry":{"type":"LineString","coordinates":[[103.843137,1.284231],[103.843197,1.284176]]},"properties":{"way":303340719,"highway":"steps","area":"outram","osm_tagged":true}},{"type":"Feature","geometry":{"type":"LineString","coordinates":[[103.842963,1.275961],[103.84291,1.275673]]},"properties":{"way":310320763,"highway":"corridor","area":"outram","osm_tagged":true}},{"type":"Feature","geometry":{"type":"LineString","coordinates":[[103.84291,1.275673],[103.842739,1.2748]]},"properties":{"way":310320763,"highway":"corridor","area":"outram","osm_tagged":true}},{"type":"Feature","geometry":{"type":"LineString","coordinates":[[103.844741,1.281278],[103.844655,1.281193]]},"properties":{"way":447713241,"highway":"secondary","area":"outram","osm_tagged":false}},{"type":"Feature","geometry":{"type":"LineString","coordinates":[[103.835571,1.275636],[103.83558,1.275517]]},"properties":{"way":461655195,"highway":"footway","area":"outram","osm_tagged":true}},{"type":"Feature","geometry":{"type":"LineString","coordinates":[[103.83558,1.275517],[103.835646,1.275289]]},"properties":{"way":461655195,"highway":"footway","area":"outram","osm_tagged":true}},{"type":"Feature","geometry":{"type":"LineString","coordinates":[[103.835646,1.275289],[103.835666,1.275234]]},"properties":{"way":461655195,"highway":"footway","area":"outram","osm_tagged":true}},{"type":"Feature","geometry":{"type":"LineString","coordinates":[[103.835666,1.275234],[103.83572,1.275088]]},"properties":{"way":461655195,"highway":"footway","area":"outram","osm_tagged":true}},{"type":"Feature","geometry":{"type":"LineString","coordinates":[[103.83572,1.275088],[103.835785,1.274913]]},"properties":{"way":461655195,"highway":"footway","area":"outram","osm_tagged":true}},{"type":"Feature","geometry":{"type":"LineString","coordinates":[[103.835785,1.274913],[103.835806,1.274856]]},"properties":{"way":461655195,"highway":"footway","area":"outram","osm_tagged":true}},{"type":"Feature","geometry":{"type":"LineString","coordinates":[[103.834859,1.279383],[103.835151,1.279405]]},"properties":{"way":463203745,"highway":"footway","area":"outram","osm_tagged":true}},{"type":"Feature","geometry":{"type":"LineString","coordinates":[[103.835151,1.279405],[103.835179,1.279103]]},"properties":{"way":463203745,"highway":"footway","area":"outram","osm_tagged":true}},{"type":"Feature","geometry":{"type":"LineString","coordinates":[[103.835179,1.279103],[103.835349,1.278861]]},"properties":{"way":463203745,"highway":"footway","area":"outram","osm_tagged":true}},{"type":"Feature","geometry":{"type":"LineString","coordinates":[[103.835349,1.278861],[103.835656,1.278671]]},"properties":{"way":463203745,"highway":"footway","area":"outram","osm_tagged":true}},{"type":"Feature","geometry":{"type":"LineString","coordinates":[[103.837767,1.280386],[103.837835,1.280288]]},"properties":{"way":464779309,"highway":"service","area":"outram","osm_tagged":false}},{"type":"Feature","geometry":{"type":"LineString","coordinates":[[103.837835,1.280288],[103.837886,1.280131]]},"properties":{"way":464779309,"highway":"service","area":"outram","osm_tagged":false}},{"type":"Feature","geometry":{"type":"LineString","coordinates":[[103.842016,1.286941],[103.842082,1.286978]]},"properties":{"way":464779334,"highway":"residential","area":"outram","osm_tagged":false}},{"type":"Feature","geometry":{"type":"LineString","coordinates":[[103.844868,1.281329],[103.844855,1.281309]]},"properties":{"way":469291886,"highway":"footway","area":"outram","osm_tagged":false}},{"type":"Feature","geometry":{"type":"LineString","coordinates":[[103.844855,1.281309],[103.844819,1.281248]]},"properties":{"way":469291886,"highway":"footway","area":"outram","osm_tagged":false}},{"type":"Feature","geometry":{"type":"LineString","coordinates":[[103.844819,1.281248],[103.84478,1.281181]]},"properties":{"way":469291886,"highway":"footway","area":"outram","osm_tagged":false}},{"type":"Feature","geometry":{"type":"LineString","coordinates":[[103.84478,1.281181],[103.844758,1.281101]]},"properties":{"way":469291886,"highway":"footway","area":"outram","osm_tagged":false}},{"type":"Feature","geometry":{"type":"LineString","coordinates":[[103.844758,1.281101],[103.844729,1.281052]]},"properties":{"way":469291886,"highway":"footway","area":"outram","osm_tagged":false}},{"type":"Feature","geometry":{"type":"LineString","coordinates":[[103.844729,1.281052],[103.844588,1.280816]]},"properties":{"way":469291886,"highway":"footway","area":"outram","osm_tagged":false}},{"type":"Feature","geometry":{"type":"LineString","coordinates":[[103.844588,1.280816],[103.84469,1.280748]]},"properties":{"way":469291886,"highway":"footway","area":"outram","osm_tagged":false}},{"type":"Feature","geometry":{"type":"LineString","coordinates":[[103.844819,1.281396],[103.844751,1.281294]]},"properties":{"way":477930091,"highway":"secondary","area":"outram","osm_tagged":false}},{"type":"Feature","geometry":{"type":"LineString","coordinates":[[103.844751,1.281294],[103.844741,1.281278]]},"properties":{"way":477930091,"highway":"secondary","area":"outram","osm_tagged":false}},{"type":"Feature","geometry":{"type":"LineString","coordinates":[[103.83493,1.276278],[103.834882,1.276266]]},"properties":{"way":479249688,"highway":"steps","area":"outram","osm_tagged":true}},{"type":"Feature","geometry":{"type":"LineString","coordinates":[[103.834882,1.276266],[103.834889,1.276236]]},"properties":{"way":479249688,"highway":"steps","area":"outram","osm_tagged":true}},{"type":"Feature","geometry":{"type":"LineString","coordinates":[[103.834889,1.276236],[103.834903,1.27618]]},"properties":{"way":479249688,"highway":"steps","area":"outram","osm_tagged":true}},{"type":"Feature","geometry":{"type":"LineString","coordinates":[[103.832173,1.277734],[103.832212,1.277714]]},"properties":{"way":479249910,"highway":"steps","area":"outram","osm_tagged":true}},{"type":"Feature","geometry":{"type":"LineString","coordinates":[[103.832212,1.277714],[103.832184,1.277663]]},"properties":{"way":479249910,"highway":"steps","area":"outram","osm_tagged":true}},{"type":"Feature","geometry":{"type":"LineString","coordinates":[[103.832184,1.277663],[103.832162,1.277624]]},"properties":{"way":479249910,"highway":"steps","area":"outram","osm_tagged":true}},{"type":"Feature","geometry":{"type":"LineString","coordinates":[[103.835161,1.276128],[103.834994,1.27608]]},"properties":{"way":480684175,"highway":"primary","area":"outram","osm_tagged":false}},{"type":"Feature","geometry":{"type":"LineString","coordinates":[[103.834824,1.276175],[103.834903,1.27618]]},"properties":{"way":480684177,"highway":"primary","area":"outram","osm_tagged":false}},{"type":"Feature","geometry":{"type":"LineString","coordinates":[[103.834903,1.27618],[103.834978,1.276207]]},"properties":{"way":480684177,"highway":"primary","area":"outram","osm_tagged":false}},{"type":"Feature","geometry":{"type":"LineString","coordinates":[[103.839569,1.286937],[103.839794,1.287077]]},"properties":{"way":480746659,"highway":"primary","area":"outram","osm_tagged":false}},{"type":"Feature","geometry":{"type":"LineString","coordinates":[[103.843317,1.284013],[103.843263,1.283948]]},"properties":{"way":480904772,"highway":"primary","area":"outram","osm_tagged":true}},{"type":"Feature","geometry":{"type":"LineString","coordinates":[[103.843197,1.284176],[103.843265,1.284258]]},"properties":{"way":480904774,"highway":"primary","area":"outram","osm_tagged":true}},{"type":"Feature","geometry":{"type":"LineString","coordinates":[[103.843265,1.284258],[103.843378,1.284395]]},"properties":{"way":480904774,"highway":"primary","area":"outram","osm_tagged":true}},{"type":"Feature","geometry":{"type":"LineString","coordinates":[[103.841129,1.275375],[103.841103,1.275503]]},"properties":{"way":481596154,"highway":"steps","area":"outram","osm_tagged":true}},{"type":"Feature","geometry":{"type":"LineString","coordinates":[[103.840815,1.275446],[103.840788,1.275441]]},"properties":{"way":481596157,"highway":"footway","area":"outram","osm_tagged":true}},{"type":"Feature","geometry":{"type":"LineString","coordinates":[[103.840788,1.275441],[103.840825,1.27519]]},"properties":{"way":481596157,"highway":"footway","area":"outram","osm_tagged":true}},{"type":"Feature","geometry":{"type":"LineString","coordinates":[[103.84091,1.275299],[103.840883,1.275458]]},"properties":{"way":481596160,"highway":"primary","area":"outram","osm_tagged":false}},{"type":"Feature","geometry":{"type":"LineString","coordinates":[[103.832096,1.277512],[103.832013,1.277554]]},"properties":{"way":481623200,"highway":"primary","area":"outram","osm_tagged":false}},{"type":"Feature","geometry":{"type":"LineString","coordinates":[[103.82994,1.278576],[103.83001,1.278531]]},"properties":{"way":481623204,"highway":"primary","area":"outram","osm_tagged":false}},{"type":"Feature","geometry":{"type":"LineString","coordinates":[[103.844557,1.275107],[103.844558,1.274896]]},"properties":{"way":508994101,"highway":"corridor","area":"outram","osm_tagged":true}},{"type":"Feature","geometry":{"type":"LineString","coordinates":[[103.844558,1.274896],[103.844498,1.274876]]},"properties":{"way":508994101,"highway":"corridor","area":"outram","osm_tagged":true}},{"type":"Feature","geometry":{"type":"LineString","coordinates":[[103.844498,1.274876],[103.844454,1.274875]]},"properties":{"way":508994101,"highway":"corridor","area":"outram","osm_tagged":true}},{"type":"Feature","geometry":{"type":"LineString","coordinates":[[103.844454,1.274875],[103.844367,1.274339]]},"properties":{"way":508994101,"highway":"corridor","area":"outram","osm_tagged":true}},{"type":"Feature","geometry":{"type":"LineString","coordinates":[[103.844729,1.275381],[103.844709,1.275235]]},"properties":{"way":508994102,"highway":"corridor","area":"outram","osm_tagged":true}},{"type":"Feature","geometry":{"type":"LineString","coordinates":[[103.844709,1.275235],[103.844689,1.275162]]},"properties":{"way":508994102,"highway":"corridor","area":"outram","osm_tagged":true}},{"type":"Feature","geometry":{"type":"LineString","coordinates":[[103.844689,1.275162],[103.844644,1.275122]]},"properties":{"way":508994102,"highway":"corridor","area":"outram","osm_tagged":true}},{"type":"Feature","geometry":{"type":"LineString","coordinates":[[103.844644,1.275122],[103.844557,1.275107]]},"properties":{"way":508994102,"highway":"corridor","area":"outram","osm_tagged":true}},{"type":"Feature","geometry":{"type":"LineString","coordinates":[[103.844557,1.275107],[103.844025,1.27502]]},"properties":{"way":508994102,"highway":"corridor","area":"outram","osm_tagged":true}},{"type":"Feature","geometry":{"type":"LineString","coordinates":[[103.831494,1.277127],[103.831376,1.27719]]},"properties":{"way":527668772,"highway":"service","area":"outram","osm_tagged":true}},{"type":"Feature","geometry":{"type":"LineString","coordinates":[[103.831149,1.277313],[103.831024,1.277381]]},"properties":{"way":527668775,"highway":"service","area":"outram","osm_tagged":true}},{"type":"Feature","geometry":{"type":"LineString","coordinates":[[103.833284,1.280814],[103.833301,1.280842]]},"properties":{"way":527689471,"highway":"service","area":"outram","osm_tagged":true}},{"type":"Feature","geometry":{"type":"LineString","coordinates":[[103.838644,1.281295],[103.838545,1.281289]]},"properties":{"way":533064428,"highway":"residential","area":"outram","osm_tagged":false}},{"type":"Feature","geometry":{"type":"LineString","coordinates":[[103.838545,1.281289],[103.838476,1.281266]]},"properties":{"way":533064428,"highway":"residential","area":"outram","osm_tagged":false}},{"type":"Feature","geometry":{"type":"LineString","coordinates":[[103.838476,1.281266],[103.838389,1.281217]]},"properties":{"way":533064428,"highway":"residential","area":"outram","osm_tagged":false}},{"type":"Feature","geometry":{"type":"LineString","coordinates":[[103.838389,1.281217],[103.838426,1.28131]]},"properties":{"way":533064429,"highway":"residential","area":"outram","osm_tagged":false}},{"type":"Feature","geometry":{"type":"LineString","coordinates":[[103.834534,1.281842],[103.834669,1.281975]]},"properties":{"way":538107270,"highway":"footway","area":"outram","osm_tagged":true}},{"type":"Feature","geometry":{"type":"LineString","coordinates":[[103.834669,1.281975],[103.834798,1.281947]]},"properties":{"way":538107270,"highway":"footway","area":"outram","osm_tagged":true}},{"type":"Feature","geometry":{"type":"LineString","coordinates":[[103.834615,1.278394],[103.834616,1.278466]]},"properties":{"way":540854809,"highway":"service","area":"outram","osm_tagged":true}},{"type":"Feature","geometry":{"type":"LineString","coordinates":[[103.834616,1.278466],[103.834632,1.278514]]},"properties":{"way":540854809,"highway":"service","area":"outram","osm_tagged":true}},{"type":"Feature","geometry":{"type":"LineString","coordinates":[[103.834632,1.278514],[103.834662,1.278531]]},"properties":{"way":540854809,"highway":"service","area":"outram","osm_tagged":true}},{"type":"Feature","geometry":{"type":"LineString","coordinates":[[103.834662,1.278531],[103.834717,1.278541]]},"properties":{"way":540854809,"highway":"service","area":"outram","osm_tagged":true}},{"type":"Feature","geometry":{"type":"LineString","coordinates":[[103.834717,1.278541],[103.834742,1.278543]]},"properties":{"way":540854809,"highway":"service","area":"outram","osm_tagged":true}},{"type":"Feature","geometry":{"type":"LineString","coordinates":[[103.841337,1.281938],[103.841281,1.281993]]},"properties":{"way":540860609,"highway":"service","area":"outram","osm_tagged":false}},{"type":"Feature","geometry":{"type":"LineString","coordinates":[[103.834859,1.280614],[103.834795,1.280599]]},"properties":{"way":541112370,"highway":"service","area":"outram","osm_tagged":true}},{"type":"Feature","geometry":{"type":"LineString","coordinates":[[103.834795,1.280599],[103.834754,1.280596]]},"properties":{"way":541112370,"highway":"service","area":"outram","osm_tagged":true}},{"type":"Feature","geometry":{"type":"LineString","coordinates":[[103.834754,1.280596],[103.834656,1.280588]]},"properties":{"way":541112370,"highway":"service","area":"outram","osm_tagged":true}},{"type":"Feature","geometry":{"type":"LineString","coordinates":[[103.842483,1.280777],[103.842377,1.280719]]},"properties":{"way":541114387,"highway":"service","area":"outram","osm_tagged":true}},{"type":"Feature","geometry":{"type":"LineString","coordinates":[[103.83388,1.278118],[103.834153,1.278144]]},"properties":{"way":541114392,"highway":"service","area":"outram","osm_tagged":true}},{"type":"Feature","geometry":{"type":"LineString","coordinates":[[103.840061,1.279962],[103.840282,1.279775]]},"properties":{"way":541965584,"highway":"residential","area":"outram","osm_tagged":true}},{"type":"Feature","geometry":{"type":"LineString","coordinates":[[103.838499,1.280181],[103.838537,1.280181]]},"properties":{"way":541969381,"highway":"service","area":"outram","osm_tagged":true}},{"type":"Feature","geometry":{"type":"LineString","coordinates":[[103.843343,1.282257],[103.843532,1.282593]]},"properties":{"way":543383091,"highway":"service","area":"outram","osm_tagged":true}},{"type":"Feature","geometry":{"type":"LineString","coordinates":[[103.834857,1.279434],[103.834859,1.279383]]},"properties":{"way":546632689,"highway":"footway","area":"outram","osm_tagged":true}},{"type":"Feature","geometry":{"type":"LineString","coordinates":[[103.834859,1.279383],[103.834864,1.279327]]},"properties":{"way":546632689,"highway":"footway","area":"outram","osm_tagged":true}},{"type":"Feature","geometry":{"type":"LineString","coordinates":[[103.842591,1.275514],[103.842619,1.275646]]},"properties":{"way":546906321,"highway":"service","area":"outram","osm_tagged":true}},{"type":"Feature","geometry":{"type":"LineString","coordinates":[[103.842528,1.275222],[103.842553,1.275339]]},"properties":{"way":546907244,"highway":"service","area":"outram","osm_tagged":true}},{"type":"Feature","geometry":{"type":"LineString","coordinates":[[103.841186,1.276348],[103.841145,1.276339]]},"properties":{"way":546910584,"highway":"service","area":"outram","osm_tagged":true}},{"type":"Feature","geometry":{"type":"LineString","coordinates":[[103.842664,1.275857],[103.842689,1.275979]]},"properties":{"way":548419892,"highway":"service","area":"outram","osm_tagged":true}},{"type":"Feature","geometry":{"type":"LineString","coordinates":[[103.844538,1.27577],[103.844532,1.275778]]},"properties":{"way":610312031,"highway":"service","area":"outram","osm_tagged":true}},{"type":"Feature","geometry":{"type":"LineString","coordinates":[[103.844532,1.275778],[103.84453,1.275787]]},"properties":{"way":610312031,"highway":"service","area":"outram","osm_tagged":true}},{"type":"Feature","geometry":{"type":"LineString","coordinates":[[103.84453,1.275787],[103.844546,1.275892]]},"properties":{"way":610312031,"highway":"service","area":"outram","osm_tagged":true}},{"type":"Feature","geometry":{"type":"LineString","coordinates":[[103.844546,1.275892],[103.844554,1.275902]]},"properties":{"way":610312031,"highway":"service","area":"outram","osm_tagged":true}},{"type":"Feature","geometry":{"type":"LineString","coordinates":[[103.844554,1.275902],[103.844564,1.275907]]},"properties":{"way":610312031,"highway":"service","area":"outram","osm_tagged":true}},{"type":"Feature","geometry":{"type":"LineString","coordinates":[[103.835019,1.276013],[103.835,1.276016]]},"properties":{"way":610397185,"highway":"footway","area":"outram","osm_tagged":false}},{"type":"Feature","geometry":{"type":"LineString","coordinates":[[103.835,1.276016],[103.834842,1.275988]]},"properties":{"way":610397185,"highway":"footway","area":"outram","osm_tagged":false}},{"type":"Feature","geometry":{"type":"LineString","coordinates":[[103.844741,1.281278],[103.844726,1.28123]]},"properties":{"way":614162714,"highway":"secondary","area":"outram","osm_tagged":false}},{"type":"Feature","geometry":{"type":"LineString","coordinates":[[103.844726,1.28123],[103.844468,1.280798]]},"properties":{"way":614162714,"highway":"secondary","area":"outram","osm_tagged":false}},{"type":"Feature","geometry":{"type":"LineString","coordinates":[[103.83521,1.279265],[103.835277,1.279269]]},"properties":{"way":614426499,"highway":"service","area":"outram","osm_tagged":true}},{"type":"Feature","geometry":{"type":"LineString","coordinates":[[103.835277,1.279269],[103.83532,1.279273]]},"properties":{"way":614426499,"highway":"service","area":"outram","osm_tagged":true}},{"type":"Feature","geometry":{"type":"LineString","coordinates":[[103.83532,1.279273],[103.835395,1.279281]]},"properties":{"way":614426499,"highway":"service","area":"outram","osm_tagged":true}},{"type":"Feature","geometry":{"type":"LineString","coordinates":[[103.840442,1.275041],[103.840218,1.275004]]},"properties":{"way":631922240,"highway":"service","area":"outram","osm_tagged":false}},{"type":"Feature","geometry":{"type":"LineString","coordinates":[[103.832382,1.277362],[103.832168,1.277474]]},"properties":{"way":633295504,"highway":"primary","area":"outram","osm_tagged":false}},{"type":"Feature","geometry":{"type":"LineString","coordinates":[[103.832168,1.277474],[103.832096,1.277512]]},"properties":{"way":633295504,"highway":"primary","area":"outram","osm_tagged":false}},{"type":"Feature","geometry":{"type":"LineString","coordinates":[[103.83896,1.280975],[103.838752,1.281196]]},"properties":{"way":637726359,"highway":"primary","area":"outram","osm_tagged":false}},{"type":"Feature","geometry":{"type":"LineString","coordinates":[[103.840632,1.278121],[103.840642,1.278125]]},"properties":{"way":641798954,"highway":"footway","area":"outram","osm_tagged":true}},{"type":"Feature","geometry":{"type":"LineString","coordinates":[[103.840642,1.278125],[103.840691,1.27815]]},"properties":{"way":641798954,"highway":"footway","area":"outram","osm_tagged":true}},{"type":"Feature","geometry":{"type":"LineString","coordinates":[[103.840691,1.27815],[103.840735,1.278174]]},"properties":{"way":641798954,"highway":"footway","area":"outram","osm_tagged":true}},{"type":"Feature","geometry":{"type":"LineString","coordinates":[[103.840735,1.278174],[103.840783,1.2782]]},"properties":{"way":641798954,"highway":"footway","area":"outram","osm_tagged":true}},{"type":"Feature","geometry":{"type":"LineString","coordinates":[[103.840783,1.2782],[103.84083,1.278226]]},"properties":{"way":641798954,"highway":"footway","area":"outram","osm_tagged":true}},{"type":"Feature","geometry":{"type":"LineString","coordinates":[[103.84083,1.278226],[103.840878,1.278252]]},"properties":{"way":641798954,"highway":"footway","area":"outram","osm_tagged":true}},{"type":"Feature","geometry":{"type":"LineString","coordinates":[[103.840878,1.278252],[103.840932,1.278275]]},"properties":{"way":641798954,"highway":"footway","area":"outram","osm_tagged":true}},{"type":"Feature","geometry":{"type":"LineString","coordinates":[[103.840932,1.278275],[103.840969,1.278291]]},"properties":{"way":641798954,"highway":"footway","area":"outram","osm_tagged":true}},{"type":"Feature","geometry":{"type":"LineString","coordinates":[[103.837767,1.280386],[103.837621,1.280102]]},"properties":{"way":643876792,"highway":"residential","area":"outram","osm_tagged":false}},{"type":"Feature","geometry":{"type":"LineString","coordinates":[[103.837621,1.280102],[103.837438,1.279781]]},"properties":{"way":643876794,"highway":"residential","area":"outram","osm_tagged":false}},{"type":"Feature","geometry":{"type":"LineString","coordinates":[[103.838321,1.281879],[103.838318,1.281828]]},"properties":{"way":643878430,"highway":"unclassified","area":"outram","osm_tagged":false}},{"type":"Feature","geometry":{"type":"LineString","coordinates":[[103.838318,1.281828],[103.838329,1.281782]]},"properties":{"way":643878430,"highway":"unclassified","area":"outram","osm_tagged":false}},{"type":"Feature","geometry":{"type":"LineString","coordinates":[[103.838329,1.281782],[103.838357,1.281709]]},"properties":{"way":643878430,"highway":"unclassified","area":"outram","osm_tagged":false}},{"type":"Feature","geometry":{"type":"LineString","coordinates":[[103.836231,1.279484],[103.836432,1.279756]]},"properties":{"way":646704096,"highway":"residential","area":"outram","osm_tagged":false}},{"type":"Feature","geometry":{"type":"LineString","coordinates":[[103.841129,1.275375],[103.841235,1.275398]]},"properties":{"way":663306737,"highway":"footway","area":"outram","osm_tagged":true}},{"type":"Feature","geometry":{"type":"LineString","coordinates":[[103.840815,1.275446],[103.840883,1.275458]]},"properties":{"way":663306738,"highway":"footway","area":"outram","osm_tagged":false}},{"type":"Feature","geometry":{"type":"LineString","coordinates":[[103.84084,1.275314],[103.841129,1.275375]]},"properties":{"way":663306739,"highway":"footway","area":"outram","osm_tagged":true}},{"type":"Feature","geometry":{"type":"LineString","coordinates":[[103.840815,1.275446],[103.84084,1.275314]]},"properties":{"way":663306740,"highway":"steps","area":"outram","osm_tagged":true}},{"type":"Feature","geometry":{"type":"LineString","coordinates":[[103.83844,1.278894],[103.838357,1.278841]]},"properties":{"way":663976333,"highway":"footway","area":"outram","osm_tagged":true}},{"type":"Feature","geometry":{"type":"LineString","coordinates":[[103.83844,1.278894],[103.838726,1.279081]]},"properties":{"way":663976334,"highway":"footway","area":"outram","osm_tagged":true}},{"type":"Feature","geometry":{"type":"LineString","coordinates":[[103.839154,1.279472],[103.839205,1.279532]]},"properties":{"way":663985349,"highway":"footway","area":"outram","osm_tagged":false}},{"type":"Feature","geometry":{"type":"LineString","coordinates":[[103.84415,1.274542],[103.844184,1.27452]]},"properties":{"way":673280646,"highway":"service","area":"outram","osm_tagged":true}},{"type":"Feature","geometry":{"type":"LineString","coordinates":[[103.844184,1.27452],[103.844177,1.27441]]},"properties":{"way":673280646,"highway":"service","area":"outram","osm_tagged":true}},{"type":"Feature","geometry":{"type":"LineString","coordinates":[[103.844177,1.27441],[103.844138,1.274359]]},"properties":{"way":673280646,"highway":"service","area":"outram","osm_tagged":true}},{"type":"Feature","geometry":{"type":"LineString","coordinates":[[103.837438,1.279781],[103.837347,1.279617]]},"properties":{"way":676849762,"highway":"residential","area":"outram","osm_tagged":false}},{"type":"Feature","geometry":{"type":"LineString","coordinates":[[103.838131,1.278151],[103.837959,1.278039]]},"properties":{"way":678784443,"highway":"footway","area":"outram","osm_tagged":true}},{"type":"Feature","geometry":{"type":"LineString","coordinates":[[103.837959,1.278039],[103.8377,1.277874]]},"properties":{"way":678784443,"highway":"footway","area":"outram","osm_tagged":true}},{"type":"Feature","geometry":{"type":"LineString","coordinates":[[103.8377,1.277874],[103.837527,1.277769]]},"properties":{"way":678784443,"highway":"footway","area":"outram","osm_tagged":true}},{"type":"Feature","geometry":{"type":"LineString","coordinates":[[103.837527,1.277769],[103.83723,1.27758]]},"properties":{"way":678784443,"highway":"footway","area":"outram","osm_tagged":true}},{"type":"Feature","geometry":{"type":"LineString","coordinates":[[103.83723,1.27758],[103.836991,1.277477]]},"properties":{"way":678784443,"highway":"footway","area":"outram","osm_tagged":true}},{"type":"Feature","geometry":{"type":"LineString","coordinates":[[103.83819,1.278206],[103.838124,1.278162]]},"properties":{"way":678784444,"highway":"steps","area":"outram","osm_tagged":true}},{"type":"Feature","geometry":{"type":"LineString","coordinates":[[103.838113,1.278181],[103.838178,1.278223]]},"properties":{"way":678784445,"highway":"steps","area":"outram","osm_tagged":true}},{"type":"Feature","geometry":{"type":"LineString","coordinates":[[103.838178,1.278223],[103.83819,1.278206]]},"properties":{"way":678784445,"highway":"steps","area":"outram","osm_tagged":true}},{"type":"Feature","geometry":{"type":"LineString","coordinates":[[103.837898,1.278499],[103.837972,1.278545]]},"properties":{"way":678784446,"highway":"steps","area":"outram","osm_tagged":true}},{"type":"Feature","geometry":{"type":"LineString","coordinates":[[103.837972,1.278545],[103.837983,1.278528]]},"properties":{"way":678784446,"highway":"steps","area":"outram","osm_tagged":true}},{"type":"Feature","geometry":{"type":"LineString","coordinates":[[103.837983,1.278528],[103.837915,1.278486]]},"properties":{"way":678784446,"highway":"steps","area":"outram","osm_tagged":true}},{"type":"Feature","geometry":{"type":"LineString","coordinates":[[103.835366,1.280178],[103.835405,1.280258]]},"properties":{"way":679330377,"highway":"footway","area":"outram","osm_tagged":false}},{"type":"Feature","geometry":{"type":"LineString","coordinates":[[103.838476,1.281266],[103.838523,1.281237]]},"properties":{"way":679330378,"highway":"footway","area":"outram","osm_tagged":false}},{"type":"Feature","geometry":{"type":"LineString","coordinates":[[103.838523,1.281237],[103.838468,1.281211]]},"properties":{"way":679330378,"highway":"footway","area":"outram","osm_tagged":false}},{"type":"Feature","geometry":{"type":"LineString","coordinates":[[103.838468,1.281211],[103.838446,1.281176]]},"properties":{"way":679330378,"highway":"footway","area":"outram","osm_tagged":false}},{"type":"Feature","geometry":{"type":"LineString","coordinates":[[103.838446,1.281176],[103.838312,1.280942]]},"properties":{"way":679330378,"highway":"footway","area":"outram","osm_tagged":false}},{"type":"Feature","geometry":{"type":"LineString","coordinates":[[103.830043,1.27859],[103.829874,1.27868]]},"properties":{"way":679330398,"highway":"steps","area":"outram","osm_tagged":true}},{"type":"Feature","geometry":{"type":"LineString","coordinates":[[103.844954,1.276512],[103.844955,1.27648]]},"properties":{"way":679611872,"highway":"footway","area":"outram","osm_tagged":true}},{"type":"Feature","geometry":{"type":"LineString","coordinates":[[103.844955,1.27648],[103.844955,1.276462]]},"properties":{"way":679611872,"highway":"footway","area":"outram","osm_tagged":true}},{"type":"Feature","geometry":{"type":"LineString","coordinates":[[103.843143,1.275636],[103.84291,1.275673]]},"properties":{"way":679611874,"highway":"corridor","area":"outram","osm_tagged":true}},{"type":"Feature","geometry":{"type":"LineString","coordinates":[[103.84291,1.275673],[103.842878,1.275678]]},"properties":{"way":679611874,"highway":"corridor","area":"outram","osm_tagged":true}},{"type":"Feature","geometry":{"type":"LineString","coordinates":[[103.843041,1.276386],[103.843056,1.276465]]},"properties":{"way":679611877,"highway":"footway","area":"outram","osm_tagged":true}},{"type":"Feature","geometry":{"type":"LineString","coordinates":[[103.843035,1.276352],[103.843009,1.276209]]},"properties":{"way":679611878,"highway":"footway","area":"outram","osm_tagged":true}},{"type":"Feature","geometry":{"type":"LineString","coordinates":[[103.843041,1.276386],[103.843035,1.276352]]},"properties":{"way":679611879,"highway":"footway","area":"outram","osm_tagged":true}},{"type":"Feature","geometry":{"type":"LineString","coordinates":[[103.843767,1.275748],[103.843778,1.275809]]},"properties":{"way":679722029,"highway":"service","area":"outram","osm_tagged":true}},{"type":"Feature","geometry":{"type":"LineString","coordinates":[[103.843778,1.275809],[103.843882,1.27579]]},"properties":{"way":679722451,"highway":"service","area":"outram","osm_tagged":true}},{"type":"Feature","geometry":{"type":"LineString","coordinates":[[103.838909,1.275516],[103.839445,1.275544]]},"properties":{"way":690493474,"highway":"footway","area":"outram","osm_tagged":true}},{"type":"Feature","geometry":{"type":"LineString","coordinates":[[103.842693,1.27992],[103.842737,1.279938]]},"properties":{"way":692636294,"highway":"footway","area":"outram","osm_tagged":false}},{"type":"Feature","geometry":{"type":"LineString","coordinates":[[103.842737,1.279938],[103.843134,1.280131]]},"properties":{"way":692636294,"highway":"footway","area":"outram","osm_tagged":false}},{"type":"Feature","geometry":{"type":"LineString","coordinates":[[103.844367,1.281084],[103.844363,1.281115]]},"properties":{"way":692636294,"highway":"footway","area":"outram","osm_tagged":false}},{"type":"Feature","geometry":{"type":"LineString","coordinates":[[103.844363,1.281115],[103.84429,1.281173]]},"properties":{"way":692636294,"highway":"footway","area":"outram","osm_tagged":false}},{"type":"Feature","geometry":{"type":"LineString","coordinates":[[103.84429,1.281173],[103.84432,1.281216]]},"properties":{"way":692636294,"highway":"footway","area":"outram","osm_tagged":false}},{"type":"Feature","geometry":{"type":"LineString","coordinates":[[103.84432,1.281216],[103.84434,1.281245]]},"properties":{"way":692636294,"highway":"footway","area":"outram","osm_tagged":false}},{"type":"Feature","geometry":{"type":"LineString","coordinates":[[103.835872,1.278451],[103.836184,1.278267]]},"properties":{"way":723058950,"highway":"service","area":"outram","osm_tagged":true}},{"type":"Feature","geometry":{"type":"LineString","coordinates":[[103.836184,1.278267],[103.836164,1.278232]]},"properties":{"way":723058950,"highway":"service","area":"outram","osm_tagged":true}},{"type":"Feature","geometry":{"type":"LineString","coordinates":[[103.83585,1.278416],[103.835872,1.278451]]},"properties":{"way":723058951,"highway":"service","area":"outram","osm_tagged":true}},{"type":"Feature","geometry":{"type":"LineString","coordinates":[[103.836829,1.281526],[103.837086,1.281365]]},"properties":{"way":737217211,"highway":"footway","area":"outram","osm_tagged":false}},{"type":"Feature","geometry":{"type":"LineString","coordinates":[[103.837086,1.281365],[103.837131,1.281337]]},"properties":{"way":737217211,"highway":"footway","area":"outram","osm_tagged":false}},{"type":"Feature","geometry":{"type":"LineString","coordinates":[[103.837131,1.281337],[103.837145,1.281256]]},"properties":{"way":737217211,"highway":"footway","area":"outram","osm_tagged":false}},{"type":"Feature","geometry":{"type":"LineString","coordinates":[[103.836475,1.279909],[103.836387,1.279784]]},"properties":{"way":737217211,"highway":"footway","area":"outram","osm_tagged":false}},{"type":"Feature","geometry":{"type":"LineString","coordinates":[[103.83558,1.279816],[103.83575,1.280113]]},"properties":{"way":737217212,"highway":"footway","area":"outram","osm_tagged":true}},{"type":"Feature","geometry":{"type":"LineString","coordinates":[[103.83575,1.280113],[103.835843,1.280054]]},"properties":{"way":737217212,"highway":"footway","area":"outram","osm_tagged":true}},{"type":"Feature","geometry":{"type":"LineString","coordinates":[[103.835843,1.280054],[103.836036,1.280376]]},"properties":{"way":737217212,"highway":"footway","area":"outram","osm_tagged":true}},{"type":"Feature","geometry":{"type":"LineString","coordinates":[[103.836036,1.280376],[103.836754,1.281572]]},"properties":{"way":737217212,"highway":"footway","area":"outram","osm_tagged":true}},{"type":"Feature","geometry":{"type":"LineString","coordinates":[[103.836754,1.281572],[103.836829,1.281526]]},"properties":{"way":737217212,"highway":"footway","area":"outram","osm_tagged":true}},{"type":"Feature","geometry":{"type":"LineString","coordinates":[[103.842363,1.278004],[103.842403,1.278027]]},"properties":{"way":739513986,"highway":"steps","area":"outram","osm_tagged":true}},{"type":"Feature","geometry":{"type":"LineString","coordinates":[[103.842403,1.278027],[103.842426,1.27804]]},"properties":{"way":739513986,"highway":"steps","area":"outram","osm_tagged":true}},{"type":"Feature","geometry":{"type":"LineString","coordinates":[[103.842426,1.27804],[103.842484,1.278074]]},"properties":{"way":739513986,"highway":"steps","area":"outram","osm_tagged":true}},{"type":"Feature","geometry":{"type":"LineString","coordinates":[[103.842484,1.278074],[103.842508,1.278087]]},"properties":{"way":739513986,"highway":"steps","area":"outram","osm_tagged":true}},{"type":"Feature","geometry":{"type":"LineString","coordinates":[[103.842508,1.278087],[103.84256,1.278117]]},"properties":{"way":739513986,"highway":"steps","area":"outram","osm_tagged":true}},{"type":"Feature","geometry":{"type":"LineString","coordinates":[[103.836038,1.279607],[103.835994,1.279621]]},"properties":{"way":740307347,"highway":"service","area":"outram","osm_tagged":false}},{"type":"Feature","geometry":{"type":"LineString","coordinates":[[103.835994,1.279621],[103.835902,1.279676]]},"properties":{"way":740307347,"highway":"service","area":"outram","osm_tagged":false}},{"type":"Feature","geometry":{"type":"LineString","coordinates":[[103.835902,1.279676],[103.835868,1.279714]]},"properties":{"way":740307347,"highway":"service","area":"outram","osm_tagged":false}},{"type":"Feature","geometry":{"type":"LineString","coordinates":[[103.832153,1.277448],[103.832154,1.277451]]},"properties":{"way":749336987,"highway":"footway","area":"outram","osm_tagged":false}},{"type":"Feature","geometry":{"type":"LineString","coordinates":[[103.832071,1.277462],[103.832096,1.277512]]},"properties":{"way":749336989,"highway":"footway","area":"outram","osm_tagged":false}},{"type":"Feature","geometry":{"type":"LineString","coordinates":[[103.832154,1.277451],[103.832168,1.277474]]},"properties":{"way":749336990,"highway":"footway","area":"outram","osm_tagged":false}},{"type":"Feature","geometry":{"type":"LineString","coordinates":[[103.842453,1.283378],[103.842339,1.283475]]},"properties":{"way":751763278,"highway":"residential","area":"outram","osm_tagged":false}},{"type":"Feature","geometry":{"type":"LineString","coordinates":[[103.842812,1.279881],[103.84277,1.279901]]},"properties":{"way":751804397,"highway":"residential","area":"outram","osm_tagged":false}},{"type":"Feature","geometry":{"type":"LineString","coordinates":[[103.84277,1.279901],[103.842737,1.279938]]},"properties":{"way":751804397,"highway":"residential","area":"outram","osm_tagged":false}},{"type":"Feature","geometry":{"type":"LineString","coordinates":[[103.842737,1.279938],[103.842677,1.280088]]},"properties":{"way":751804397,"highway":"residential","area":"outram","osm_tagged":false}},{"type":"Feature","geometry":{"type":"LineString","coordinates":[[103.841991,1.278365],[103.841973,1.278353]]},"properties":{"way":752132357,"highway":"residential","area":"outram","osm_tagged":false}},{"type":"Feature","geometry":{"type":"LineString","coordinates":[[103.832853,1.286517],[103.832855,1.286482]]},"properties":{"way":758260696,"highway":"footway","area":"outram","osm_tagged":true}},{"type":"Feature","geometry":{"type":"LineString","coordinates":[[103.832855,1.286482],[103.832855,1.286423]]},"properties":{"way":758260696,"highway":"footway","area":"outram","osm_tagged":true}},{"type":"Feature","geometry":{"type":"LineString","coordinates":[[103.832855,1.286423],[103.832711,1.286423]]},"properties":{"way":758260696,"highway":"footway","area":"outram","osm_tagged":true}},{"type":"Feature","geometry":{"type":"LineString","coordinates":[[103.832711,1.286423],[103.832695,1.286161]]},"properties":{"way":758260696,"highway":"footway","area":"outram","osm_tagged":true}},{"type":"Feature","geometry":{"type":"LineString","coordinates":[[103.832695,1.286161],[103.832938,1.286078]]},"properties":{"way":758260696,"highway":"footway","area":"outram","osm_tagged":true}},{"type":"Feature","geometry":{"type":"LineString","coordinates":[[103.832938,1.286078],[103.833033,1.286007]]},"properties":{"way":758260696,"highway":"footway","area":"outram","osm_tagged":true}},{"type":"Feature","geometry":{"type":"LineString","coordinates":[[103.833033,1.286007],[103.833106,1.285976]]},"properties":{"way":758260696,"highway":"footway","area":"outram","osm_tagged":true}},{"type":"Feature","geometry":{"type":"LineString","coordinates":[[103.833106,1.285976],[103.833249,1.285969]]},"properties":{"way":758260696,"highway":"footway","area":"outram","osm_tagged":true}},{"type":"Feature","geometry":{"type":"LineString","coordinates":[[103.833249,1.285969],[103.83335,1.285985]]},"properties":{"way":758260696,"highway":"footway","area":"outram","osm_tagged":true}},{"type":"Feature","geometry":{"type":"LineString","coordinates":[[103.83335,1.285985],[103.833423,1.286009]]},"properties":{"way":758260696,"highway":"footway","area":"outram","osm_tagged":true}},{"type":"Feature","geometry":{"type":"LineString","coordinates":[[103.833423,1.286009],[103.833485,1.286055]]},"properties":{"way":758260696,"highway":"footway","area":"outram","osm_tagged":true}},{"type":"Feature","geometry":{"type":"LineString","coordinates":[[103.833485,1.286055],[103.833499,1.286079]]},"properties":{"way":758260696,"highway":"footway","area":"outram","osm_tagged":true}},{"type":"Feature","geometry":{"type":"LineString","coordinates":[[103.833499,1.286079],[103.833526,1.286125]]},"properties":{"way":758260696,"highway":"footway","area":"outram","osm_tagged":true}},{"type":"Feature","geometry":{"type":"LineString","coordinates":[[103.835998,1.274601],[103.836072,1.274639]]},"properties":{"way":759500484,"highway":"footway","area":"outram","osm_tagged":true}},{"type":"Feature","geometry":{"type":"LineString","coordinates":[[103.836072,1.274639],[103.836129,1.274667]]},"properties":{"way":759500484,"highway":"footway","area":"outram","osm_tagged":true}},{"type":"Feature","geometry":{"type":"LineString","coordinates":[[103.836129,1.274667],[103.836142,1.274673]]},"properties":{"way":759500484,"highway":"footway","area":"outram","osm_tagged":true}},{"type":"Feature","geometry":{"type":"LineString","coordinates":[[103.83572,1.275088],[103.835865,1.275147]]},"properties":{"way":759501371,"highway":"footway","area":"outram","osm_tagged":true}},{"type":"Feature","geometry":{"type":"LineString","coordinates":[[103.836709,1.276531],[103.837062,1.276555]]},"properties":{"way":759519044,"highway":"footway","area":"outram","osm_tagged":true}},{"type":"Feature","geometry":{"type":"LineString","coordinates":[[103.836681,1.276531],[103.836709,1.276531]]},"properties":{"way":759519045,"highway":"steps","area":"outram","osm_tagged":true}},{"type":"Feature","geometry":{"type":"LineString","coordinates":[[103.836657,1.27653],[103.836681,1.276531]]},"properties":{"way":759519046,"highway":"footway","area":"outram","osm_tagged":true}},{"type":"Feature","geometry":{"type":"LineString","coordinates":[[103.839673,1.276852],[103.839669,1.276947]]},"properties":{"way":759743327,"highway":"footway","area":"outram","osm_tagged":true}},{"type":"Feature","geometry":{"type":"LineString","coordinates":[[103.839222,1.276771],[103.839218,1.276839]]},"properties":{"way":759743328,"highway":"footway","area":"outram","osm_tagged":true}},{"type":"Feature","geometry":{"type":"LineString","coordinates":[[103.839506,1.276822],[103.839501,1.276877]]},"properties":{"way":759743329,"highway":"footway","area":"outram","osm_tagged":true}},{"type":"Feature","geometry":{"type":"LineString","coordinates":[[103.839501,1.276877],[103.83949,1.276945]]},"properties":{"way":759743329,"highway":"footway","area":"outram","osm_tagged":true}},{"type":"Feature","geometry":{"type":"LineString","coordinates":[[103.839713,1.276859],[103.839673,1.276852]]},"properties":{"way":759743330,"highway":"footway","area":"outram","osm_tagged":true}},{"type":"Feature","geometry":{"type":"LineString","coordinates":[[103.839673,1.276852],[103.839506,1.276822]]},"properties":{"way":759743330,"highway":"footway","area":"outram","osm_tagged":true}},{"type":"Feature","geometry":{"type":"LineString","coordinates":[[103.839506,1.276822],[103.839222,1.276771]]},"properties":{"way":759743330,"highway":"footway","area":"outram","osm_tagged":true}},{"type":"Feature","geometry":{"type":"LineString","coordinates":[[103.839222,1.276771],[103.839163,1.27676]]},"properties":{"way":759743330,"highway":"footway","area":"outram","osm_tagged":true}},{"type":"Feature","geometry":{"type":"LineString","coordinates":[[103.838983,1.277123],[103.838966,1.277216]]},"properties":{"way":759743332,"highway":"footway","area":"outram","osm_tagged":true}},{"type":"Feature","geometry":{"type":"LineString","coordinates":[[103.839212,1.277264],[103.839216,1.277226]]},"properties":{"way":759743333,"highway":"footway","area":"outram","osm_tagged":true}},{"type":"Feature","geometry":{"type":"LineString","coordinates":[[103.839216,1.277226],[103.839226,1.277154]]},"properties":{"way":759743333,"highway":"footway","area":"outram","osm_tagged":true}},{"type":"Feature","geometry":{"type":"LineString","coordinates":[[103.838941,1.277206],[103.838966,1.277216]]},"properties":{"way":759743334,"highway":"footway","area":"outram","osm_tagged":true}},{"type":"Feature","geometry":{"type":"LineString","coordinates":[[103.838966,1.277216],[103.839212,1.277264]]},"properties":{"way":759743334,"highway":"footway","area":"outram","osm_tagged":true}},{"type":"Feature","geometry":{"type":"LineString","coordinates":[[103.839212,1.277264],[103.839489,1.277305]]},"properties":{"way":759743334,"highway":"footway","area":"outram","osm_tagged":true}},{"type":"Feature","geometry":{"type":"LineString","coordinates":[[103.839489,1.277305],[103.839495,1.277265]]},"properties":{"way":759743334,"highway":"footway","area":"outram","osm_tagged":true}},{"type":"Feature","geometry":{"type":"LineString","coordinates":[[103.839858,1.274254],[103.839783,1.274253]]},"properties":{"way":759761862,"highway":"footway","area":"outram","osm_tagged":true}},{"type":"Feature","geometry":{"type":"LineString","coordinates":[[103.839783,1.274253],[103.839783,1.2743]]},"properties":{"way":759761862,"highway":"footway","area":"outram","osm_tagged":true}},{"type":"Feature","geometry":{"type":"LineString","coordinates":[[103.839827,1.273947],[103.839824,1.273985]]},"properties":{"way":759761863,"highway":"footway","area":"outram","osm_tagged":true}},{"type":"Feature","geometry":{"type":"LineString","coordinates":[[103.839824,1.273985],[103.839862,1.274017]]},"properties":{"way":759761863,"highway":"footway","area":"outram","osm_tagged":true}},{"type":"Feature","geometry":{"type":"LineString","coordinates":[[103.839862,1.274017],[103.839858,1.274254]]},"properties":{"way":759761863,"highway":"footway","area":"outram","osm_tagged":true}},{"type":"Feature","geometry":{"type":"LineString","coordinates":[[103.839858,1.274254],[103.839904,1.274255]]},"properties":{"way":759761863,"highway":"footway","area":"outram","osm_tagged":true}},{"type":"Feature","geometry":{"type":"LineString","coordinates":[[103.839904,1.274255],[103.839907,1.274312]]},"properties":{"way":759761863,"highway":"footway","area":"outram","osm_tagged":true}},{"type":"Feature","geometry":{"type":"LineString","coordinates":[[103.839907,1.274312],[103.839907,1.274322]]},"properties":{"way":759761863,"highway":"footway","area":"outram","osm_tagged":true}},{"type":"Feature","geometry":{"type":"LineString","coordinates":[[103.83904,1.275154],[103.838995,1.275156]]},"properties":{"way":759762618,"highway":"footway","area":"outram","osm_tagged":true}},{"type":"Feature","geometry":{"type":"LineString","coordinates":[[103.838995,1.275156],[103.838996,1.275054]]},"properties":{"way":759762618,"highway":"footway","area":"outram","osm_tagged":true}},{"type":"Feature","geometry":{"type":"LineString","coordinates":[[103.838996,1.275054],[103.838993,1.274996]]},"properties":{"way":759762618,"highway":"footway","area":"outram","osm_tagged":true}},{"type":"Feature","geometry":{"type":"LineString","coordinates":[[103.840825,1.27519],[103.84083,1.275146]]},"properties":{"way":759775073,"highway":"footway","area":"outram","osm_tagged":false}},{"type":"Feature","geometry":{"type":"LineString","coordinates":[[103.839977,1.27504],[103.839679,1.274987]]},"properties":{"way":759775075,"highway":"footway","area":"outram","osm_tagged":true}},{"type":"Feature","geometry":{"type":"LineString","coordinates":[[103.840825,1.27519],[103.840739,1.275174]]},"properties":{"way":759775076,"highway":"footway","area":"outram","osm_tagged":true}},{"type":"Feature","geometry":{"type":"LineString","coordinates":[[103.840739,1.275174],[103.840447,1.27512]]},"properties":{"way":759775076,"highway":"footway","area":"outram","osm_tagged":true}},{"type":"Feature","geometry":{"type":"LineString","coordinates":[[103.840447,1.27512],[103.840208,1.275078]]},"properties":{"way":759775076,"highway":"footway","area":"outram","osm_tagged":true}},{"type":"Feature","geometry":{"type":"LineString","coordinates":[[103.840208,1.275078],[103.840064,1.275054]]},"properties":{"way":759775076,"highway":"footway","area":"outram","osm_tagged":true}},{"type":"Feature","geometry":{"type":"LineString","coordinates":[[103.840218,1.275004],[103.840214,1.275036]]},"properties":{"way":759775077,"highway":"footway","area":"outram","osm_tagged":false}},{"type":"Feature","geometry":{"type":"LineString","coordinates":[[103.840214,1.275036],[103.840208,1.275078]]},"properties":{"way":759775077,"highway":"footway","area":"outram","osm_tagged":false}},{"type":"Feature","geometry":{"type":"LineString","coordinates":[[103.84057,1.276599],[103.84055,1.276748]]},"properties":{"way":759777271,"highway":"footway","area":"outram","osm_tagged":true}},{"type":"Feature","geometry":{"type":"LineString","coordinates":[[103.84055,1.276748],[103.840558,1.276824]]},"properties":{"way":759777271,"highway":"footway","area":"outram","osm_tagged":true}},{"type":"Feature","geometry":{"type":"LineString","coordinates":[[103.840558,1.276824],[103.840547,1.276906]]},"properties":{"way":759777271,"highway":"footway","area":"outram","osm_tagged":true}},{"type":"Feature","geometry":{"type":"LineString","coordinates":[[103.840428,1.276878],[103.840493,1.276893]]},"properties":{"way":759777273,"highway":"footway","area":"outram","osm_tagged":true}},{"type":"Feature","geometry":{"type":"LineString","coordinates":[[103.840493,1.276893],[103.840547,1.276906]]},"properties":{"way":759777273,"highway":"footway","area":"outram","osm_tagged":true}},{"type":"Feature","geometry":{"type":"LineString","coordinates":[[103.840428,1.276878],[103.840377,1.277198]]},"properties":{"way":759777274,"highway":"footway","area":"outram","osm_tagged":true}},{"type":"Feature","geometry":{"type":"LineString","coordinates":[[103.840377,1.277198],[103.840346,1.277389]]},"properties":{"way":759777274,"highway":"footway","area":"outram","osm_tagged":true}},{"type":"Feature","geometry":{"type":"LineString","coordinates":[[103.83545,1.275969],[103.835303,1.275914]]},"properties":{"way":759792815,"highway":"steps","area":"outram","osm_tagged":false}},{"type":"Feature","geometry":{"type":"LineString","coordinates":[[103.835476,1.275984],[103.83545,1.275969]]},"properties":{"way":759792816,"highway":"footway","area":"outram","osm_tagged":false}},{"type":"Feature","geometry":{"type":"LineString","coordinates":[[103.834542,1.276244],[103.834889,1.276236]]},"properties":{"way":759798388,"highway":"footway","area":"outram","osm_tagged":false}},{"type":"Feature","geometry":{"type":"LineString","coordinates":[[103.834889,1.276236],[103.835035,1.276265]]},"properties":{"way":759798388,"highway":"footway","area":"outram","osm_tagged":false}},{"type":"Feature","geometry":{"type":"LineString","coordinates":[[103.835019,1.276013],[103.835037,1.275987]]},"properties":{"way":761930181,"highway":"footway","area":"outram","osm_tagged":true}},{"type":"Feature","geometry":{"type":"LineString","coordinates":[[103.835037,1.275987],[103.835124,1.276006]]},"properties":{"way":761930181,"highway":"footway","area":"outram","osm_tagged":true}},{"type":"Feature","geometry":{"type":"LineString","coordinates":[[103.835124,1.276006],[103.835135,1.27593]]},"properties":{"way":761930181,"highway":"footway","area":"outram","osm_tagged":true}},{"type":"Feature","geometry":{"type":"LineString","coordinates":[[103.835135,1.27593],[103.834924,1.275879]]},"properties":{"way":761930181,"highway":"footway","area":"outram","osm_tagged":true}},{"type":"Feature","geometry":{"type":"LineString","coordinates":[[103.834924,1.275879],[103.834893,1.275889]]},"properties":{"way":761930181,"highway":"footway","area":"outram","osm_tagged":true}},{"type":"Feature","geometry":{"type":"LineString","coordinates":[[103.834893,1.275889],[103.834807,1.275927]]},"properties":{"way":761930181,"highway":"footway","area":"outram","osm_tagged":true}},{"type":"Feature","geometry":{"type":"LineString","coordinates":[[103.834807,1.275927],[103.834571,1.275937]]},"properties":{"way":761930181,"highway":"footway","area":"outram","osm_tagged":true}},{"type":"Feature","geometry":{"type":"LineString","coordinates":[[103.834571,1.275937],[103.834397,1.275991]]},"properties":{"way":761930181,"highway":"footway","area":"outram","osm_tagged":true}},{"type":"Feature","geometry":{"type":"LineString","coordinates":[[103.834893,1.275889],[103.834851,1.27588]]},"properties":{"way":761930182,"highway":"footway","area":"outram","osm_tagged":true}},{"type":"Feature","geometry":{"type":"LineString","coordinates":[[103.834851,1.27588],[103.83486,1.275849]]},"properties":{"way":761930182,"highway":"footway","area":"outram","osm_tagged":true}},{"type":"Feature","geometry":{"type":"LineString","coordinates":[[103.83486,1.275849],[103.835249,1.27593]]},"properties":{"way":761930182,"highway":"footway","area":"outram","osm_tagged":true}},{"type":"Feature","geometry":{"type":"LineString","coordinates":[[103.835249,1.27593],[103.835252,1.275913]]},"properties":{"way":761930182,"highway":"footway","area":"outram","osm_tagged":true}},{"type":"Feature","geometry":{"type":"LineString","coordinates":[[103.835252,1.275913],[103.835303,1.275914]]},"properties":{"way":761930182,"highway":"footway","area":"outram","osm_tagged":true}},{"type":"Feature","geometry":{"type":"LineString","coordinates":[[103.843801,1.281498],[103.84399,1.281395]]},"properties":{"way":765916681,"highway":"residential","area":"outram","osm_tagged":false}},{"type":"Feature","geometry":{"type":"LineString","coordinates":[[103.84399,1.281395],[103.844007,1.281386]]},"properties":{"way":765916682,"highway":"service","area":"outram","osm_tagged":false}},{"type":"Feature","geometry":{"type":"LineString","coordinates":[[103.844007,1.281386],[103.84432,1.281216]]},"properties":{"way":765916682,"highway":"service","area":"outram","osm_tagged":false}},{"type":"Feature","geometry":{"type":"LineString","coordinates":[[103.84432,1.281216],[103.844511,1.281112]]},"properties":{"way":765916682,"highway":"service","area":"outram","osm_tagged":false}},{"type":"Feature","geometry":{"type":"LineString","coordinates":[[103.835416,1.276094],[103.835533,1.275975]]},"properties":{"way":765921225,"highway":"residential","area":"outram","osm_tagged":false}},{"type":"Feature","geometry":{"type":"LineString","coordinates":[[103.844836,1.281336],[103.844855,1.281309]]},"properties":{"way":766128353,"highway":"residential","area":"outram","osm_tagged":false}},{"type":"Feature","geometry":{"type":"LineString","coordinates":[[103.839268,1.286756],[103.839569,1.286937]]},"properties":{"way":766809960,"highway":"primary","area":"outram","osm_tagged":false}},{"type":"Feature","geometry":{"type":"LineString","coordinates":[[103.835515,1.275961],[103.8354,1.276079]]},"properties":{"way":766835229,"highway":"residential","area":"outram","osm_tagged":false}},{"type":"Feature","geometry":{"type":"LineString","coordinates":[[103.840436,1.275075],[103.840442,1.275041]]},"properties":{"way":786186502,"highway":"service","area":"outram","osm_tagged":false}},{"type":"Feature","geometry":{"type":"LineString","coordinates":[[103.840078,1.275013],[103.840214,1.275036]]},"properties":{"way":786186503,"highway":"service","area":"outram","osm_tagged":false}},{"type":"Feature","geometry":{"type":"LineString","coordinates":[[103.840214,1.275036],[103.840313,1.275053]]},"properties":{"way":786186503,"highway":"service","area":"outram","osm_tagged":false}},{"type":"Feature","geometry":{"type":"LineString","coordinates":[[103.840313,1.275053],[103.840436,1.275075]]},"properties":{"way":786186503,"highway":"service","area":"outram","osm_tagged":false}},{"type":"Feature","geometry":{"type":"LineString","coordinates":[[103.840436,1.275075],[103.840602,1.275105]]},"properties":{"way":786186504,"highway":"service","area":"outram","osm_tagged":false}},{"type":"Feature","geometry":{"type":"LineString","coordinates":[[103.840602,1.275105],[103.84083,1.275146]]},"properties":{"way":786186504,"highway":"service","area":"outram","osm_tagged":false}},{"type":"Feature","geometry":{"type":"LineString","coordinates":[[103.841281,1.281993],[103.841173,1.282144]]},"properties":{"way":800606411,"highway":"service","area":"outram","osm_tagged":false}},{"type":"Feature","geometry":{"type":"LineString","coordinates":[[103.840978,1.276399],[103.841011,1.276401]]},"properties":{"way":825627397,"highway":"service","area":"outram","osm_tagged":true}},{"type":"Feature","geometry":{"type":"LineString","coordinates":[[103.841863,1.28683],[103.841915,1.286871]]},"properties":{"way":836663064,"highway":"residential","area":"outram","osm_tagged":false}},{"type":"Feature","geometry":{"type":"LineString","coordinates":[[103.841915,1.286871],[103.842016,1.286941]]},"properties":{"way":836663064,"highway":"residential","area":"outram","osm_tagged":false}},{"type":"Feature","geometry":{"type":"LineString","coordinates":[[103.839281,1.281195],[103.838917,1.281441]]},"properties":{"way":841647187,"highway":"footway","area":"outram","osm_tagged":false}},{"type":"Feature","geometry":{"type":"LineString","coordinates":[[103.838917,1.281441],[103.838869,1.281485]]},"properties":{"way":841647187,"highway":"footway","area":"outram","osm_tagged":false}},{"type":"Feature","geometry":{"type":"LineString","coordinates":[[103.838869,1.281485],[103.838396,1.281856]]},"properties":{"way":841647187,"highway":"footway","area":"outram","osm_tagged":false}},{"type":"Feature","geometry":{"type":"LineString","coordinates":[[103.838396,1.281856],[103.83842,1.281911]]},"properties":{"way":841647187,"highway":"footway","area":"outram","osm_tagged":false}},{"type":"Feature","geometry":{"type":"LineString","coordinates":[[103.83842,1.281911],[103.838425,1.281922]]},"properties":{"way":841647187,"highway":"footway","area":"outram","osm_tagged":false}},{"type":"Feature","geometry":{"type":"LineString","coordinates":[[103.841426,1.282179],[103.841518,1.282281]]},"properties":{"way":841693084,"highway":"footway","area":"outram","osm_tagged":true}},{"type":"Feature","geometry":{"type":"LineString","coordinates":[[103.841518,1.282281],[103.841623,1.282393]]},"properties":{"way":841693084,"highway":"footway","area":"outram","osm_tagged":true}},{"type":"Feature","geometry":{"type":"LineString","coordinates":[[103.841623,1.282393],[103.841825,1.28265]]},"properties":{"way":841693084,"highway":"footway","area":"outram","osm_tagged":true}},{"type":"Feature","geometry":{"type":"LineString","coordinates":[[103.841825,1.28265],[103.841958,1.282815]]},"properties":{"way":841693084,"highway":"footway","area":"outram","osm_tagged":true}},{"type":"Feature","geometry":{"type":"LineString","coordinates":[[103.841958,1.282815],[103.842129,1.283013]]},"properties":{"way":841693084,"highway":"footway","area":"outram","osm_tagged":true}},{"type":"Feature","geometry":{"type":"LineString","coordinates":[[103.842129,1.283013],[103.842246,1.283149]]},"properties":{"way":841693084,"highway":"footway","area":"outram","osm_tagged":true}},{"type":"Feature","geometry":{"type":"LineString","coordinates":[[103.842246,1.283149],[103.842346,1.283261]]},"properties":{"way":841693084,"highway":"footway","area":"outram","osm_tagged":true}},{"type":"Feature","geometry":{"type":"LineString","coordinates":[[103.842346,1.283261],[103.842409,1.283322]]},"properties":{"way":841693084,"highway":"footway","area":"outram","osm_tagged":true}},{"type":"Feature","geometry":{"type":"LineString","coordinates":[[103.841085,1.281235],[103.841255,1.281435]]},"properties":{"way":841693085,"highway":"footway","area":"outram","osm_tagged":false}},{"type":"Feature","geometry":{"type":"LineString","coordinates":[[103.841255,1.281435],[103.841391,1.281602]]},"properties":{"way":841693085,"highway":"footway","area":"outram","osm_tagged":false}},{"type":"Feature","geometry":{"type":"LineString","coordinates":[[103.841391,1.281602],[103.841462,1.281696]]},"properties":{"way":841693085,"highway":"footway","area":"outram","osm_tagged":false}},{"type":"Feature","geometry":{"type":"LineString","coordinates":[[103.841462,1.281696],[103.841622,1.28191]]},"properties":{"way":841693085,"highway":"footway","area":"outram","osm_tagged":false}},{"type":"Feature","geometry":{"type":"LineString","coordinates":[[103.842207,1.286833],[103.842134,1.286888]]},"properties":{"way":842543270,"highway":"footway","area":"outram","osm_tagged":false}},{"type":"Feature","geometry":{"type":"LineString","coordinates":[[103.842134,1.286888],[103.842022,1.286905]]},"properties":{"way":842543270,"highway":"footway","area":"outram","osm_tagged":false}},{"type":"Feature","geometry":{"type":"LineString","coordinates":[[103.842022,1.286905],[103.841914,1.286841]]},"properties":{"way":842543270,"highway":"footway","area":"outram","osm_tagged":false}},{"type":"Feature","geometry":{"type":"LineString","coordinates":[[103.841914,1.286841],[103.841872,1.286796]]},"properties":{"way":842543270,"highway":"footway","area":"outram","osm_tagged":false}},{"type":"Feature","geometry":{"type":"LineString","coordinates":[[103.840389,1.280938],[103.840793,1.281371]]},"properties":{"way":842597638,"highway":"footway","area":"outram","osm_tagged":false}},{"type":"Feature","geometry":{"type":"LineString","coordinates":[[103.838173,1.282067],[103.838348,1.282319]]},"properties":{"way":842658390,"highway":"footway","area":"outram","osm_tagged":false}},{"type":"Feature","geometry":{"type":"LineString","coordinates":[[103.839344,1.281152],[103.839263,1.281039]]},"properties":{"way":842910577,"highway":"footway","area":"outram","osm_tagged":false}},{"type":"Feature","geometry":{"type":"LineString","coordinates":[[103.839263,1.281039],[103.839298,1.281003]]},"properties":{"way":842910577,"highway":"footway","area":"outram","osm_tagged":false}},{"type":"Feature","geometry":{"type":"LineString","coordinates":[[103.840039,1.280552],[103.840155,1.280687]]},"properties":{"way":842910577,"highway":"footway","area":"outram","osm_tagged":false}},{"type":"Feature","geometry":{"type":"LineString","coordinates":[[103.840155,1.280687],[103.840198,1.280738]]},"properties":{"way":842910577,"highway":"footway","area":"outram","osm_tagged":false}},{"type":"Feature","geometry":{"type":"LineString","coordinates":[[103.840198,1.280738],[103.840389,1.280938]]},"properties":{"way":842910577,"highway":"footway","area":"outram","osm_tagged":false}},{"type":"Feature","geometry":{"type":"LineString","coordinates":[[103.838426,1.28131],[103.838476,1.281266]]},"properties":{"way":842931671,"highway":"footway","area":"outram","osm_tagged":false}},{"type":"Feature","geometry":{"type":"LineString","coordinates":[[103.841426,1.282179],[103.841281,1.281993]]},"properties":{"way":843357199,"highway":"footway","area":"outram","osm_tagged":true}},{"type":"Feature","geometry":{"type":"LineString","coordinates":[[103.841977,1.278443],[103.842131,1.278212]]},"properties":{"way":843357204,"highway":"footway","area":"outram","osm_tagged":false}},{"type":"Feature","geometry":{"type":"LineString","coordinates":[[103.842929,1.285851],[103.842821,1.285935]]},"properties":{"way":843457669,"highway":"footway","area":"outram","osm_tagged":false}},{"type":"Feature","geometry":{"type":"LineString","coordinates":[[103.842821,1.285935],[103.842752,1.285996]]},"properties":{"way":843457669,"highway":"footway","area":"outram","osm_tagged":false}},{"type":"Feature","geometry":{"type":"LineString","coordinates":[[103.842752,1.285996],[103.84265,1.286116]]},"properties":{"way":843457669,"highway":"footway","area":"outram","osm_tagged":false}},{"type":"Feature","geometry":{"type":"LineString","coordinates":[[103.84265,1.286116],[103.842568,1.286261]]},"properties":{"way":843457669,"highway":"footway","area":"outram","osm_tagged":false}},{"type":"Feature","geometry":{"type":"LineString","coordinates":[[103.842568,1.286261],[103.842515,1.286357]]},"properties":{"way":843457669,"highway":"footway","area":"outram","osm_tagged":false}},{"type":"Feature","geometry":{"type":"LineString","coordinates":[[103.842515,1.286357],[103.842471,1.286512]]},"properties":{"way":843457669,"highway":"footway","area":"outram","osm_tagged":false}},{"type":"Feature","geometry":{"type":"LineString","coordinates":[[103.842471,1.286512],[103.842461,1.286581]]},"properties":{"way":843457669,"highway":"footway","area":"outram","osm_tagged":false}},{"type":"Feature","geometry":{"type":"LineString","coordinates":[[103.842461,1.286581],[103.842456,1.286678]]},"properties":{"way":843457669,"highway":"footway","area":"outram","osm_tagged":false}},{"type":"Feature","geometry":{"type":"LineString","coordinates":[[103.841354,1.281636],[103.841391,1.281602]]},"properties":{"way":844513148,"highway":"footway","area":"outram","osm_tagged":false}},{"type":"Feature","geometry":{"type":"LineString","coordinates":[[103.841484,1.282115],[103.841426,1.282179]]},"properties":{"way":844513150,"highway":"footway","area":"outram","osm_tagged":false}},{"type":"Feature","geometry":{"type":"LineString","coordinates":[[103.834148,1.279815],[103.833902,1.279775]]},"properties":{"way":864883126,"highway":"footway","area":"outram","osm_tagged":true}},{"type":"Feature","geometry":{"type":"LineString","coordinates":[[103.833902,1.279775],[103.833821,1.279675]]},"properties":{"way":864883126,"highway":"footway","area":"outram","osm_tagged":true}},{"type":"Feature","geometry":{"type":"LineString","coordinates":[[103.833821,1.279675],[103.833756,1.279726]]},"properties":{"way":864883126,"highway":"footway","area":"outram","osm_tagged":true}},{"type":"Feature","geometry":{"type":"LineString","coordinates":[[103.833756,1.279726],[103.833738,1.27974]]},"properties":{"way":864883126,"highway":"footway","area":"outram","osm_tagged":true}},{"type":"Feature","geometry":{"type":"LineString","coordinates":[[103.833738,1.27974],[103.833712,1.279761]]},"properties":{"way":864883126,"highway":"footway","area":"outram","osm_tagged":true}},{"type":"Feature","geometry":{"type":"LineString","coordinates":[[103.833712,1.279761],[103.833659,1.279808]]},"properties":{"way":864883126,"highway":"footway","area":"outram","osm_tagged":true}},{"type":"Feature","geometry":{"type":"LineString","coordinates":[[103.833659,1.279808],[103.833671,1.279833]]},"properties":{"way":864883126,"highway":"footway","area":"outram","osm_tagged":true}},{"type":"Feature","geometry":{"type":"LineString","coordinates":[[103.833671,1.279833],[103.83363,1.279874]]},"properties":{"way":864883126,"highway":"footway","area":"outram","osm_tagged":true}},{"type":"Feature","geometry":{"type":"LineString","coordinates":[[103.84527,1.285232],[103.845091,1.28539]]},"properties":{"way":880840977,"highway":"corridor","area":"outram","osm_tagged":true}},{"type":"Feature","geometry":{"type":"LineString","coordinates":[[103.845091,1.28539],[103.845031,1.285443]]},"properties":{"way":880840977,"highway":"corridor","area":"outram","osm_tagged":true}},{"type":"Feature","geometry":{"type":"LineString","coordinates":[[103.845031,1.285443],[103.844948,1.285516]]},"properties":{"way":880840977,"highway":"corridor","area":"outram","osm_tagged":true}},{"type":"Feature","geometry":{"type":"LineString","coordinates":[[103.830058,1.281416],[103.830075,1.281403]]},"properties":{"way":918292550,"highway":"service","area":"outram","osm_tagged":true}},{"type":"Feature","geometry":{"type":"LineString","coordinates":[[103.830075,1.281403],[103.830087,1.281386]]},"properties":{"way":918292550,"highway":"service","area":"outram","osm_tagged":true}},{"type":"Feature","geometry":{"type":"LineString","coordinates":[[103.830087,1.281386],[103.830092,1.281366]]},"properties":{"way":918292550,"highway":"service","area":"outram","osm_tagged":true}},{"type":"Feature","geometry":{"type":"LineString","coordinates":[[103.830092,1.281366],[103.83009,1.281345]]},"properties":{"way":918292550,"highway":"service","area":"outram","osm_tagged":true}},{"type":"Feature","geometry":{"type":"LineString","coordinates":[[103.83009,1.281345],[103.830081,1.281325]]},"properties":{"way":918292550,"highway":"service","area":"outram","osm_tagged":true}},{"type":"Feature","geometry":{"type":"LineString","coordinates":[[103.830081,1.281325],[103.830067,1.28131]]},"properties":{"way":918292550,"highway":"service","area":"outram","osm_tagged":true}},{"type":"Feature","geometry":{"type":"LineString","coordinates":[[103.830067,1.28131],[103.830048,1.281301]]},"properties":{"way":918292550,"highway":"service","area":"outram","osm_tagged":true}},{"type":"Feature","geometry":{"type":"LineString","coordinates":[[103.830048,1.281301],[103.830027,1.281299]]},"properties":{"way":918292550,"highway":"service","area":"outram","osm_tagged":true}},{"type":"Feature","geometry":{"type":"LineString","coordinates":[[103.830027,1.281299],[103.830006,1.281304]]},"properties":{"way":918292550,"highway":"service","area":"outram","osm_tagged":true}},{"type":"Feature","geometry":{"type":"LineString","coordinates":[[103.830006,1.281304],[103.829989,1.281314]]},"properties":{"way":918292550,"highway":"service","area":"outram","osm_tagged":true}},{"type":"Feature","geometry":{"type":"LineString","coordinates":[[103.829989,1.281314],[103.829977,1.281329]]},"properties":{"way":918292550,"highway":"service","area":"outram","osm_tagged":true}},{"type":"Feature","geometry":{"type":"LineString","coordinates":[[103.829977,1.281329],[103.82997,1.281348]]},"properties":{"way":918292550,"highway":"service","area":"outram","osm_tagged":true}},{"type":"Feature","geometry":{"type":"LineString","coordinates":[[103.82997,1.281348],[103.829969,1.281367]]},"properties":{"way":918292550,"highway":"service","area":"outram","osm_tagged":true}},{"type":"Feature","geometry":{"type":"LineString","coordinates":[[103.829969,1.281367],[103.829974,1.281387]]},"properties":{"way":918292550,"highway":"service","area":"outram","osm_tagged":true}},{"type":"Feature","geometry":{"type":"LineString","coordinates":[[103.829974,1.281387],[103.829985,1.281403]]},"properties":{"way":918292550,"highway":"service","area":"outram","osm_tagged":true}},{"type":"Feature","geometry":{"type":"LineString","coordinates":[[103.829985,1.281403],[103.830001,1.281415]]},"properties":{"way":918292550,"highway":"service","area":"outram","osm_tagged":true}},{"type":"Feature","geometry":{"type":"LineString","coordinates":[[103.830001,1.281415],[103.830019,1.281421]]},"properties":{"way":918292550,"highway":"service","area":"outram","osm_tagged":true}},{"type":"Feature","geometry":{"type":"LineString","coordinates":[[103.830019,1.281421],[103.830039,1.281422]]},"properties":{"way":918292550,"highway":"service","area":"outram","osm_tagged":true}},{"type":"Feature","geometry":{"type":"LineString","coordinates":[[103.830039,1.281422],[103.830058,1.281416]]},"properties":{"way":918292550,"highway":"service","area":"outram","osm_tagged":true}},{"type":"Feature","geometry":{"type":"LineString","coordinates":[[103.835833,1.277834],[103.835811,1.277802]]},"properties":{"way":991145318,"highway":"service","area":"outram","osm_tagged":true}},{"type":"Feature","geometry":{"type":"LineString","coordinates":[[103.835811,1.277802],[103.835799,1.277794]]},"properties":{"way":991145318,"highway":"service","area":"outram","osm_tagged":true}},{"type":"Feature","geometry":{"type":"LineString","coordinates":[[103.835799,1.277794],[103.835783,1.277793]]},"properties":{"way":991145318,"highway":"service","area":"outram","osm_tagged":true}},{"type":"Feature","geometry":{"type":"LineString","coordinates":[[103.835783,1.277793],[103.835764,1.2778]]},"properties":{"way":991145318,"highway":"service","area":"outram","osm_tagged":true}},{"type":"Feature","geometry":{"type":"LineString","coordinates":[[103.835764,1.2778],[103.835356,1.278116]]},"properties":{"way":991145318,"highway":"service","area":"outram","osm_tagged":true}},{"type":"Feature","geometry":{"type":"LineString","coordinates":[[103.832071,1.277462],[103.832141,1.277429]]},"properties":{"way":991442798,"highway":"footway","area":"outram","osm_tagged":false}},{"type":"Feature","geometry":{"type":"LineString","coordinates":[[103.832141,1.277429],[103.832361,1.277324]]},"properties":{"way":991442798,"highway":"footway","area":"outram","osm_tagged":false}},{"type":"Feature","geometry":{"type":"LineString","coordinates":[[103.838523,1.281237],[103.838566,1.281215]]},"properties":{"way":1009413113,"highway":"footway","area":"outram","osm_tagged":false}},{"type":"Feature","geometry":{"type":"LineString","coordinates":[[103.838566,1.281215],[103.838593,1.281187]]},"properties":{"way":1009413113,"highway":"footway","area":"outram","osm_tagged":false}},{"type":"Feature","geometry":{"type":"LineString","coordinates":[[103.838593,1.281187],[103.838685,1.281091]]},"properties":{"way":1009413113,"highway":"footway","area":"outram","osm_tagged":false}},{"type":"Feature","geometry":{"type":"LineString","coordinates":[[103.838685,1.281091],[103.838847,1.280893]]},"properties":{"way":1009413113,"highway":"footway","area":"outram","osm_tagged":false}},{"type":"Feature","geometry":{"type":"LineString","coordinates":[[103.838847,1.280893],[103.839001,1.280706]]},"properties":{"way":1009413113,"highway":"footway","area":"outram","osm_tagged":false}},{"type":"Feature","geometry":{"type":"LineString","coordinates":[[103.839001,1.280706],[103.839121,1.280509]]},"properties":{"way":1009413113,"highway":"footway","area":"outram","osm_tagged":false}},{"type":"Feature","geometry":{"type":"LineString","coordinates":[[103.84399,1.281395],[103.84402,1.281437]]},"properties":{"way":1026624130,"highway":"service","area":"outram","osm_tagged":false}},{"type":"Feature","geometry":{"type":"LineString","coordinates":[[103.844726,1.28123],[103.844751,1.281101]]},"properties":{"way":1037866069,"highway":"service","area":"outram","osm_tagged":false}},{"type":"Feature","geometry":{"type":"LineString","coordinates":[[103.844751,1.281101],[103.844721,1.281056]]},"properties":{"way":1037866069,"highway":"service","area":"outram","osm_tagged":false}},{"type":"Feature","geometry":{"type":"LineString","coordinates":[[103.844721,1.281056],[103.844558,1.280806]]},"properties":{"way":1037866069,"highway":"service","area":"outram","osm_tagged":false}},{"type":"Feature","geometry":{"type":"LineString","coordinates":[[103.844558,1.280806],[103.844483,1.280762]]},"properties":{"way":1037866069,"highway":"service","area":"outram","osm_tagged":false}},{"type":"Feature","geometry":{"type":"LineString","coordinates":[[103.84434,1.281245],[103.844467,1.281183]]},"properties":{"way":1037866070,"highway":"footway","area":"outram","osm_tagged":false}},{"type":"Feature","geometry":{"type":"LineString","coordinates":[[103.838917,1.281441],[103.838822,1.281346]]},"properties":{"way":1037866073,"highway":"footway","area":"outram","osm_tagged":false}},{"type":"Feature","geometry":{"type":"LineString","coordinates":[[103.83896,1.280975],[103.838847,1.280893]]},"properties":{"way":1037866073,"highway":"footway","area":"outram","osm_tagged":false}},{"type":"Feature","geometry":{"type":"LineString","coordinates":[[103.838344,1.281959],[103.83842,1.281911]]},"properties":{"way":1037866076,"highway":"footway","area":"outram","osm_tagged":false}},{"type":"Feature","geometry":{"type":"LineString","coordinates":[[103.843915,1.281705],[103.843863,1.28161]]},"properties":{"way":1060408379,"highway":"pedestrian","area":"outram","osm_tagged":false}},{"type":"Feature","geometry":{"type":"LineString","coordinates":[[103.836945,1.279329],[103.837048,1.279266]]},"properties":{"way":1065816826,"highway":"service","area":"outram","osm_tagged":false}},{"type":"Feature","geometry":{"type":"LineString","coordinates":[[103.834958,1.280582],[103.834995,1.280697]]},"properties":{"way":1065816844,"highway":"footway","area":"outram","osm_tagged":true}},{"type":"Feature","geometry":{"type":"LineString","coordinates":[[103.834995,1.280697],[103.835031,1.280807]]},"properties":{"way":1065816844,"highway":"footway","area":"outram","osm_tagged":true}},{"type":"Feature","geometry":{"type":"LineString","coordinates":[[103.835031,1.280807],[103.835054,1.280875]]},"properties":{"way":1065816844,"highway":"footway","area":"outram","osm_tagged":true}},{"type":"Feature","geometry":{"type":"LineString","coordinates":[[103.835054,1.280875],[103.835114,1.280855]]},"properties":{"way":1065816844,"highway":"footway","area":"outram","osm_tagged":true}},{"type":"Feature","geometry":{"type":"LineString","coordinates":[[103.835114,1.280855],[103.835207,1.28083]]},"properties":{"way":1065816844,"highway":"footway","area":"outram","osm_tagged":true}},{"type":"Feature","geometry":{"type":"LineString","coordinates":[[103.835207,1.28083],[103.835424,1.280877]]},"properties":{"way":1065816844,"highway":"footway","area":"outram","osm_tagged":true}},{"type":"Feature","geometry":{"type":"LineString","coordinates":[[103.835833,1.280739],[103.835774,1.280628]]},"properties":{"way":1065816846,"highway":"footway","area":"outram","osm_tagged":true}},{"type":"Feature","geometry":{"type":"LineString","coordinates":[[103.835774,1.280628],[103.835704,1.280613]]},"properties":{"way":1065816846,"highway":"footway","area":"outram","osm_tagged":true}},{"type":"Feature","geometry":{"type":"LineString","coordinates":[[103.835704,1.280613],[103.835498,1.280746]]},"properties":{"way":1065816846,"highway":"footway","area":"outram","osm_tagged":true}},{"type":"Feature","geometry":{"type":"LineString","coordinates":[[103.835498,1.280746],[103.835468,1.280804]]},"properties":{"way":1065816846,"highway":"footway","area":"outram","osm_tagged":true}},{"type":"Feature","geometry":{"type":"LineString","coordinates":[[103.835468,1.280804],[103.835424,1.280877]]},"properties":{"way":1065816846,"highway":"footway","area":"outram","osm_tagged":true}},{"type":"Feature","geometry":{"type":"LineString","coordinates":[[103.835424,1.280877],[103.835536,1.281073]]},"properties":{"way":1065816846,"highway":"footway","area":"outram","osm_tagged":true}},{"type":"Feature","geometry":{"type":"LineString","coordinates":[[103.834863,1.280573],[103.834958,1.280582]]},"properties":{"way":1065816847,"highway":"footway","area":"outram","osm_tagged":true}},{"type":"Feature","geometry":{"type":"LineString","coordinates":[[103.834958,1.280582],[103.835157,1.280604]]},"properties":{"way":1065816847,"highway":"footway","area":"outram","osm_tagged":true}},{"type":"Feature","geometry":{"type":"LineString","coordinates":[[103.835157,1.280604],[103.835289,1.280678]]},"properties":{"way":1065816847,"highway":"footway","area":"outram","osm_tagged":true}},{"type":"Feature","geometry":{"type":"LineString","coordinates":[[103.835289,1.280678],[103.83532,1.280679]]},"properties":{"way":1065816847,"highway":"footway","area":"outram","osm_tagged":true}},{"type":"Feature","geometry":{"type":"LineString","coordinates":[[103.83532,1.280679],[103.835418,1.280717]]},"properties":{"way":1065816847,"highway":"footway","area":"outram","osm_tagged":true}},{"type":"Feature","geometry":{"type":"LineString","coordinates":[[103.835418,1.280717],[103.835498,1.280746]]},"properties":{"way":1065816847,"highway":"footway","area":"outram","osm_tagged":true}},{"type":"Feature","geometry":{"type":"LineString","coordinates":[[103.834798,1.281947],[103.834788,1.281905]]},"properties":{"way":1065816850,"highway":"footway","area":"outram","osm_tagged":true}},{"type":"Feature","geometry":{"type":"LineString","coordinates":[[103.834788,1.281905],[103.834802,1.281901]]},"properties":{"way":1065816850,"highway":"footway","area":"outram","osm_tagged":true}},{"type":"Feature","geometry":{"type":"LineString","coordinates":[[103.834534,1.281842],[103.834453,1.281827]]},"properties":{"way":1065816851,"highway":"footway","area":"outram","osm_tagged":true}},{"type":"Feature","geometry":{"type":"LineString","coordinates":[[103.834453,1.281827],[103.834419,1.281805]]},"properties":{"way":1065816851,"highway":"footway","area":"outram","osm_tagged":true}},{"type":"Feature","geometry":{"type":"LineString","coordinates":[[103.831195,1.280689],[103.831184,1.280644]]},"properties":{"way":1065816852,"highway":"footway","area":"outram","osm_tagged":true}},{"type":"Feature","geometry":{"type":"LineString","coordinates":[[103.831184,1.280644],[103.831179,1.280595]]},"properties":{"way":1065816852,"highway":"footway","area":"outram","osm_tagged":true}},{"type":"Feature","geometry":{"type":"LineString","coordinates":[[103.831179,1.280595],[103.831252,1.28044]]},"properties":{"way":1065816852,"highway":"footway","area":"outram","osm_tagged":true}},{"type":"Feature","geometry":{"type":"LineString","coordinates":[[103.831252,1.28044],[103.831268,1.280404]]},"properties":{"way":1065816852,"highway":"footway","area":"outram","osm_tagged":true}},{"type":"Feature","geometry":{"type":"LineString","coordinates":[[103.831268,1.280404],[103.831313,1.280312]]},"properties":{"way":1065816852,"highway":"footway","area":"outram","osm_tagged":true}},{"type":"Feature","geometry":{"type":"LineString","coordinates":[[103.831313,1.280312],[103.831361,1.279268]]},"properties":{"way":1065816852,"highway":"footway","area":"outram","osm_tagged":true}},{"type":"Feature","geometry":{"type":"LineString","coordinates":[[103.83363,1.279874],[103.833386,1.280064]]},"properties":{"way":1065816853,"highway":"footway","area":"outram","osm_tagged":true}},{"type":"Feature","geometry":{"type":"LineString","coordinates":[[103.833386,1.280064],[103.833213,1.280272]]},"properties":{"way":1065816853,"highway":"footway","area":"outram","osm_tagged":true}},{"type":"Feature","geometry":{"type":"LineString","coordinates":[[103.833213,1.280272],[103.8329,1.280458]]},"properties":{"way":1065816853,"highway":"footway","area":"outram","osm_tagged":true}},{"type":"Feature","geometry":{"type":"LineString","coordinates":[[103.8329,1.280458],[103.832483,1.280683]]},"properties":{"way":1065816853,"highway":"footway","area":"outram","osm_tagged":true}},{"type":"Feature","geometry":{"type":"LineString","coordinates":[[103.832483,1.280683],[103.832502,1.28072]]},"properties":{"way":1065816854,"highway":"footway","area":"outram","osm_tagged":true}},{"type":"Feature","geometry":{"type":"LineString","coordinates":[[103.832502,1.28072],[103.832515,1.280746]]},"properties":{"way":1065816854,"highway":"footway","area":"outram","osm_tagged":true}},{"type":"Feature","geometry":{"type":"LineString","coordinates":[[103.832515,1.280746],[103.832446,1.280777]]},"properties":{"way":1065816854,"highway":"footway","area":"outram","osm_tagged":true}},{"type":"Feature","geometry":{"type":"LineString","coordinates":[[103.832446,1.280777],[103.832455,1.280802]]},"properties":{"way":1065816854,"highway":"footway","area":"outram","osm_tagged":true}},{"type":"Feature","geometry":{"type":"LineString","coordinates":[[103.832455,1.280802],[103.831755,1.281046]]},"properties":{"way":1065816854,"highway":"footway","area":"outram","osm_tagged":true}},{"type":"Feature","geometry":{"type":"LineString","coordinates":[[103.831755,1.281046],[103.8316,1.281063]]},"properties":{"way":1065816854,"highway":"footway","area":"outram","osm_tagged":true}},{"type":"Feature","geometry":{"type":"LineString","coordinates":[[103.8316,1.281063],[103.831553,1.281053]]},"properties":{"way":1065816854,"highway":"footway","area":"outram","osm_tagged":true}},{"type":"Feature","geometry":{"type":"LineString","coordinates":[[103.831553,1.281053],[103.831491,1.281015]]},"properties":{"way":1065816854,"highway":"footway","area":"outram","osm_tagged":true}},{"type":"Feature","geometry":{"type":"LineString","coordinates":[[103.831491,1.281015],[103.831516,1.28098]]},"properties":{"way":1065816854,"highway":"footway","area":"outram","osm_tagged":true}},{"type":"Feature","geometry":{"type":"LineString","coordinates":[[103.831516,1.28098],[103.83155,1.280934]]},"properties":{"way":1065816854,"highway":"footway","area":"outram","osm_tagged":true}},{"type":"Feature","geometry":{"type":"LineString","coordinates":[[103.83155,1.280934],[103.831195,1.280689]]},"properties":{"way":1065816854,"highway":"footway","area":"outram","osm_tagged":true}},{"type":"Feature","geometry":{"type":"LineString","coordinates":[[103.831195,1.280689],[103.83096,1.280526]]},"properties":{"way":1065816854,"highway":"footway","area":"outram","osm_tagged":true}},{"type":"Feature","geometry":{"type":"LineString","coordinates":[[103.83096,1.280526],[103.830816,1.280371]]},"properties":{"way":1065816854,"highway":"footway","area":"outram","osm_tagged":true}},{"type":"Feature","geometry":{"type":"LineString","coordinates":[[103.830816,1.280371],[103.83084,1.280346]]},"properties":{"way":1065816854,"highway":"footway","area":"outram","osm_tagged":true}},{"type":"Feature","geometry":{"type":"LineString","coordinates":[[103.832483,1.280683],[103.832472,1.280667]]},"properties":{"way":1065816855,"highway":"footway","area":"outram","osm_tagged":true}},{"type":"Feature","geometry":{"type":"LineString","coordinates":[[103.832472,1.280667],[103.83237,1.280722]]},"properties":{"way":1065816855,"highway":"footway","area":"outram","osm_tagged":true}},{"type":"Feature","geometry":{"type":"LineString","coordinates":[[103.83237,1.280722],[103.832344,1.280712]]},"properties":{"way":1065816855,"highway":"footway","area":"outram","osm_tagged":true}},{"type":"Feature","geometry":{"type":"LineString","coordinates":[[103.832344,1.280712],[103.832336,1.280686]]},"properties":{"way":1065816855,"highway":"footway","area":"outram","osm_tagged":true}},{"type":"Feature","geometry":{"type":"LineString","coordinates":[[103.832336,1.280686],[103.832275,1.280501]]},"properties":{"way":1065816855,"highway":"footway","area":"outram","osm_tagged":true}},{"type":"Feature","geometry":{"type":"LineString","coordinates":[[103.832275,1.280501],[103.832276,1.280483]]},"properties":{"way":1065816855,"highway":"footway","area":"outram","osm_tagged":true}},{"type":"Feature","geometry":{"type":"LineString","coordinates":[[103.832276,1.280483],[103.832239,1.280476]]},"properties":{"way":1065816855,"highway":"footway","area":"outram","osm_tagged":true}},{"type":"Feature","geometry":{"type":"LineString","coordinates":[[103.832239,1.280476],[103.832156,1.280469]]},"properties":{"way":1065816855,"highway":"footway","area":"outram","osm_tagged":true}},{"type":"Feature","geometry":{"type":"LineString","coordinates":[[103.832156,1.280469],[103.831856,1.280406]]},"properties":{"way":1065816855,"highway":"footway","area":"outram","osm_tagged":true}},{"type":"Feature","geometry":{"type":"LineString","coordinates":[[103.831856,1.280406],[103.831784,1.280323]]},"properties":{"way":1065816855,"highway":"footway","area":"outram","osm_tagged":true}},{"type":"Feature","geometry":{"type":"LineString","coordinates":[[103.831784,1.280323],[103.831819,1.279708]]},"properties":{"way":1065816855,"highway":"footway","area":"outram","osm_tagged":true}},{"type":"Feature","geometry":{"type":"LineString","coordinates":[[103.832209,1.280738],[103.832285,1.280707]]},"properties":{"way":1065816856,"highway":"footway","area":"outram","osm_tagged":true}},{"type":"Feature","geometry":{"type":"LineString","coordinates":[[103.832285,1.280707],[103.832336,1.280686]]},"properties":{"way":1065816856,"highway":"footway","area":"outram","osm_tagged":true}},{"type":"Feature","geometry":{"type":"LineString","coordinates":[[103.83555,1.280368],[103.835574,1.280427]]},"properties":{"way":1065816888,"highway":"footway","area":"outram","osm_tagged":false}},{"type":"Feature","geometry":{"type":"LineString","coordinates":[[103.835574,1.280427],[103.83562,1.280443]]},"properties":{"way":1065816888,"highway":"footway","area":"outram","osm_tagged":false}},{"type":"Feature","geometry":{"type":"LineString","coordinates":[[103.83562,1.280443],[103.835652,1.280491]]},"properties":{"way":1065816888,"highway":"footway","area":"outram","osm_tagged":false}},{"type":"Feature","geometry":{"type":"LineString","coordinates":[[103.835652,1.280491],[103.835654,1.280552]]},"properties":{"way":1065816888,"highway":"footway","area":"outram","osm_tagged":false}},{"type":"Feature","geometry":{"type":"LineString","coordinates":[[103.835654,1.280552],[103.835625,1.280596]]},"properties":{"way":1065816888,"highway":"footway","area":"outram","osm_tagged":false}},{"type":"Feature","geometry":{"type":"LineString","coordinates":[[103.835625,1.280596],[103.835735,1.280522]]},"properties":{"way":1065816888,"highway":"footway","area":"outram","osm_tagged":false}},{"type":"Feature","geometry":{"type":"LineString","coordinates":[[103.835439,1.28044],[103.835479,1.280397]]},"properties":{"way":1065816892,"highway":"footway","area":"outram","osm_tagged":false}},{"type":"Feature","geometry":{"type":"LineString","coordinates":[[103.835479,1.280397],[103.83555,1.280368]]},"properties":{"way":1065816892,"highway":"footway","area":"outram","osm_tagged":false}},{"type":"Feature","geometry":{"type":"LineString","coordinates":[[103.83555,1.280368],[103.835584,1.280255]]},"properties":{"way":1065816892,"highway":"footway","area":"outram","osm_tagged":false}},{"type":"Feature","geometry":{"type":"LineString","coordinates":[[103.835405,1.280258],[103.834945,1.280226]]},"properties":{"way":1065816894,"highway":"footway","area":"outram","osm_tagged":false}},{"type":"Feature","geometry":{"type":"LineString","coordinates":[[103.835405,1.280258],[103.835479,1.280397]]},"properties":{"way":1065816904,"highway":"footway","area":"outram","osm_tagged":false}},{"type":"Feature","geometry":{"type":"LineString","coordinates":[[103.83558,1.279816],[103.835411,1.279802]]},"properties":{"way":1065816905,"highway":"footway","area":"outram","osm_tagged":true}},{"type":"Feature","geometry":{"type":"LineString","coordinates":[[103.835397,1.279826],[103.835389,1.279918]]},"properties":{"way":1065816906,"highway":"footway","area":"outram","osm_tagged":true}},{"type":"Feature","geometry":{"type":"LineString","coordinates":[[103.835389,1.279918],[103.835366,1.280178]]},"properties":{"way":1065816906,"highway":"footway","area":"outram","osm_tagged":true}},{"type":"Feature","geometry":{"type":"LineString","coordinates":[[103.835411,1.279802],[103.835399,1.279801]]},"properties":{"way":1065816907,"highway":"footway","area":"outram","osm_tagged":true}},{"type":"Feature","geometry":{"type":"LineString","coordinates":[[103.835399,1.279801],[103.835397,1.279826]]},"properties":{"way":1065816907,"highway":"footway","area":"outram","osm_tagged":true}},{"type":"Feature","geometry":{"type":"LineString","coordinates":[[103.835954,1.279598],[103.835918,1.279546]]},"properties":{"way":1065816911,"highway":"footway","area":"outram","osm_tagged":true}},{"type":"Feature","geometry":{"type":"LineString","coordinates":[[103.835918,1.279546],[103.835919,1.279507]]},"properties":{"way":1065816911,"highway":"footway","area":"outram","osm_tagged":true}},{"type":"Feature","geometry":{"type":"LineString","coordinates":[[103.834463,1.2783],[103.834527,1.278246]]},"properties":{"way":1065816913,"highway":"footway","area":"outram","osm_tagged":true}},{"type":"Feature","geometry":{"type":"LineString","coordinates":[[103.834527,1.278246],[103.834661,1.278132]]},"properties":{"way":1065816913,"highway":"footway","area":"outram","osm_tagged":true}},{"type":"Feature","geometry":{"type":"LineString","coordinates":[[103.834661,1.278132],[103.834938,1.277899]]},"properties":{"way":1065816913,"highway":"footway","area":"outram","osm_tagged":true}},{"type":"Feature","geometry":{"type":"LineString","coordinates":[[103.834455,1.278418],[103.834463,1.2783]]},"properties":{"way":1065816914,"highway":"steps","area":"outram","osm_tagged":true}},{"type":"Feature","geometry":{"type":"LineString","coordinates":[[103.844834,1.274462],[103.844834,1.274412]]},"properties":{"way":1090890386,"highway":"service","area":"outram","osm_tagged":true}},{"type":"Feature","geometry":{"type":"LineString","coordinates":[[103.844834,1.274412],[103.844835,1.274363]]},"properties":{"way":1090890386,"highway":"service","area":"outram","osm_tagged":true}},{"type":"Feature","geometry":{"type":"LineString","coordinates":[[103.837815,1.280475],[103.83774,1.280519]]},"properties":{"way":1094639449,"highway":"footway","area":"outram","osm_tagged":true}},{"type":"Feature","geometry":{"type":"LineString","coordinates":[[103.83774,1.280519],[103.837765,1.28057]]},"properties":{"way":1094639449,"highway":"footway","area":"outram","osm_tagged":true}},{"type":"Feature","geometry":{"type":"LineString","coordinates":[[103.837765,1.28057],[103.837861,1.280604]]},"properties":{"way":1094639449,"highway":"footway","area":"outram","osm_tagged":true}},{"type":"Feature","geometry":{"type":"LineString","coordinates":[[103.837861,1.280604],[103.837941,1.280685]]},"properties":{"way":1094639449,"highway":"footway","area":"outram","osm_tagged":true}},{"type":"Feature","geometry":{"type":"LineString","coordinates":[[103.837941,1.280685],[103.838013,1.280762]]},"properties":{"way":1094639449,"highway":"footway","area":"outram","osm_tagged":true}},{"type":"Feature","geometry":{"type":"LineString","coordinates":[[103.838013,1.280762],[103.838073,1.280831]]},"properties":{"way":1094639449,"highway":"footway","area":"outram","osm_tagged":true}},{"type":"Feature","geometry":{"type":"LineString","coordinates":[[103.838073,1.280831],[103.838119,1.280892]]},"properties":{"way":1094639449,"highway":"footway","area":"outram","osm_tagged":true}},{"type":"Feature","geometry":{"type":"LineString","coordinates":[[103.838119,1.280892],[103.838164,1.280961]]},"properties":{"way":1094639449,"highway":"footway","area":"outram","osm_tagged":true}},{"type":"Feature","geometry":{"type":"LineString","coordinates":[[103.838164,1.280961],[103.838228,1.281071]]},"properties":{"way":1094639449,"highway":"footway","area":"outram","osm_tagged":true}},{"type":"Feature","geometry":{"type":"LineString","coordinates":[[103.838228,1.281071],[103.838386,1.281339]]},"properties":{"way":1094639449,"highway":"footway","area":"outram","osm_tagged":true}},{"type":"Feature","geometry":{"type":"LineString","coordinates":[[103.841218,1.276165],[103.841325,1.275805]]},"properties":{"way":1113552788,"highway":"service","area":"outram","osm_tagged":true}},{"type":"Feature","geometry":{"type":"LineString","coordinates":[[103.841325,1.275805],[103.841193,1.275764]]},"properties":{"way":1113552788,"highway":"service","area":"outram","osm_tagged":true}},{"type":"Feature","geometry":{"type":"LineString","coordinates":[[103.841193,1.275764],[103.841089,1.276128]]},"properties":{"way":1113552788,"highway":"service","area":"outram","osm_tagged":true}},{"type":"Feature","geometry":{"type":"LineString","coordinates":[[103.83734,1.281144],[103.837551,1.281488]]},"properties":{"way":1127683988,"highway":"service","area":"outram","osm_tagged":true}},{"type":"Feature","geometry":{"type":"LineString","coordinates":[[103.837551,1.281488],[103.837583,1.281467]]},"properties":{"way":1127683989,"highway":"service","area":"outram","osm_tagged":true}},{"type":"Feature","geometry":{"type":"LineString","coordinates":[[103.837583,1.281467],[103.837365,1.281114]]},"properties":{"way":1127683989,"highway":"service","area":"outram","osm_tagged":true}},{"type":"Feature","geometry":{"type":"LineString","coordinates":[[103.837365,1.281114],[103.83734,1.281144]]},"properties":{"way":1127683990,"highway":"service","area":"outram","osm_tagged":false}},{"type":"Feature","geometry":{"type":"LineString","coordinates":[[103.830227,1.283724],[103.830448,1.283435]]},"properties":{"way":1173008763,"highway":"service","area":"outram","osm_tagged":true}},{"type":"Feature","geometry":{"type":"LineString","coordinates":[[103.842309,1.283341],[103.842691,1.28303]]},"properties":{"way":1174586416,"highway":"footway","area":"outram","osm_tagged":true}},{"type":"Feature","geometry":{"type":"LineString","coordinates":[[103.843424,1.28554],[103.843386,1.285571]]},"properties":{"way":1191961873,"highway":"steps","area":"outram","osm_tagged":true}},{"type":"Feature","geometry":{"type":"LineString","coordinates":[[103.843148,1.285469],[103.843199,1.285433]]},"properties":{"way":1191965953,"highway":"footway","area":"outram","osm_tagged":true}},{"type":"Feature","geometry":{"type":"LineString","coordinates":[[103.843199,1.285433],[103.843336,1.28561]]},"properties":{"way":1191965953,"highway":"footway","area":"outram","osm_tagged":true}},{"type":"Feature","geometry":{"type":"LineString","coordinates":[[103.843336,1.28561],[103.843386,1.285571]]},"properties":{"way":1191965953,"highway":"footway","area":"outram","osm_tagged":true}},{"type":"Feature","geometry":{"type":"LineString","coordinates":[[103.843313,1.285648],[103.843305,1.285635]]},"properties":{"way":1191965954,"highway":"footway","area":"outram","osm_tagged":true}},{"type":"Feature","geometry":{"type":"LineString","coordinates":[[103.843305,1.285635],[103.843336,1.28561]]},"properties":{"way":1191965954,"highway":"footway","area":"outram","osm_tagged":true}},{"type":"Feature","geometry":{"type":"LineString","coordinates":[[103.843319,1.285671],[103.843343,1.285654]]},"properties":{"way":1191965956,"highway":"steps","area":"outram","osm_tagged":true}},{"type":"Feature","geometry":{"type":"LineString","coordinates":[[103.843343,1.285654],[103.843335,1.285643]]},"properties":{"way":1191965956,"highway":"steps","area":"outram","osm_tagged":true}},{"type":"Feature","geometry":{"type":"LineString","coordinates":[[103.843335,1.285643],[103.84332,1.285656]]},"properties":{"way":1191965956,"highway":"steps","area":"outram","osm_tagged":true}},{"type":"Feature","geometry":{"type":"LineString","coordinates":[[103.84332,1.285656],[103.843313,1.285648]]},"properties":{"way":1191965956,"highway":"steps","area":"outram","osm_tagged":true}},{"type":"Feature","geometry":{"type":"LineString","coordinates":[[103.843126,1.285524],[103.843107,1.2855]]},"properties":{"way":1191965957,"highway":"steps","area":"outram","osm_tagged":true}},{"type":"Feature","geometry":{"type":"LineString","coordinates":[[103.843107,1.2855],[103.843148,1.285469]]},"properties":{"way":1191965957,"highway":"steps","area":"outram","osm_tagged":true}},{"type":"Feature","geometry":{"type":"LineString","coordinates":[[103.835309,1.276091],[103.835377,1.276083]]},"properties":{"way":1226175599,"highway":"footway","area":"outram","osm_tagged":true}},{"type":"Feature","geometry":{"type":"LineString","coordinates":[[103.835377,1.276083],[103.835476,1.275984]]},"properties":{"way":1226175599,"highway":"footway","area":"outram","osm_tagged":true}},{"type":"Feature","geometry":{"type":"LineString","coordinates":[[103.835476,1.275984],[103.835573,1.275886]]},"properties":{"way":1226175599,"highway":"footway","area":"outram","osm_tagged":true}},{"type":"Feature","geometry":{"type":"LineString","coordinates":[[103.835573,1.275886],[103.835654,1.275769]]},"properties":{"way":1226175599,"highway":"footway","area":"outram","osm_tagged":true}},{"type":"Feature","geometry":{"type":"LineString","coordinates":[[103.835654,1.275769],[103.83566,1.275712]]},"properties":{"way":1226175599,"highway":"footway","area":"outram","osm_tagged":true}},{"type":"Feature","geometry":{"type":"LineString","coordinates":[[103.83566,1.275712],[103.835571,1.275636]]},"properties":{"way":1226175599,"highway":"footway","area":"outram","osm_tagged":true}},{"type":"Feature","geometry":{"type":"LineString","coordinates":[[103.842384,1.274557],[103.842304,1.274589]]},"properties":{"way":1228196504,"highway":"service","area":"outram","osm_tagged":true}},{"type":"Feature","geometry":{"type":"LineString","coordinates":[[103.842304,1.274589],[103.842272,1.274589]]},"properties":{"way":1228196504,"highway":"service","area":"outram","osm_tagged":true}},{"type":"Feature","geometry":{"type":"LineString","coordinates":[[103.842272,1.274589],[103.842201,1.274552]]},"properties":{"way":1228196504,"highway":"service","area":"outram","osm_tagged":true}},{"type":"Feature","geometry":{"type":"LineString","coordinates":[[103.842201,1.274552],[103.842148,1.274553]]},"properties":{"way":1228196504,"highway":"service","area":"outram","osm_tagged":true}},{"type":"Feature","geometry":{"type":"LineString","coordinates":[[103.842148,1.274553],[103.84206,1.274589]]},"properties":{"way":1228196504,"highway":"service","area":"outram","osm_tagged":true}},{"type":"Feature","geometry":{"type":"LineString","coordinates":[[103.842349,1.274481],[103.842384,1.274557]]},"properties":{"way":1228196506,"highway":"service","area":"outram","osm_tagged":true}},{"type":"Feature","geometry":{"type":"LineString","coordinates":[[103.842384,1.274557],[103.842403,1.274597]]},"properties":{"way":1228196506,"highway":"service","area":"outram","osm_tagged":true}},{"type":"Feature","geometry":{"type":"LineString","coordinates":[[103.843862,1.285132],[103.843434,1.285441]]},"properties":{"way":1299469619,"highway":"footway","area":"outram","osm_tagged":true}},{"type":"Feature","geometry":{"type":"LineString","coordinates":[[103.843434,1.285441],[103.843256,1.285587]]},"properties":{"way":1299469619,"highway":"footway","area":"outram","osm_tagged":true}},{"type":"Feature","geometry":{"type":"LineString","coordinates":[[103.843256,1.285587],[103.843154,1.285673]]},"properties":{"way":1299469619,"highway":"footway","area":"outram","osm_tagged":true}},{"type":"Feature","geometry":{"type":"LineString","coordinates":[[103.843154,1.285673],[103.843057,1.285745]]},"properties":{"way":1299469619,"highway":"footway","area":"outram","osm_tagged":true}},{"type":"Feature","geometry":{"type":"LineString","coordinates":[[103.843057,1.285745],[103.843015,1.285779]]},"properties":{"way":1299469619,"highway":"footway","area":"outram","osm_tagged":true}},{"type":"Feature","geometry":{"type":"LineString","coordinates":[[103.842022,1.286905],[103.842016,1.286941]]},"properties":{"way":1299469620,"highway":"footway","area":"outram","osm_tagged":true}},{"type":"Feature","geometry":{"type":"LineString","coordinates":[[103.842016,1.286941],[103.842008,1.286981]]},"properties":{"way":1299469620,"highway":"footway","area":"outram","osm_tagged":true}},{"type":"Feature","geometry":{"type":"LineString","coordinates":[[103.84217,1.287046],[103.842008,1.286981]]},"properties":{"way":1299469621,"highway":"footway","area":"outram","osm_tagged":false}},{"type":"Feature","geometry":{"type":"LineString","coordinates":[[103.842008,1.286981],[103.841905,1.286929]]},"properties":{"way":1299469621,"highway":"footway","area":"outram","osm_tagged":false}},{"type":"Feature","geometry":{"type":"LineString","coordinates":[[103.841905,1.286929],[103.841681,1.287079]]},"properties":{"way":1299469621,"highway":"footway","area":"outram","osm_tagged":false}},{"type":"Feature","geometry":{"type":"LineString","coordinates":[[103.841485,1.277493],[103.841538,1.277113]]},"properties":{"way":1302009999,"highway":"service","area":"outram","osm_tagged":true}},{"type":"Feature","geometry":{"type":"LineString","coordinates":[[103.841166,1.277772],[103.841264,1.277182]]},"properties":{"way":1302010001,"highway":"service","area":"outram","osm_tagged":true}},{"type":"Feature","geometry":{"type":"LineString","coordinates":[[103.841408,1.277124],[103.841234,1.277092]]},"properties":{"way":1302010002,"highway":"service","area":"outram","osm_tagged":true}},{"type":"Feature","geometry":{"type":"LineString","coordinates":[[103.841054,1.277058],[103.841234,1.277092]]},"properties":{"way":1302010003,"highway":"service","area":"outram","osm_tagged":true}},{"type":"Feature","geometry":{"type":"LineString","coordinates":[[103.841305,1.277683],[103.841408,1.277124]]},"properties":{"way":1302010006,"highway":"service","area":"outram","osm_tagged":true}},{"type":"Feature","geometry":{"type":"LineString","coordinates":[[103.841408,1.277124],[103.841422,1.277051]]},"properties":{"way":1302010006,"highway":"service","area":"outram","osm_tagged":true}},{"type":"Feature","geometry":{"type":"LineString","coordinates":[[103.841081,1.276916],[103.840958,1.276887]]},"properties":{"way":1302010008,"highway":"service","area":"outram","osm_tagged":true}},{"type":"Feature","geometry":{"type":"LineString","coordinates":[[103.841081,1.276916],[103.841054,1.277058]]},"properties":{"way":1302010009,"highway":"service","area":"outram","osm_tagged":true}},{"type":"Feature","geometry":{"type":"LineString","coordinates":[[103.841054,1.277058],[103.840947,1.277637]]},"properties":{"way":1302010009,"highway":"service","area":"outram","osm_tagged":true}},{"type":"Feature","geometry":{"type":"LineString","coordinates":[[103.841188,1.276236],[103.841218,1.276165]]},"properties":{"way":1302010011,"highway":"service","area":"outram","osm_tagged":true}},{"type":"Feature","geometry":{"type":"LineString","coordinates":[[103.841081,1.276916],[103.841422,1.277051]]},"properties":{"way":1302010017,"highway":"service","area":"outram","osm_tagged":true}},{"type":"Feature","geometry":{"type":"LineString","coordinates":[[103.841422,1.277051],[103.841538,1.277113]]},"properties":{"way":1302010017,"highway":"service","area":"outram","osm_tagged":true}},{"type":"Feature","geometry":{"type":"LineString","coordinates":[[103.841538,1.277113],[103.841572,1.277146]]},"properties":{"way":1302010017,"highway":"service","area":"outram","osm_tagged":true}},{"type":"Feature","geometry":{"type":"LineString","coordinates":[[103.841572,1.277146],[103.841602,1.277176]]},"properties":{"way":1302010017,"highway":"service","area":"outram","osm_tagged":true}},{"type":"Feature","geometry":{"type":"LineString","coordinates":[[103.841056,1.277709],[103.841152,1.277159]]},"properties":{"way":1303705980,"highway":"service","area":"outram","osm_tagged":true}},{"type":"Feature","geometry":{"type":"LineString","coordinates":[[103.837861,1.279577],[103.838404,1.279584]]},"properties":{"way":1318115461,"highway":"service","area":"outram","osm_tagged":true}},{"type":"Feature","geometry":{"type":"LineString","coordinates":[[103.838404,1.279584],[103.838494,1.279501]]},"properties":{"way":1318115461,"highway":"service","area":"outram","osm_tagged":true}},{"type":"Feature","geometry":{"type":"LineString","coordinates":[[103.83937,1.281437],[103.839281,1.281495]]},"properties":{"way":1347519798,"highway":"corridor","area":"outram","osm_tagged":true}},{"type":"Feature","geometry":{"type":"LineString","coordinates":[[103.839281,1.281495],[103.83918,1.281561]]},"properties":{"way":1347519798,"highway":"corridor","area":"outram","osm_tagged":true}},{"type":"Feature","geometry":{"type":"LineString","coordinates":[[103.83918,1.281561],[103.839105,1.281608]]},"properties":{"way":1347519798,"highway":"corridor","area":"outram","osm_tagged":true}},{"type":"Feature","geometry":{"type":"LineString","coordinates":[[103.838206,1.282292],[103.838303,1.282225]]},"properties":{"way":1347519800,"highway":"steps","area":"outram","osm_tagged":false}},{"type":"Feature","geometry":{"type":"LineString","coordinates":[[103.838298,1.282215],[103.838199,1.282279]]},"properties":{"way":1347519801,"highway":"steps","area":"outram","osm_tagged":false}},{"type":"Feature","geometry":{"type":"LineString","coordinates":[[103.838835,1.281618],[103.838932,1.281551]]},"properties":{"way":1347519803,"highway":"steps","area":"outram","osm_tagged":false}},{"type":"Feature","geometry":{"type":"LineString","coordinates":[[103.838927,1.28154],[103.838828,1.281605]]},"properties":{"way":1347519804,"highway":"steps","area":"outram","osm_tagged":false}},{"type":"Feature","geometry":{"type":"LineString","coordinates":[[103.839186,1.279402],[103.83924,1.279458]]},"properties":{"way":1347519823,"highway":"steps","area":"outram","osm_tagged":false}},{"type":"Feature","geometry":{"type":"LineString","coordinates":[[103.838706,1.280944],[103.838649,1.28101]]},"properties":{"way":1347519845,"highway":"steps","area":"outram","osm_tagged":false}},{"type":"Feature","geometry":{"type":"LineString","coordinates":[[103.838718,1.280954],[103.838661,1.28102]]},"properties":{"way":1347519846,"highway":"steps","area":"outram","osm_tagged":false}},{"type":"Feature","geometry":{"type":"LineString","coordinates":[[103.838675,1.281032],[103.83873,1.280964]]},"properties":{"way":1347519847,"highway":"steps","area":"outram","osm_tagged":false}},{"type":"Feature","geometry":{"type":"LineString","coordinates":[[103.839758,1.280713],[103.839855,1.280814]]},"properties":{"way":1347519864,"highway":"steps","area":"outram","osm_tagged":false}},{"type":"Feature","geometry":{"type":"LineString","coordinates":[[103.839092,1.281447],[103.839189,1.281381]]},"properties":{"way":1347519884,"highway":"steps","area":"outram","osm_tagged":false}},{"type":"Feature","geometry":{"type":"LineString","coordinates":[[103.839184,1.28137],[103.839085,1.281435]]},"properties":{"way":1347519885,"highway":"steps","area":"outram","osm_tagged":false}},{"type":"Feature","geometry":{"type":"LineString","coordinates":[[103.84459,1.280651],[103.844518,1.280729]]},"properties":{"way":1421322706,"highway":"corridor","area":"outram","osm_tagged":true}},{"type":"Feature","geometry":{"type":"LineString","coordinates":[[103.844854,1.280504],[103.844808,1.28046]]},"properties":{"way":1421322707,"highway":"corridor","area":"outram","osm_tagged":true}},{"type":"Feature","geometry":{"type":"LineString","coordinates":[[103.844808,1.28046],[103.844715,1.280382]]},"properties":{"way":1421322707,"highway":"corridor","area":"outram","osm_tagged":true}},{"type":"Feature","geometry":{"type":"LineString","coordinates":[[103.844715,1.280382],[103.844618,1.2803]]},"properties":{"way":1421322707,"highway":"corridor","area":"outram","osm_tagged":true}},{"type":"Feature","geometry":{"type":"LineString","coordinates":[[103.844618,1.2803],[103.844572,1.280262]]},"properties":{"way":1421322707,"highway":"corridor","area":"outram","osm_tagged":true}},{"type":"Feature","geometry":{"type":"LineString","coordinates":[[103.844568,1.280557],[103.844715,1.280382]]},"properties":{"way":1421322709,"highway":"corridor","area":"outram","osm_tagged":true}},{"type":"Feature","geometry":{"type":"LineString","coordinates":[[103.844715,1.280382],[103.844943,1.280109]]},"properties":{"way":1421322709,"highway":"corridor","area":"outram","osm_tagged":true}},{"type":"Feature","geometry":{"type":"LineString","coordinates":[[103.844943,1.280109],[103.844973,1.280073]]},"properties":{"way":1421322709,"highway":"corridor","area":"outram","osm_tagged":true}},{"type":"Feature","geometry":{"type":"LineString","coordinates":[[103.844623,1.280679],[103.84459,1.280651]]},"properties":{"way":1421322710,"highway":"corridor","area":"outram","osm_tagged":true}},{"type":"Feature","geometry":{"type":"LineString","coordinates":[[103.84459,1.280651],[103.844532,1.280602]]},"properties":{"way":1421322710,"highway":"corridor","area":"outram","osm_tagged":true}},{"type":"Feature","geometry":{"type":"LineString","coordinates":[[103.844532,1.280602],[103.844568,1.280557]]},"properties":{"way":1421322710,"highway":"corridor","area":"outram","osm_tagged":true}},{"type":"Feature","geometry":{"type":"LineString","coordinates":[[103.844568,1.280557],[103.844465,1.280474]]},"properties":{"way":1421322710,"highway":"corridor","area":"outram","osm_tagged":true}},{"type":"Feature","geometry":{"type":"LineString","coordinates":[[103.844465,1.280474],[103.844618,1.2803]]},"properties":{"way":1421322710,"highway":"corridor","area":"outram","osm_tagged":true}},{"type":"Feature","geometry":{"type":"LineString","coordinates":[[103.844618,1.2803],[103.844853,1.280031]]},"properties":{"way":1421322710,"highway":"corridor","area":"outram","osm_tagged":true}},{"type":"Feature","geometry":{"type":"LineString","coordinates":[[103.844853,1.280031],[103.844943,1.280109]]},"properties":{"way":1421322710,"highway":"corridor","area":"outram","osm_tagged":true}},{"type":"Feature","geometry":{"type":"LineString","coordinates":[[103.844943,1.280109],[103.845039,1.280193]]},"properties":{"way":1421322710,"highway":"corridor","area":"outram","osm_tagged":true}},{"type":"Feature","geometry":{"type":"LineString","coordinates":[[103.845039,1.280193],[103.844808,1.28046]]},"properties":{"way":1421322710,"highway":"corridor","area":"outram","osm_tagged":true}},{"type":"Feature","geometry":{"type":"LineString","coordinates":[[103.844808,1.28046],[103.844623,1.280679]]},"properties":{"way":1421322710,"highway":"corridor","area":"outram","osm_tagged":true}},{"type":"Feature","geometry":{"type":"LineString","coordinates":[[103.83026,1.276734],[103.830141,1.276718]]},"properties":{"way":1457417942,"highway":"service","area":"outram","osm_tagged":true}},{"type":"Feature","geometry":{"type":"LineString","coordinates":[[103.830141,1.276718],[103.829942,1.276663]]},"properties":{"way":1457417942,"highway":"service","area":"outram","osm_tagged":true}},{"type":"Feature","geometry":{"type":"LineString","coordinates":[[103.837086,1.281365],[103.837122,1.281395]]},"properties":{"way":1509693182,"highway":"footway","area":"outram","osm_tagged":false}},{"type":"Feature","geometry":{"type":"LineString","coordinates":[[103.837122,1.281395],[103.837181,1.281449]]},"properties":{"way":1509693182,"highway":"footway","area":"outram","osm_tagged":false}},{"type":"Feature","geometry":{"type":"LineString","coordinates":[[103.837181,1.281449],[103.837233,1.28138]]},"properties":{"way":1509693182,"highway":"footway","area":"outram","osm_tagged":false}},{"type":"Feature","geometry":{"type":"LineString","coordinates":[[103.837233,1.28138],[103.837263,1.281275]]},"properties":{"way":1509693182,"highway":"footway","area":"outram","osm_tagged":false}},{"type":"Feature","geometry":{"type":"LineString","coordinates":[[103.837263,1.281275],[103.837275,1.281165]]},"properties":{"way":1509693182,"highway":"footway","area":"outram","osm_tagged":false}},{"type":"Feature","geometry":{"type":"LineString","coordinates":[[103.837275,1.281165],[103.837249,1.281066]]},"properties":{"way":1509693182,"highway":"footway","area":"outram","osm_tagged":false}},{"type":"Feature","geometry":{"type":"LineString","coordinates":[[103.83843,1.281068],[103.838501,1.281134]]},"properties":{"way":1509693183,"highway":"footway","area":"outram","osm_tagged":false}},{"type":"Feature","geometry":{"type":"LineString","coordinates":[[103.838501,1.281134],[103.838514,1.281118]]},"properties":{"way":1509693184,"highway":"footway","area":"outram","osm_tagged":false}},{"type":"Feature","geometry":{"type":"LineString","coordinates":[[103.838593,1.281187],[103.838514,1.281118]]},"properties":{"way":1509693185,"highway":"footway","area":"outram","osm_tagged":false}},{"type":"Feature","geometry":{"type":"LineString","coordinates":[[103.834994,1.275986],[103.834921,1.275971]]},"properties":{"way":1513973666,"highway":"steps","area":"outram","osm_tagged":true}},{"type":"Feature","geometry":{"type":"LineString","coordinates":[[103.834921,1.275971],[103.834917,1.275989]]},"properties":{"way":1513973666,"highway":"steps","area":"outram","osm_tagged":true}},{"type":"Feature","geometry":{"type":"LineString","coordinates":[[103.834917,1.275989],[103.835019,1.276013]]},"properties":{"way":1513973666,"highway":"steps","area":"outram","osm_tagged":true}},{"type":"Feature","geometry":{"type":"LineString","coordinates":[[103.832802,1.275316],[103.832873,1.275426]]},"properties":{"way":1513973668,"highway":"footway","area":"outram","osm_tagged":true}},{"type":"Feature","geometry":{"type":"LineString","coordinates":[[103.832873,1.275426],[103.832752,1.275883]]},"properties":{"way":1513973668,"highway":"footway","area":"outram","osm_tagged":true}},{"type":"Feature","geometry":{"type":"LineString","coordinates":[[103.832752,1.275883],[103.832692,1.276107]]},"properties":{"way":1513973668,"highway":"footway","area":"outram","osm_tagged":true}},{"type":"Feature","geometry":{"type":"LineString","coordinates":[[103.833749,1.276056],[103.833714,1.275902]]},"properties":{"way":1513973669,"highway":"footway","area":"outram","osm_tagged":true}},{"type":"Feature","geometry":{"type":"LineString","coordinates":[[103.834293,1.275874],[103.834258,1.275838]]},"properties":{"way":1513973670,"highway":"footway","area":"outram","osm_tagged":true}},{"type":"Feature","geometry":{"type":"LineString","coordinates":[[103.834258,1.275838],[103.834141,1.27587]]},"properties":{"way":1513973670,"highway":"footway","area":"outram","osm_tagged":true}},{"type":"Feature","geometry":{"type":"LineString","coordinates":[[103.834141,1.27587],[103.833996,1.275828]]},"properties":{"way":1513973670,"highway":"footway","area":"outram","osm_tagged":true}},{"type":"Feature","geometry":{"type":"LineString","coordinates":[[103.833996,1.275828],[103.833714,1.275902]]},"properties":{"way":1513973670,"highway":"footway","area":"outram","osm_tagged":true}},{"type":"Feature","geometry":{"type":"LineString","coordinates":[[103.833714,1.275902],[103.833348,1.275996]]},"properties":{"way":1513973670,"highway":"footway","area":"outram","osm_tagged":true}},{"type":"Feature","geometry":{"type":"LineString","coordinates":[[103.833348,1.275996],[103.833239,1.275996]]},"properties":{"way":1513973670,"highway":"footway","area":"outram","osm_tagged":true}},{"type":"Feature","geometry":{"type":"LineString","coordinates":[[103.833239,1.275996],[103.832752,1.275883]]},"properties":{"way":1513973670,"highway":"footway","area":"outram","osm_tagged":true}},{"type":"Feature","geometry":{"type":"LineString","coordinates":[[103.834397,1.275991],[103.834388,1.275963]]},"properties":{"way":1513973671,"highway":"footway","area":"outram","osm_tagged":true}},{"type":"Feature","geometry":{"type":"LineString","coordinates":[[103.834388,1.275963],[103.834293,1.275874]]},"properties":{"way":1513973671,"highway":"footway","area":"outram","osm_tagged":true}},{"type":"Feature","geometry":{"type":"LineString","coordinates":[[103.830244,1.277593],[103.830231,1.277598]]},"properties":{"way":1513978493,"highway":"footway","area":"outram","osm_tagged":true}},{"type":"Feature","geometry":{"type":"LineString","coordinates":[[103.830231,1.277598],[103.83021,1.277608]]},"properties":{"way":1513978493,"highway":"footway","area":"outram","osm_tagged":true}},{"type":"Feature","geometry":{"type":"LineString","coordinates":[[103.83021,1.277608],[103.830272,1.277741]]},"properties":{"way":1513978493,"highway":"footway","area":"outram","osm_tagged":true}},{"type":"Feature","geometry":{"type":"LineString","coordinates":[[103.830272,1.277741],[103.830283,1.277764]]},"properties":{"way":1513978493,"highway":"footway","area":"outram","osm_tagged":true}},{"type":"Feature","geometry":{"type":"LineString","coordinates":[[103.830283,1.277764],[103.830323,1.277745]]},"properties":{"way":1513978493,"highway":"footway","area":"outram","osm_tagged":true}},{"type":"Feature","geometry":{"type":"LineString","coordinates":[[103.83123,1.277533],[103.831222,1.277518]]},"properties":{"way":1513978503,"highway":"footway","area":"outram","osm_tagged":true}},{"type":"Feature","geometry":{"type":"LineString","coordinates":[[103.831222,1.277518],[103.831189,1.27745]]},"properties":{"way":1513978503,"highway":"footway","area":"outram","osm_tagged":true}},{"type":"Feature","geometry":{"type":"LineString","coordinates":[[103.831222,1.277518],[103.831353,1.277453]]},"properties":{"way":1513978504,"highway":"footway","area":"outram","osm_tagged":true}},{"type":"Feature","geometry":{"type":"LineString","coordinates":[[103.831353,1.277453],[103.831399,1.277429]]},"properties":{"way":1513978504,"highway":"footway","area":"outram","osm_tagged":true}},{"type":"Feature","geometry":{"type":"LineString","coordinates":[[103.831399,1.277429],[103.831406,1.277426]]},"properties":{"way":1513978504,"highway":"footway","area":"outram","osm_tagged":true}},{"type":"Feature","geometry":{"type":"LineString","coordinates":[[103.831399,1.277429],[103.831349,1.277322]]},"properties":{"way":1513978505,"highway":"footway","area":"outram","osm_tagged":true}},{"type":"Feature","geometry":{"type":"LineString","coordinates":[[103.831349,1.277322],[103.831427,1.277285]]},"properties":{"way":1513978505,"highway":"footway","area":"outram","osm_tagged":true}},{"type":"Feature","geometry":{"type":"LineString","coordinates":[[103.831191,1.276887],[103.831311,1.276907]]},"properties":{"way":1513978506,"highway":"footway","area":"outram","osm_tagged":true}},{"type":"Feature","geometry":{"type":"LineString","coordinates":[[103.831311,1.276907],[103.831361,1.276914]]},"properties":{"way":1513978506,"highway":"footway","area":"outram","osm_tagged":true}},{"type":"Feature","geometry":{"type":"LineString","coordinates":[[103.831144,1.277072],[103.831154,1.276998]]},"properties":{"way":1513978507,"highway":"footway","area":"outram","osm_tagged":true}},{"type":"Feature","geometry":{"type":"LineString","coordinates":[[103.830489,1.277542],[103.830517,1.277598]]},"properties":{"way":1513978511,"highway":"footway","area":"outram","osm_tagged":true}},{"type":"Feature","geometry":{"type":"LineString","coordinates":[[103.830517,1.277598],[103.830655,1.277616]]},"properties":{"way":1513978511,"highway":"footway","area":"outram","osm_tagged":true}},{"type":"Feature","geometry":{"type":"LineString","coordinates":[[103.831695,1.277271],[103.831682,1.277238]]},"properties":{"way":1513978512,"highway":"footway","area":"outram","osm_tagged":true}},{"type":"Feature","geometry":{"type":"LineString","coordinates":[[103.831682,1.277238],[103.831708,1.277146]]},"properties":{"way":1513978512,"highway":"footway","area":"outram","osm_tagged":true}},{"type":"Feature","geometry":{"type":"LineString","coordinates":[[103.844518,1.280729],[103.844588,1.280816]]},"properties":{"way":1533863163,"highway":"footway","area":"outram","osm_tagged":false}},{"type":"Feature","geometry":{"type":"LineString","coordinates":[[103.844531,1.280817],[103.844692,1.281073]]},"properties":{"way":1533863164,"highway":"footway","area":"outram","osm_tagged":false}},{"type":"Feature","geometry":{"type":"LineString","coordinates":[[103.844692,1.281073],[103.844713,1.281105]]},"properties":{"way":1533863164,"highway":"footway","area":"outram","osm_tagged":false}},{"type":"Feature","geometry":{"type":"LineString","coordinates":[[103.844692,1.281073],[103.844721,1.281056]]},"properties":{"way":1533863165,"highway":"footway","area":"outram","osm_tagged":false}},{"type":"Feature","geometry":{"type":"LineString","coordinates":[[103.844721,1.281056],[103.844729,1.281052]]},"properties":{"way":1533863165,"highway":"footway","area":"outram","osm_tagged":false}},{"type":"Feature","geometry":{"type":"LineString","coordinates":[[103.842297,1.278097],[103.842359,1.278131]]},"properties":{"way":1537433604,"highway":"service","area":"outram","osm_tagged":true}},{"type":"Feature","geometry":{"type":"LineString","coordinates":[[103.844751,1.281294],[103.844819,1.281248]]},"properties":{"way":1547718967,"highway":"footway","area":"outram","osm_tagged":false}}]}