{"type":"FeatureCollection","attribution":"Contains information from LTA DataMall (GTFSScheduleTrain stops.txt; TrainStationExit Jul2026)","features":[{"type":"Feature","geometry":{"type":"Point","coordinates":[103.744595,1.38498]},"properties":{"station_id":"BP1","stop_code":"BP1","station_name":"Choa Chu Kang","exit_code":"B","source":"gtfs_stops"}},{"type":"Feature","geometry":{"type":"Point","coordinates":[103.74462,1.385]},"properties":{"station_id":"BP1","stop_code":"BP1","station_name":"Choa Chu Kang","exit_code":"E","source":"gtfs_stops"}},{"type":"Feature","geometry":{"type":"Point","coordinates":[103.770675,1.384465]},"properties":{"station_id":"BP10","stop_code":"BP10","station_name":"Fajar","exit_code":"A","source":"gtfs_stops"}},{"type":"Feature","geometry":{"type":"Point","coordinates":[103.76941,1.387812]},"properties":{"station_id":"BP11","stop_code":"BP11","station_name":"Segar","exit_code":"A","source":"gtfs_stops"}},{"type":"Feature","geometry":{"type":"Point","coordinates":[103.764677,1.386833]},"properties":{"station_id":"BP12","stop_code":"BP12","station_name":"Jelapang","exit_code":"A","source":"gtfs_stops"}},{"type":"Feature","geometry":{"type":"Point","coordinates":[103.762326,1.382875]},"properties":{"station_id":"BP13","stop_code":"BP13","station_name":"Senja","exit_code":"A","source":"gtfs_stops"}},{"type":"Feature","geometry":{"type":"Point","coordinates":[103.745101,1.380318]},"properties":{"station_id":"BP2","stop_code":"BP2","station_name":"South View","exit_code":"A","source":"gtfs_stops"}},{"type":"Feature","geometry":{"type":"Point","coordinates":[103.749227,1.378465]},"properties":{"station_id":"BP3","stop_code":"BP3","station_name":"Keat Hong","exit_code":"A","source":"gtfs_stops"}},{"type":"Feature","geometry":{"type":"Point","coordinates":[103.753826,1.376564]},"properties":{"station_id":"BP4","stop_code":"BP4","station_name":"Teck Whye","exit_code":"A","source":"gtfs_stops"}},{"type":"Feature","geometry":{"type":"Point","coordinates":[103.758252,1.378614]},"properties":{"station_id":"BP5","stop_code":"BP5","station_name":"Phoenix","exit_code":"A","source":"gtfs_stops"}},{"type":"Feature","geometry":{"type":"Point","coordinates":[103.763064,1.37802]},"properties":{"station_id":"BP6","stop_code":"BP6","station_name":"Bukit Panjang","exit_code":"A","source":"gtfs_stops"}},{"type":"Feature","geometry":{"type":"Point","coordinates":[103.763178,1.377863]},"properties":{"station_id":"BP6","stop_code":"BP6","station_name":"Bukit Panjang","exit_code":"B","source":"gtfs_stops"}},{"type":"Feature","geometry":{"type":"Point","coordinates":[103.762722,1.377928]},"properties":{"station_id":"BP6","stop_code":"BP6","station_name":"Bukit Panjang","exit_code":"C","source":"gtfs_stops"}},{"type":"Feature","geometry":{"type":"Point","coordinates":[103.763252,1.378024]},"properties":{"station_id":"BP6","stop_code":"BP6","station_name":"Bukit Panjang","exit_code":"D","source":"gtfs_stops"}},{"type":"Feature","geometry":{"type":"Point","coordinates":[103.766793,1.377603]},"properties":{"station_id":"BP7","stop_code":"BP7","station_name":"Petir","exit_code":"A","source":"gtfs_stops"}},{"type":"Feature","geometry":{"type":"Point","coordinates":[103.771328,1.376297]},"properties":{"station_id":"BP8","stop_code":"BP8","station_name":"Pending","exit_code":"A","source":"gtfs_stops"}},{"type":"Feature","geometry":{"type":"Point","coordinates":[103.772591,1.379853]},"properties":{"station_id":"BP9","stop_code":"BP9","station_name":"Bangkit","exit_code":"A","source":"gtfs_stops"}},{"type":"Feature","geometry":{"type":"Point","coordinates":[103.889793,1.326679]},"properties":{"station_id":"CC10","stop_code":"CC10","station_name":"MacPherson","exit_code":"A","source":"gtfs_stops"}},{"type":"Feature","geometry":{"type":"Point","coordinates":[103.890666,1.325855]},"properties":{"station_id":"CC10","stop_code":"CC10","station_name":"MacPherson","exit_code":"B","source":"gtfs_stops"}},{"type":"Feature","geometry":{"type":"Point","coordinates":[103.890263,1.325482]},"properties":{"station_id":"CC10","stop_code":"CC10","station_name":"MacPherson","exit_code":"C","source":"gtfs_stops"}},{"type":"Feature","geometry":{"type":"Point","coordinates":[103.888455,1.325145]},"properties":{"station_id":"CC10","stop_code":"CC10","station_name":"MacPherson","exit_code":"D","source":"gtfs_stops"}},{"type":"Feature","geometry":{"type":"Point","coordinates":[103.888615,1.326193]},"properties":{"station_id":"CC10","stop_code":"CC10","station_name":"MacPherson","exit_code":"E","source":"gtfs_stops"}},{"type":"Feature","geometry":{"type":"Point","coordinates":[103.887627,1.335914]},"properties":{"station_id":"CC11","stop_code":"CC11","station_name":"Tai Seng","exit_code":"A","source":"gtfs_stops"}},{"type":"Feature","geometry":{"type":"Point","coordinates":[103.888214,1.334621]},"properties":{"station_id":"CC11","stop_code":"CC11","station_name":"Tai Seng","exit_code":"B","source":"gtfs_stops"}},{"type":"Feature","geometry":{"type":"Point","coordinates":[103.880256,1.342249]},"properties":{"station_id":"CC12","stop_code":"CC12","station_name":"Bartley","exit_code":"A","source":"gtfs_stops"}},{"type":"Feature","geometry":{"type":"Point","coordinates":[103.878909,1.343501]},"properties":{"station_id":"CC12","stop_code":"CC12","station_name":"Bartley","exit_code":"B","source":"gtfs_stops"}},{"type":"Feature","geometry":{"type":"Point","coordinates":[103.873957,1.349482]},"properties":{"station_id":"CC13","stop_code":"CC13","station_name":"Serangoon","exit_code":"A","source":"gtfs_stops"}},{"type":"Feature","geometry":{"type":"Point","coordinates":[103.873641,1.349834]},"properties":{"station_id":"CC13","stop_code":"CC13","station_name":"Serangoon","exit_code":"B","source":"gtfs_stops"}},{"type":"Feature","geometry":{"type":"Point","coordinates":[103.873694,1.350595]},"properties":{"station_id":"CC13","stop_code":"CC13","station_name":"Serangoon","exit_code":"C","source":"gtfs_stops"}},{"type":"Feature","geometry":{"type":"Point","coordinates":[103.874322,1.349902]},"properties":{"station_id":"CC13","stop_code":"CC13","station_name":"Serangoon","exit_code":"D","source":"gtfs_stops"}},{"type":"Feature","geometry":{"type":"Point","coordinates":[103.872902,1.35082]},"properties":{"station_id":"CC13","stop_code":"CC13","station_name":"Serangoon","exit_code":"E","source":"gtfs_stops"}},{"type":"Feature","geometry":{"type":"Point","coordinates":[103.871449,1.350948]},"properties":{"station_id":"CC13","stop_code":"CC13","station_name":"Serangoon","exit_code":"F","source":"gtfs_stops"}},{"type":"Feature","geometry":{"type":"Point","coordinates":[103.872867,1.35079]},"properties":{"station_id":"CC13","stop_code":"CC13","station_name":"Serangoon","exit_code":"G","source":"gtfs_stops"}},{"type":"Feature","geometry":{"type":"Point","coordinates":[103.873547,1.349728]},"properties":{"station_id":"CC13","stop_code":"CC13","station_name":"Serangoon","exit_code":"H","source":"gtfs_stops"}},{"type":"Feature","geometry":{"type":"Point","coordinates":[103.864934,1.351439]},"properties":{"station_id":"CC14","stop_code":"CC14","station_name":"Lorong Chuan","exit_code":"A","source":"gtfs_stops"}},{"type":"Feature","geometry":{"type":"Point","coordinates":[103.862918,1.351739]},"properties":{"station_id":"CC14","stop_code":"CC14","station_name":"Lorong Chuan","exit_code":"B","source":"gtfs_stops"}},{"type":"Feature","geometry":{"type":"Point","coordinates":[103.848305,1.35058]},"properties":{"station_id":"CC15","stop_code":"CC15","station_name":"Bishan","exit_code":"A","source":"gtfs_stops"}},{"type":"Feature","geometry":{"type":"Point","coordinates":[103.848312,1.351064]},"properties":{"station_id":"CC15","stop_code":"CC15","station_name":"Bishan","exit_code":"B","source":"gtfs_stops"}},{"type":"Feature","geometry":{"type":"Point","coordinates":[103.848209,1.350585]},"properties":{"station_id":"CC15","stop_code":"CC15","station_name":"Bishan","exit_code":"C","source":"gtfs_stops"}},{"type":"Feature","geometry":{"type":"Point","coordinates":[103.850201,1.351053]},"properties":{"station_id":"CC15","stop_code":"CC15","station_name":"Bishan","exit_code":"D","source":"gtfs_stops"}},{"type":"Feature","geometry":{"type":"Point","coordinates":[103.848433,1.351035]},"properties":{"station_id":"CC15","stop_code":"CC15","station_name":"Bishan","exit_code":"E","source":"gtfs_stops"}},{"type":"Feature","geometry":{"type":"Point","coordinates":[103.839088,1.34898]},"properties":{"station_id":"CC16","stop_code":"CC16","station_name":"Marymount","exit_code":"A","source":"gtfs_stops"}},{"type":"Feature","geometry":{"type":"Point","coordinates":[103.840059,1.347866]},"properties":{"station_id":"CC16","stop_code":"CC16","station_name":"Marymount","exit_code":"B","source":"gtfs_stops"}},{"type":"Feature","geometry":{"type":"Point","coordinates":[103.839407,1.337105]},"properties":{"station_id":"CC17","stop_code":"CC17","station_name":"Caldecott","exit_code":"1","source":"gtfs_stops"}},{"type":"Feature","geometry":{"type":"Point","coordinates":[103.840388,1.33826]},"properties":{"station_id":"CC17","stop_code":"CC17","station_name":"Caldecott","exit_code":"2","source":"gtfs_stops"}},{"type":"Feature","geometry":{"type":"Point","coordinates":[103.840465,1.337832]},"properties":{"station_id":"CC17","stop_code":"CC17","station_name":"Caldecott","exit_code":"3","source":"gtfs_stops"}},{"type":"Feature","geometry":{"type":"Point","coordinates":[103.839882,1.336751]},"properties":{"station_id":"CC17","stop_code":"CC17","station_name":"Caldecott","exit_code":"4","source":"gtfs_stops"}},{"type":"Feature","geometry":{"type":"Point","coordinates":[103.814977,1.322535]},"properties":{"station_id":"CC19","stop_code":"CC19","station_name":"Botanic Gardens","exit_code":"A","source":"gtfs_stops"}},{"type":"Feature","geometry":{"type":"Point","coordinates":[103.815914,1.322685]},"properties":{"station_id":"CC19","stop_code":"CC19","station_name":"Botanic Gardens","exit_code":"B","source":"gtfs_stops"}},{"type":"Feature","geometry":{"type":"Point","coordinates":[103.851327,1.296859]},"properties":{"station_id":"CC2","stop_code":"CC2","station_name":"Bras Basah","exit_code":"A","source":"gtfs_stops"}},{"type":"Feature","geometry":{"type":"Point","coordinates":[103.850474,1.296046]},"properties":{"station_id":"CC2","stop_code":"CC2","station_name":"Bras Basah","exit_code":"B","source":"gtfs_stops"}},{"type":"Feature","geometry":{"type":"Point","coordinates":[103.85025,1.297014]},"properties":{"station_id":"CC2","stop_code":"CC2","station_name":"Bras Basah","exit_code":"C","source":"gtfs_stops"}},{"type":"Feature","geometry":{"type":"Point","coordinates":[103.850157,1.297551]},"properties":{"station_id":"CC2","stop_code":"CC2","station_name":"Bras Basah","exit_code":"D","source":"gtfs_stops"}},{"type":"Feature","geometry":{"type":"Point","coordinates":[103.850423,1.297535]},"properties":{"station_id":"CC2","stop_code":"CC2","station_name":"Bras Basah","exit_code":"E","source":"gtfs_stops"}},{"type":"Feature","geometry":{"type":"Point","coordinates":[103.807965,1.317494]},"properties":{"station_id":"CC20","stop_code":"CC20","station_name":"Farrer Road","exit_code":"A","source":"gtfs_stops"}},{"type":"Feature","geometry":{"type":"Point","coordinates":[103.807389,1.317552]},"properties":{"station_id":"CC20","stop_code":"CC20","station_name":"Farrer Road","exit_code":"B","source":"gtfs_stops"}},{"type":"Feature","geometry":{"type":"Point","coordinates":[103.796139,1.31122]},"properties":{"station_id":"CC21","stop_code":"CC21","station_name":"Holland Village","exit_code":"A","source":"gtfs_stops"}},{"type":"Feature","geometry":{"type":"Point","coordinates":[103.795769,1.311069]},"properties":{"station_id":"CC21","stop_code":"CC21","station_name":"Holland Village","exit_code":"B","source":"gtfs_stops"}},{"type":"Feature","geometry":{"type":"Point","coordinates":[103.795754,1.310711]},"properties":{"station_id":"CC21","stop_code":"CC21","station_name":"Holland Village","exit_code":"C","source":"gtfs_stops"}},{"type":"Feature","geometry":{"type":"Point","coordinates":[103.790449,1.307309]},"properties":{"station_id":"CC22","stop_code":"CC22","station_name":"Buona Vista","exit_code":"A","source":"gtfs_stops"}},{"type":"Feature","geometry":{"type":"Point","coordinates":[103.790657,1.307197]},"properties":{"station_id":"CC22","stop_code":"CC22","station_name":"Buona Vista","exit_code":"B","source":"gtfs_stops"}},{"type":"Feature","geometry":{"type":"Point","coordinates":[103.790599,1.306913]},"properties":{"station_id":"CC22","stop_code":"CC22","station_name":"Buona Vista","exit_code":"C","source":"gtfs_stops"}},{"type":"Feature","geometry":{"type":"Point","coordinates":[103.79093,1.306298]},"properties":{"station_id":"CC22","stop_code":"CC22","station_name":"Buona Vista","exit_code":"D","source":"gtfs_stops"}},{"type":"Feature","geometry":{"type":"Point","coordinates":[103.786907,1.299027]},"properties":{"station_id":"CC23","stop_code":"CC23","station_name":"one-north","exit_code":"A","source":"gtfs_stops"}},{"type":"Feature","geometry":{"type":"Point","coordinates":[103.787928,1.300359]},"properties":{"station_id":"CC23","stop_code":"CC23","station_name":"one-north","exit_code":"B","source":"gtfs_stops"}},{"type":"Feature","geometry":{"type":"Point","coordinates":[103.787565,1.299715]},"properties":{"station_id":"CC23","stop_code":"CC23","station_name":"one-north","exit_code":"C","source":"gtfs_stops"}},{"type":"Feature","geometry":{"type":"Point","coordinates":[103.787785,1.300075]},"properties":{"station_id":"CC23","stop_code":"CC23","station_name":"one-north","exit_code":"D","source":"gtfs_stops"}},{"type":"Feature","geometry":{"type":"Point","coordinates":[103.784466,1.294316]},"properties":{"station_id":"CC24","stop_code":"CC24","station_name":"Kent Ridge","exit_code":"A","source":"gtfs_stops"}},{"type":"Feature","geometry":{"type":"Point","coordinates":[103.78481,1.292428]},"properties":{"station_id":"CC24","stop_code":"CC24","station_name":"Kent Ridge","exit_code":"B","source":"gtfs_stops"}},{"type":"Feature","geometry":{"type":"Point","coordinates":[103.784491,1.293985]},"properties":{"station_id":"CC24","stop_code":"CC24","station_name":"Kent Ridge","exit_code":"C","source":"gtfs_stops"}},{"type":"Feature","geometry":{"type":"Point","coordinates":[103.784535,1.293219]},"properties":{"station_id":"CC24","stop_code":"CC24","station_name":"Kent Ridge","exit_code":"D","source":"gtfs_stops"}},{"type":"Feature","geometry":{"type":"Point","coordinates":[103.782006,1.283055]},"properties":{"station_id":"CC25","stop_code":"CC25","station_name":"Haw Par Villa","exit_code":"A","source":"gtfs_stops"}},{"type":"Feature","geometry":{"type":"Point","coordinates":[103.79203,1.276003]},"properties":{"station_id":"CC26","stop_code":"CC26","station_name":"Pasir Panjang","exit_code":"A","source":"gtfs_stops"}},{"type":"Feature","geometry":{"type":"Point","coordinates":[103.802356,1.272107]},"properties":{"station_id":"CC27","stop_code":"CC27","station_name":"Labrador Park","exit_code":"A","source":"gtfs_stops"}},{"type":"Feature","geometry":{"type":"Point","coordinates":[103.809884,1.270721]},"properties":{"station_id":"CC28","stop_code":"CC28","station_name":"Telok Blangah","exit_code":"A","source":"gtfs_stops"}},{"type":"Feature","geometry":{"type":"Point","coordinates":[103.82251,1.265085]},"properties":{"station_id":"CC29","stop_code":"CC29","station_name":"HarbourFront","exit_code":"A","source":"gtfs_stops"}},{"type":"Feature","geometry":{"type":"Point","coordinates":[103.820509,1.265155]},"properties":{"station_id":"CC29","stop_code":"CC29","station_name":"HarbourFront","exit_code":"B","source":"gtfs_stops"}},{"type":"Feature","geometry":{"type":"Point","coordinates":[103.822532,1.26526]},"properties":{"station_id":"CC29","stop_code":"CC29","station_name":"HarbourFront","exit_code":"C","source":"gtfs_stops"}},{"type":"Feature","geometry":{"type":"Point","coordinates":[103.821399,1.265979]},"properties":{"station_id":"CC29","stop_code":"CC29","station_name":"HarbourFront","exit_code":"D","source":"gtfs_stops"}},{"type":"Feature","geometry":{"type":"Point","coordinates":[103.82158,1.264972]},"properties":{"station_id":"CC29","stop_code":"CC29","station_name":"HarbourFront","exit_code":"E","source":"gtfs_stops"}},{"type":"Feature","geometry":{"type":"Point","coordinates":[103.856306,1.293371]},"properties":{"station_id":"CC3","stop_code":"CC3","station_name":"Esplanade","exit_code":"A","source":"gtfs_stops"}},{"type":"Feature","geometry":{"type":"Point","coordinates":[103.856176,1.292927]},"properties":{"station_id":"CC3","stop_code":"CC3","station_name":"Esplanade","exit_code":"B","source":"gtfs_stops"}},{"type":"Feature","geometry":{"type":"Point","coordinates":[103.855855,1.292904]},"properties":{"station_id":"CC3","stop_code":"CC3","station_name":"Esplanade","exit_code":"C","source":"gtfs_stops"}},{"type":"Feature","geometry":{"type":"Point","coordinates":[103.855834,1.292624]},"properties":{"station_id":"CC3","stop_code":"CC3","station_name":"Esplanade","exit_code":"D","source":"gtfs_stops"}},{"type":"Feature","geometry":{"type":"Point","coordinates":[103.855568,1.293129]},"properties":{"station_id":"CC3","stop_code":"CC3","station_name":"Esplanade","exit_code":"E","source":"gtfs_stops"}},{"type":"Feature","geometry":{"type":"Point","coordinates":[103.855105,1.29382]},"properties":{"station_id":"CC3","stop_code":"CC3","station_name":"Esplanade","exit_code":"F","source":"gtfs_stops"}},{"type":"Feature","geometry":{"type":"Point","coordinates":[103.85492,1.293586]},"properties":{"station_id":"CC3","stop_code":"CC3","station_name":"Esplanade","exit_code":"G","source":"gtfs_stops"}},{"type":"Feature","geometry":{"type":"Point","coordinates":[103.829595,1.269665]},"properties":{"station_id":"CC30","stop_code":"CC30","station_name":"Keppel","exit_code":"1","source":"gtfs_stops"}},{"type":"Feature","geometry":{"type":"Point","coordinates":[103.829625,1.270545]},"properties":{"station_id":"CC30","stop_code":"CC30","station_name":"Keppel","exit_code":"2","source":"gtfs_stops"}},{"type":"Feature","geometry":{"type":"Point","coordinates":[103.83111,1.270949]},"properties":{"station_id":"CC30","stop_code":"CC30","station_name":"Keppel","exit_code":"3","source":"gtfs_stops"}},{"type":"Feature","geometry":{"type":"Point","coordinates":[103.835703,1.272132]},"properties":{"station_id":"CC31","stop_code":"CC31","station_name":"Cantonment","exit_code":"1","source":"gtfs_stops"}},{"type":"Feature","geometry":{"type":"Point","coordinates":[103.835998,1.273736]},"properties":{"station_id":"CC31","stop_code":"CC31","station_name":"Cantonment","exit_code":"2","source":"gtfs_stops"}},{"type":"Feature","geometry":{"type":"Point","coordinates":[103.838492,1.27364]},"properties":{"station_id":"CC31","stop_code":"CC31","station_name":"Cantonment","exit_code":"3","source":"gtfs_stops"}},{"type":"Feature","geometry":{"type":"Point","coordinates":[103.837714,1.272682]},"properties":{"station_id":"CC31","stop_code":"CC31","station_name":"Cantonment","exit_code":"4","source":"gtfs_stops"}},{"type":"Feature","geometry":{"type":"Point","coordinates":[103.845575,1.273034]},"properties":{"station_id":"CC32","stop_code":"CC32","station_name":"Prince Edward Road","exit_code":"1","source":"gtfs_stops"}},{"type":"Feature","geometry":{"type":"Point","coordinates":[103.846861,1.273435]},"properties":{"station_id":"CC32","stop_code":"CC32","station_name":"Prince Edward Road","exit_code":"2","source":"gtfs_stops"}},{"type":"Feature","geometry":{"type":"Point","coordinates":[103.85447,1.277353]},"properties":{"station_id":"CC33","stop_code":"CC33","station_name":"Marina Bay","exit_code":"1","source":"gtfs_stops"}},{"type":"Feature","geometry":{"type":"Point","coordinates":[103.855003,1.276159]},"properties":{"station_id":"CC33","stop_code":"CC33","station_name":"Marina Bay","exit_code":"2","source":"gtfs_stops"}},{"type":"Feature","geometry":{"type":"Point","coordinates":[103.855372,1.275416]},"properties":{"station_id":"CC33","stop_code":"CC33","station_name":"Marina Bay","exit_code":"3","source":"gtfs_stops"}},{"type":"Feature","geometry":{"type":"Point","coordinates":[103.856489,1.273634]},"properties":{"station_id":"CC33","stop_code":"CC33","station_name":"Marina Bay","exit_code":"4","source":"gtfs_stops"}},{"type":"Feature","geometry":{"type":"Point","coordinates":[103.85432,1.274693]},"properties":{"station_id":"CC33","stop_code":"CC33","station_name":"Marina Bay","exit_code":"5","source":"gtfs_stops"}},{"type":"Feature","geometry":{"type":"Point","coordinates":[103.858732,1.280967]},"properties":{"station_id":"CC34","stop_code":"CC34","station_name":"Bayfront","exit_code":"A","source":"gtfs_stops"}},{"type":"Feature","geometry":{"type":"Point","coordinates":[103.859759,1.282705]},"properties":{"station_id":"CC34","stop_code":"CC34","station_name":"Bayfront","exit_code":"B","source":"gtfs_stops"}},{"type":"Feature","geometry":{"type":"Point","coordinates":[103.859597,1.282835]},"properties":{"station_id":"CC34","stop_code":"CC34","station_name":"Bayfront","exit_code":"C","source":"gtfs_stops"}},{"type":"Feature","geometry":{"type":"Point","coordinates":[103.859494,1.282834]},"properties":{"station_id":"CC34","stop_code":"CC34","station_name":"Bayfront","exit_code":"D","source":"gtfs_stops"}},{"type":"Feature","geometry":{"type":"Point","coordinates":[103.858441,1.281105]},"properties":{"station_id":"CC34","stop_code":"CC34","station_name":"Bayfront","exit_code":"E","source":"gtfs_stops"}},{"type":"Feature","geometry":{"type":"Point","coordinates":[103.860674,1.291712]},"properties":{"station_id":"CC4","stop_code":"CC4","station_name":"Promenade","exit_code":"A","source":"gtfs_stops"}},{"type":"Feature","geometry":{"type":"Point","coordinates":[103.860137,1.293862]},"properties":{"station_id":"CC4","stop_code":"CC4","station_name":"Promenade","exit_code":"B","source":"gtfs_stops"}},{"type":"Feature","geometry":{"type":"Point","coordinates":[103.860236,1.294103]},"properties":{"station_id":"CC4","stop_code":"CC4","station_name":"Promenade","exit_code":"C","source":"gtfs_stops"}},{"type":"Feature","geometry":{"type":"Point","coordinates":[103.863506,1.30017]},"properties":{"station_id":"CC5","stop_code":"CC5","station_name":"Nicoll Highway","exit_code":"A","source":"gtfs_stops"}},{"type":"Feature","geometry":{"type":"Point","coordinates":[103.864152,1.299661]},"properties":{"station_id":"CC5","stop_code":"CC5","station_name":"Nicoll Highway","exit_code":"B","source":"gtfs_stops"}},{"type":"Feature","geometry":{"type":"Point","coordinates":[103.8744,1.302511]},"properties":{"station_id":"CC6","stop_code":"CC6","station_name":"Stadium","exit_code":"A","source":"gtfs_stops"}},{"type":"Feature","geometry":{"type":"Point","coordinates":[103.876226,1.30337]},"properties":{"station_id":"CC6","stop_code":"CC6","station_name":"Stadium","exit_code":"B","source":"gtfs_stops"}},{"type":"Feature","geometry":{"type":"Point","coordinates":[103.882598,1.306753]},"properties":{"station_id":"CC7","stop_code":"CC7","station_name":"Mountbatten","exit_code":"A","source":"gtfs_stops"}},{"type":"Feature","geometry":{"type":"Point","coordinates":[103.883248,1.306046]},"properties":{"station_id":"CC7","stop_code":"CC7","station_name":"Mountbatten","exit_code":"B","source":"gtfs_stops"}},{"type":"Feature","geometry":{"type":"Point","coordinates":[103.889307,1.308814]},"properties":{"station_id":"CC8","stop_code":"CC8","station_name":"Dakota","exit_code":"A","source":"gtfs_stops"}},{"type":"Feature","geometry":{"type":"Point","coordinates":[103.887979,1.308097]},"properties":{"station_id":"CC8","stop_code":"CC8","station_name":"Dakota","exit_code":"B","source":"gtfs_stops"}},{"type":"Feature","geometry":{"type":"Point","coordinates":[103.892788,1.318216]},"properties":{"station_id":"CC9","stop_code":"CC9","station_name":"Paya Lebar","exit_code":"A","source":"gtfs_stops"}},{"type":"Feature","geometry":{"type":"Point","coordinates":[103.892217,1.318347]},"properties":{"station_id":"CC9","stop_code":"CC9","station_name":"Paya Lebar","exit_code":"B","source":"gtfs_stops"}},{"type":"Feature","geometry":{"type":"Point","coordinates":[103.891721,1.318149]},"properties":{"station_id":"CC9","stop_code":"CC9","station_name":"Paya Lebar","exit_code":"C","source":"gtfs_stops"}},{"type":"Feature","geometry":{"type":"Point","coordinates":[103.892078,1.316588]},"properties":{"station_id":"CC9","stop_code":"CC9","station_name":"Paya Lebar","exit_code":"D","source":"gtfs_stops"}},{"type":"Feature","geometry":{"type":"Point","coordinates":[103.961837,1.335483]},"properties":{"station_id":"CG1","stop_code":"CG1","station_name":"Expo","exit_code":"A","source":"gtfs_stops"}},{"type":"Feature","geometry":{"type":"Point","coordinates":[103.962075,1.335253]},"properties":{"station_id":"CG1","stop_code":"CG1","station_name":"Expo","exit_code":"B","source":"gtfs_stops"}},{"type":"Feature","geometry":{"type":"Point","coordinates":[103.962161,1.335951]},"properties":{"station_id":"CG1","stop_code":"CG1","station_name":"Expo","exit_code":"C","source":"gtfs_stops"}},{"type":"Feature","geometry":{"type":"Point","coordinates":[103.963101,1.334835]},"properties":{"station_id":"CG1","stop_code":"CG1","station_name":"Expo","exit_code":"D","source":"gtfs_stops"}},{"type":"Feature","geometry":{"type":"Point","coordinates":[103.962123,1.334863]},"properties":{"station_id":"CG1","stop_code":"CG1","station_name":"Expo","exit_code":"E","source":"gtfs_stops"}},{"type":"Feature","geometry":{"type":"Point","coordinates":[103.962866,1.334712]},"properties":{"station_id":"CG1","stop_code":"CG1","station_name":"Expo","exit_code":"F","source":"gtfs_stops"}},{"type":"Feature","geometry":{"type":"Point","coordinates":[103.963049,1.335019]},"properties":{"station_id":"CG1","stop_code":"CG1","station_name":"Expo","exit_code":"G","source":"gtfs_stops"}},{"type":"Feature","geometry":{"type":"Point","coordinates":[103.989277,1.356341]},"properties":{"station_id":"CG2","stop_code":"CG2","station_name":"Changi Airport","exit_code":"A","source":"gtfs_stops"}},{"type":"Feature","geometry":{"type":"Point","coordinates":[103.987305,1.35722]},"properties":{"station_id":"CG2","stop_code":"CG2","station_name":"Changi Airport","exit_code":"B","source":"gtfs_stops"}},{"type":"Feature","geometry":{"type":"Point","coordinates":[103.759598,1.380745]},"properties":{"station_id":"DT1","stop_code":"DT1","station_name":"Bukit Panjang","exit_code":"A","source":"gtfs_stops"}},{"type":"Feature","geometry":{"type":"Point","coordinates":[103.76137,1.378619]},"properties":{"station_id":"DT1","stop_code":"DT1","station_name":"Bukit Panjang","exit_code":"B","source":"gtfs_stops"}},{"type":"Feature","geometry":{"type":"Point","coordinates":[103.825728,1.319952]},"properties":{"station_id":"DT10","stop_code":"DT10","station_name":"Stevens","exit_code":"1","source":"gtfs_stops"}},{"type":"Feature","geometry":{"type":"Point","coordinates":[103.826014,1.318829]},"properties":{"station_id":"DT10","stop_code":"DT10","station_name":"Stevens","exit_code":"2","source":"gtfs_stops"}},{"type":"Feature","geometry":{"type":"Point","coordinates":[103.824992,1.31947]},"properties":{"station_id":"DT10","stop_code":"DT10","station_name":"Stevens","exit_code":"3","source":"gtfs_stops"}},{"type":"Feature","geometry":{"type":"Point","coordinates":[103.825883,1.32152]},"properties":{"station_id":"DT10","stop_code":"DT10","station_name":"Stevens","exit_code":"4","source":"gtfs_stops"}},{"type":"Feature","geometry":{"type":"Point","coordinates":[103.826323,1.320938]},"properties":{"station_id":"DT10","stop_code":"DT10","station_name":"Stevens","exit_code":"5","source":"gtfs_stops"}},{"type":"Feature","geometry":{"type":"Point","coordinates":[103.837881,1.312598]},"properties":{"station_id":"DT11","stop_code":"DT11","station_name":"Newton","exit_code":"A","source":"gtfs_stops"}},{"type":"Feature","geometry":{"type":"Point","coordinates":[103.838219,1.312075]},"properties":{"station_id":"DT11","stop_code":"DT11","station_name":"Newton","exit_code":"B","source":"gtfs_stops"}},{"type":"Feature","geometry":{"type":"Point","coordinates":[103.838242,1.313617]},"properties":{"station_id":"DT11","stop_code":"DT11","station_name":"Newton","exit_code":"C","source":"gtfs_stops"}},{"type":"Feature","geometry":{"type":"Point","coordinates":[103.84936,1.305605]},"properties":{"station_id":"DT12","stop_code":"DT12","station_name":"Little India","exit_code":"A","source":"gtfs_stops"}},{"type":"Feature","geometry":{"type":"Point","coordinates":[103.848985,1.306564]},"properties":{"station_id":"DT12","stop_code":"DT12","station_name":"Little India","exit_code":"B","source":"gtfs_stops"}},{"type":"Feature","geometry":{"type":"Point","coordinates":[103.849705,1.306352]},"properties":{"station_id":"DT12","stop_code":"DT12","station_name":"Little India","exit_code":"C","source":"gtfs_stops"}},{"type":"Feature","geometry":{"type":"Point","coordinates":[103.849,1.306855]},"properties":{"station_id":"DT12","stop_code":"DT12","station_name":"Little India","exit_code":"D","source":"gtfs_stops"}},{"type":"Feature","geometry":{"type":"Point","coordinates":[103.850322,1.307426]},"properties":{"station_id":"DT12","stop_code":"DT12","station_name":"Little India","exit_code":"E","source":"gtfs_stops"}},{"type":"Feature","geometry":{"type":"Point","coordinates":[103.848304,1.307684]},"properties":{"station_id":"DT12","stop_code":"DT12","station_name":"Little India","exit_code":"F","source":"gtfs_stops"}},{"type":"Feature","geometry":{"type":"Point","coordinates":[103.852375,1.303404]},"properties":{"station_id":"DT13","stop_code":"DT13","station_name":"Rochor","exit_code":"A","source":"gtfs_stops"}},{"type":"Feature","geometry":{"type":"Point","coordinates":[103.853104,1.304215]},"properties":{"station_id":"DT13","stop_code":"DT13","station_name":"Rochor","exit_code":"B","source":"gtfs_stops"}},{"type":"Feature","geometry":{"type":"Point","coordinates":[103.855924,1.301204]},"properties":{"station_id":"DT14","stop_code":"DT14","station_name":"Bugis","exit_code":"A","source":"gtfs_stops"}},{"type":"Feature","geometry":{"type":"Point","coordinates":[103.856337,1.300782]},"properties":{"station_id":"DT14","stop_code":"DT14","station_name":"Bugis","exit_code":"B","source":"gtfs_stops"}},{"type":"Feature","geometry":{"type":"Point","coordinates":[103.855686,1.300007]},"properties":{"station_id":"DT14","stop_code":"DT14","station_name":"Bugis","exit_code":"C","source":"gtfs_stops"}},{"type":"Feature","geometry":{"type":"Point","coordinates":[103.856891,1.299079]},"properties":{"station_id":"DT14","stop_code":"DT14","station_name":"Bugis","exit_code":"D","source":"gtfs_stops"}},{"type":"Feature","geometry":{"type":"Point","coordinates":[103.852647,1.279773]},"properties":{"station_id":"DT17","stop_code":"DT17","station_name":"Downtown","exit_code":"A","source":"gtfs_stops"}},{"type":"Feature","geometry":{"type":"Point","coordinates":[103.852908,1.279601]},"properties":{"station_id":"DT17","stop_code":"DT17","station_name":"Downtown","exit_code":"B","source":"gtfs_stops"}},{"type":"Feature","geometry":{"type":"Point","coordinates":[103.853152,1.279444]},"properties":{"station_id":"DT17","stop_code":"DT17","station_name":"Downtown","exit_code":"C","source":"gtfs_stops"}},{"type":"Feature","geometry":{"type":"Point","coordinates":[103.853014,1.279176]},"properties":{"station_id":"DT17","stop_code":"DT17","station_name":"Downtown","exit_code":"D","source":"gtfs_stops"}},{"type":"Feature","geometry":{"type":"Point","coordinates":[103.852478,1.279528]},"properties":{"station_id":"DT17","stop_code":"DT17","station_name":"Downtown","exit_code":"E","source":"gtfs_stops"}},{"type":"Feature","geometry":{"type":"Point","coordinates":[103.852428,1.279796]},"properties":{"station_id":"DT17","stop_code":"DT17","station_name":"Downtown","exit_code":"F","source":"gtfs_stops"}},{"type":"Feature","geometry":{"type":"Point","coordinates":[103.848506,1.281887]},"properties":{"station_id":"DT18","stop_code":"DT18","station_name":"Telok Ayer","exit_code":"A","source":"gtfs_stops"}},{"type":"Feature","geometry":{"type":"Point","coordinates":[103.848773,1.282497]},"properties":{"station_id":"DT18","stop_code":"DT18","station_name":"Telok Ayer","exit_code":"B","source":"gtfs_stops"}},{"type":"Feature","geometry":{"type":"Point","coordinates":[103.848842,1.282251]},"properties":{"station_id":"DT18","stop_code":"DT18","station_name":"Telok Ayer","exit_code":"C","source":"gtfs_stops"}},{"type":"Feature","geometry":{"type":"Point","coordinates":[103.843798,1.283713]},"properties":{"station_id":"DT19","stop_code":"DT19","station_name":"Chinatown","exit_code":"A","source":"gtfs_stops"}},{"type":"Feature","geometry":{"type":"Point","coordinates":[103.842813,1.284675]},"properties":{"station_id":"DT19","stop_code":"DT19","station_name":"Chinatown","exit_code":"C","source":"gtfs_stops"}},{"type":"Feature","geometry":{"type":"Point","coordinates":[103.843476,1.285406]},"properties":{"station_id":"DT19","stop_code":"DT19","station_name":"Chinatown","exit_code":"D","source":"gtfs_stops"}},{"type":"Feature","geometry":{"type":"Point","coordinates":[103.844428,1.285044]},"properties":{"station_id":"DT19","stop_code":"DT19","station_name":"Chinatown","exit_code":"E","source":"gtfs_stops"}},{"type":"Feature","geometry":{"type":"Point","coordinates":[103.845462,1.284275]},"properties":{"station_id":"DT19","stop_code":"DT19","station_name":"Chinatown","exit_code":"F","source":"gtfs_stops"}},{"type":"Feature","geometry":{"type":"Point","coordinates":[103.844459,1.284736]},"properties":{"station_id":"DT19","stop_code":"DT19","station_name":"Chinatown","exit_code":"G","source":"gtfs_stops"}},{"type":"Feature","geometry":{"type":"Point","coordinates":[103.764235,1.369833]},"properties":{"station_id":"DT2","stop_code":"DT2","station_name":"Cashew","exit_code":"A","source":"gtfs_stops"}},{"type":"Feature","geometry":{"type":"Point","coordinates":[103.84417,1.292406]},"properties":{"station_id":"DT20","stop_code":"DT20","station_name":"Fort Canning","exit_code":"A","source":"gtfs_stops"}},{"type":"Feature","geometry":{"type":"Point","coordinates":[103.844425,1.29283]},"properties":{"station_id":"DT20","stop_code":"DT20","station_name":"Fort Canning","exit_code":"B","source":"gtfs_stops"}},{"type":"Feature","geometry":{"type":"Point","coordinates":[103.850843,1.299195]},"properties":{"station_id":"DT21","stop_code":"DT21","station_name":"Bencoolen","exit_code":"A","source":"gtfs_stops"}},{"type":"Feature","geometry":{"type":"Point","coordinates":[103.84956,1.298199]},"properties":{"station_id":"DT21","stop_code":"DT21","station_name":"Bencoolen","exit_code":"B","source":"gtfs_stops"}},{"type":"Feature","geometry":{"type":"Point","coordinates":[103.849272,1.297699]},"properties":{"station_id":"DT21","stop_code":"DT21","station_name":"Bencoolen","exit_code":"C","source":"gtfs_stops"}},{"type":"Feature","geometry":{"type":"Point","coordinates":[103.855296,1.30489]},"properties":{"station_id":"DT22","stop_code":"DT22","station_name":"Jalan Besar","exit_code":"A","source":"gtfs_stops"}},{"type":"Feature","geometry":{"type":"Point","coordinates":[103.855245,1.305467]},"properties":{"station_id":"DT22","stop_code":"DT22","station_name":"Jalan Besar","exit_code":"B","source":"gtfs_stops"}},{"type":"Feature","geometry":{"type":"Point","coordinates":[103.863074,1.313853]},"properties":{"station_id":"DT23","stop_code":"DT23","station_name":"Bendemeer","exit_code":"A","source":"gtfs_stops"}},{"type":"Feature","geometry":{"type":"Point","coordinates":[103.863219,1.313481]},"properties":{"station_id":"DT23","stop_code":"DT23","station_name":"Bendemeer","exit_code":"B","source":"gtfs_stops"}},{"type":"Feature","geometry":{"type":"Point","coordinates":[103.871556,1.321562]},"properties":{"station_id":"DT24","stop_code":"DT24","station_name":"Geylang Bahru","exit_code":"A","source":"gtfs_stops"}},{"type":"Feature","geometry":{"type":"Point","coordinates":[103.871794,1.321109]},"properties":{"station_id":"DT24","stop_code":"DT24","station_name":"Geylang Bahru","exit_code":"B","source":"gtfs_stops"}},{"type":"Feature","geometry":{"type":"Point","coordinates":[103.882732,1.327251]},"properties":{"station_id":"DT25","stop_code":"DT25","station_name":"Mattar","exit_code":"A","source":"gtfs_stops"}},{"type":"Feature","geometry":{"type":"Point","coordinates":[103.883748,1.326464]},"properties":{"station_id":"DT25","stop_code":"DT25","station_name":"Mattar","exit_code":"B","source":"gtfs_stops"}},{"type":"Feature","geometry":{"type":"Point","coordinates":[103.899877,1.329951]},"properties":{"station_id":"DT27","stop_code":"DT27","station_name":"Ubi","exit_code":"A","source":"gtfs_stops"}},{"type":"Feature","geometry":{"type":"Point","coordinates":[103.898586,1.329831]},"properties":{"station_id":"DT27","stop_code":"DT27","station_name":"Ubi","exit_code":"B","source":"gtfs_stops"}},{"type":"Feature","geometry":{"type":"Point","coordinates":[103.909405,1.335311]},"properties":{"station_id":"DT28","stop_code":"DT28","station_name":"Kaki Bukit","exit_code":"A","source":"gtfs_stops"}},{"type":"Feature","geometry":{"type":"Point","coordinates":[103.909146,1.334922]},"properties":{"station_id":"DT28","stop_code":"DT28","station_name":"Kaki Bukit","exit_code":"B","source":"gtfs_stops"}},{"type":"Feature","geometry":{"type":"Point","coordinates":[103.91805,1.335126]},"properties":{"station_id":"DT29","stop_code":"DT29","station_name":"Bedok North","exit_code":"A","source":"gtfs_stops"}},{"type":"Feature","geometry":{"type":"Point","coordinates":[103.919063,1.334166]},"properties":{"station_id":"DT29","stop_code":"DT29","station_name":"Bedok North","exit_code":"B","source":"gtfs_stops"}},{"type":"Feature","geometry":{"type":"Point","coordinates":[103.917811,1.334423]},"properties":{"station_id":"DT29","stop_code":"DT29","station_name":"Bedok North","exit_code":"C","source":"gtfs_stops"}},{"type":"Feature","geometry":{"type":"Point","coordinates":[103.767688,1.362474]},"properties":{"station_id":"DT3","stop_code":"DT3","station_name":"Hillview","exit_code":"A","source":"gtfs_stops"}},{"type":"Feature","geometry":{"type":"Point","coordinates":[103.767109,1.362084]},"properties":{"station_id":"DT3","stop_code":"DT3","station_name":"Hillview","exit_code":"B","source":"gtfs_stops"}},{"type":"Feature","geometry":{"type":"Point","coordinates":[103.932887,1.336348]},"properties":{"station_id":"DT30","stop_code":"DT30","station_name":"Bedok Reservoir","exit_code":"A","source":"gtfs_stops"}},{"type":"Feature","geometry":{"type":"Point","coordinates":[103.933487,1.336555]},"properties":{"station_id":"DT30","stop_code":"DT30","station_name":"Bedok Reservoir","exit_code":"B","source":"gtfs_stops"}},{"type":"Feature","geometry":{"type":"Point","coordinates":[103.938197,1.345631]},"properties":{"station_id":"DT31","stop_code":"DT31","station_name":"Tampines West","exit_code":"A","source":"gtfs_stops"}},{"type":"Feature","geometry":{"type":"Point","coordinates":[103.938948,1.344999]},"properties":{"station_id":"DT31","stop_code":"DT31","station_name":"Tampines West","exit_code":"B","source":"gtfs_stops"}},{"type":"Feature","geometry":{"type":"Point","coordinates":[103.944766,1.353764]},"properties":{"station_id":"DT32","stop_code":"DT32","station_name":"Tampines","exit_code":"A","source":"gtfs_stops"}},{"type":"Feature","geometry":{"type":"Point","coordinates":[103.94509,1.353539]},"properties":{"station_id":"DT32","stop_code":"DT32","station_name":"Tampines","exit_code":"B","source":"gtfs_stops"}},{"type":"Feature","geometry":{"type":"Point","coordinates":[103.944904,1.353398]},"properties":{"station_id":"DT32","stop_code":"DT32","station_name":"Tampines","exit_code":"C","source":"gtfs_stops"}},{"type":"Feature","geometry":{"type":"Point","coordinates":[103.943678,1.354871]},"properties":{"station_id":"DT32","stop_code":"DT32","station_name":"Tampines","exit_code":"D","source":"gtfs_stops"}},{"type":"Feature","geometry":{"type":"Point","coordinates":[103.942659,1.355853]},"properties":{"station_id":"DT32","stop_code":"DT32","station_name":"Tampines","exit_code":"E","source":"gtfs_stops"}},{"type":"Feature","geometry":{"type":"Point","coordinates":[103.942654,1.354194]},"properties":{"station_id":"DT32","stop_code":"DT32","station_name":"Tampines","exit_code":"F","source":"gtfs_stops"}},{"type":"Feature","geometry":{"type":"Point","coordinates":[103.942723,1.354596]},"properties":{"station_id":"DT32","stop_code":"DT32","station_name":"Tampines","exit_code":"G","source":"gtfs_stops"}},{"type":"Feature","geometry":{"type":"Point","coordinates":[103.95454,1.356461]},"properties":{"station_id":"DT33","stop_code":"DT33","station_name":"Tampines East","exit_code":"A","source":"gtfs_stops"}},{"type":"Feature","geometry":{"type":"Point","coordinates":[103.95517,1.355588]},"properties":{"station_id":"DT33","stop_code":"DT33","station_name":"Tampines East","exit_code":"B","source":"gtfs_stops"}},{"type":"Feature","geometry":{"type":"Point","coordinates":[103.955705,1.355553]},"properties":{"station_id":"DT33","stop_code":"DT33","station_name":"Tampines East","exit_code":"C","source":"gtfs_stops"}},{"type":"Feature","geometry":{"type":"Point","coordinates":[103.955717,1.35697]},"properties":{"station_id":"DT33","stop_code":"DT33","station_name":"Tampines East","exit_code":"D","source":"gtfs_stops"}},{"type":"Feature","geometry":{"type":"Point","coordinates":[103.961328,1.341861]},"properties":{"station_id":"DT34","stop_code":"DT34","station_name":"Upper Changi","exit_code":"A","source":"gtfs_stops"}},{"type":"Feature","geometry":{"type":"Point","coordinates":[103.961476,1.341038]},"properties":{"station_id":"DT34","stop_code":"DT34","station_name":"Upper Changi","exit_code":"B","source":"gtfs_stops"}},{"type":"Feature","geometry":{"type":"Point","coordinates":[103.961617,1.341993]},"properties":{"station_id":"DT34","stop_code":"DT34","station_name":"Upper Changi","exit_code":"C","source":"gtfs_stops"}},{"type":"Feature","geometry":{"type":"Point","coordinates":[103.961043,1.34084]},"properties":{"station_id":"DT34","stop_code":"DT34","station_name":"Upper Changi","exit_code":"D","source":"gtfs_stops"}},{"type":"Feature","geometry":{"type":"Point","coordinates":[103.76869,1.35507]},"properties":{"station_id":"DT4","stop_code":"DT4","station_name":"Hume","exit_code":"1","source":"gtfs_stops"}},{"type":"Feature","geometry":{"type":"Point","coordinates":[103.76864,1.35484]},"properties":{"station_id":"DT4","stop_code":"DT4","station_name":"Hume","exit_code":"2","source":"gtfs_stops"}},{"type":"Feature","geometry":{"type":"Point","coordinates":[103.775984,1.341696]},"properties":{"station_id":"DT5","stop_code":"DT5","station_name":"Beauty World","exit_code":"A","source":"gtfs_stops"}},{"type":"Feature","geometry":{"type":"Point","coordinates":[103.775451,1.341582]},"properties":{"station_id":"DT5","stop_code":"DT5","station_name":"Beauty World","exit_code":"B","source":"gtfs_stops"}},{"type":"Feature","geometry":{"type":"Point","coordinates":[103.775762,1.339982]},"properties":{"station_id":"DT5","stop_code":"DT5","station_name":"Beauty World","exit_code":"C","source":"gtfs_stops"}},{"type":"Feature","geometry":{"type":"Point","coordinates":[103.78303,1.335537]},"properties":{"station_id":"DT6","stop_code":"DT6","station_name":"King Albert Park","exit_code":"A","source":"gtfs_stops"}},{"type":"Feature","geometry":{"type":"Point","coordinates":[103.784562,1.335976]},"properties":{"station_id":"DT6","stop_code":"DT6","station_name":"King Albert Park","exit_code":"B","source":"gtfs_stops"}},{"type":"Feature","geometry":{"type":"Point","coordinates":[103.796566,1.33078]},"properties":{"station_id":"DT7","stop_code":"DT7","station_name":"Sixth Avenue","exit_code":"A","source":"gtfs_stops"}},{"type":"Feature","geometry":{"type":"Point","coordinates":[103.796848,1.331521]},"properties":{"station_id":"DT7","stop_code":"DT7","station_name":"Sixth Avenue","exit_code":"B","source":"gtfs_stops"}},{"type":"Feature","geometry":{"type":"Point","coordinates":[103.807799,1.325333]},"properties":{"station_id":"DT8","stop_code":"DT8","station_name":"Tan Kah Kee","exit_code":"A","source":"gtfs_stops"}},{"type":"Feature","geometry":{"type":"Point","coordinates":[103.807801,1.326146]},"properties":{"station_id":"DT8","stop_code":"DT8","station_name":"Tan Kah Kee","exit_code":"B","source":"gtfs_stops"}},{"type":"Feature","geometry":{"type":"Point","coordinates":[103.949333,1.372842]},"properties":{"station_id":"EW1","stop_code":"EW1","station_name":"Pasir Ris","exit_code":"A","source":"gtfs_stops"}},{"type":"Feature","geometry":{"type":"Point","coordinates":[103.949137,1.372886]},"properties":{"station_id":"EW1","stop_code":"EW1","station_name":"Pasir Ris","exit_code":"B","source":"gtfs_stops"}},{"type":"Feature","geometry":{"type":"Point","coordinates":[103.871731,1.31154]},"properties":{"station_id":"EW10","stop_code":"EW10","station_name":"Kallang","exit_code":"A","source":"gtfs_stops"}},{"type":"Feature","geometry":{"type":"Point","coordinates":[103.871587,1.311782]},"properties":{"station_id":"EW10","stop_code":"EW10","station_name":"Kallang","exit_code":"B","source":"gtfs_stops"}},{"type":"Feature","geometry":{"type":"Point","coordinates":[103.863043,1.307169]},"properties":{"station_id":"EW11","stop_code":"EW11","station_name":"Lavender","exit_code":"A","source":"gtfs_stops"}},{"type":"Feature","geometry":{"type":"Point","coordinates":[103.86265,1.307619]},"properties":{"station_id":"EW11","stop_code":"EW11","station_name":"Lavender","exit_code":"B","source":"gtfs_stops"}},{"type":"Feature","geometry":{"type":"Point","coordinates":[103.85302,1.293227]},"properties":{"station_id":"EW13","stop_code":"EW13","station_name":"City Hall","exit_code":"A","source":"gtfs_stops"}},{"type":"Feature","geometry":{"type":"Point","coordinates":[103.85196,1.2931]},"properties":{"station_id":"EW13","stop_code":"EW13","station_name":"City Hall","exit_code":"B","source":"gtfs_stops"}},{"type":"Feature","geometry":{"type":"Point","coordinates":[103.85298,1.293042]},"properties":{"station_id":"EW13","stop_code":"EW13","station_name":"City Hall","exit_code":"C","source":"gtfs_stops"}},{"type":"Feature","geometry":{"type":"Point","coordinates":[103.851802,1.293455]},"properties":{"station_id":"EW13","stop_code":"EW13","station_name":"City Hall","exit_code":"D","source":"gtfs_stops"}},{"type":"Feature","geometry":{"type":"Point","coordinates":[103.851438,1.284125]},"properties":{"station_id":"EW14","stop_code":"EW14","station_name":"Raffles Place","exit_code":"A","source":"gtfs_stops"}},{"type":"Feature","geometry":{"type":"Point","coordinates":[103.85148,1.284607]},"properties":{"station_id":"EW14","stop_code":"EW14","station_name":"Raffles Place","exit_code":"B","source":"gtfs_stops"}},{"type":"Feature","geometry":{"type":"Point","coordinates":[103.851562,1.283631]},"properties":{"station_id":"EW14","stop_code":"EW14","station_name":"Raffles Place","exit_code":"C","source":"gtfs_stops"}},{"type":"Feature","geometry":{"type":"Point","coordinates":[103.851353,1.283641]},"properties":{"station_id":"EW14","stop_code":"EW14","station_name":"Raffles Place","exit_code":"D","source":"gtfs_stops"}},{"type":"Feature","geometry":{"type":"Point","coordinates":[103.851523,1.283212]},"properties":{"station_id":"EW14","stop_code":"EW14","station_name":"Raffles Place","exit_code":"E","source":"gtfs_stops"}},{"type":"Feature","geometry":{"type":"Point","coordinates":[103.850961,1.282539]},"properties":{"station_id":"EW14","stop_code":"EW14","station_name":"Raffles Place","exit_code":"F","source":"gtfs_stops"}},{"type":"Feature","geometry":{"type":"Point","coordinates":[103.851478,1.285017]},"properties":{"station_id":"EW14","stop_code":"EW14","station_name":"Raffles Place","exit_code":"G","source":"gtfs_stops"}},{"type":"Feature","geometry":{"type":"Point","coordinates":[103.851622,1.285258]},"properties":{"station_id":"EW14","stop_code":"EW14","station_name":"Raffles Place","exit_code":"H","source":"gtfs_stops"}},{"type":"Feature","geometry":{"type":"Point","coordinates":[103.851433,1.282382]},"properties":{"station_id":"EW14","stop_code":"EW14","station_name":"Raffles Place","exit_code":"I","source":"gtfs_stops"}},{"type":"Feature","geometry":{"type":"Point","coordinates":[103.851296,1.282626]},"properties":{"station_id":"EW14","stop_code":"EW14","station_name":"Raffles Place","exit_code":"J","source":"gtfs_stops"}},{"type":"Feature","geometry":{"type":"Point","coordinates":[103.844834,1.276409]},"properties":{"station_id":"EW15","stop_code":"EW15","station_name":"Tanjong Pagar","exit_code":"A","source":"gtfs_stops"}},{"type":"Feature","geometry":{"type":"Point","coordinates":[103.846545,1.276672]},"properties":{"station_id":"EW15","stop_code":"EW15","station_name":"Tanjong Pagar","exit_code":"B","source":"gtfs_stops"}},{"type":"Feature","geometry":{"type":"Point","coordinates":[103.846534,1.276089]},"properties":{"station_id":"EW15","stop_code":"EW15","station_name":"Tanjong Pagar","exit_code":"C","source":"gtfs_stops"}},{"type":"Feature","geometry":{"type":"Point","coordinates":[103.846909,1.276065]},"properties":{"station_id":"EW15","stop_code":"EW15","station_name":"Tanjong Pagar","exit_code":"D","source":"gtfs_stops"}},{"type":"Feature","geometry":{"type":"Point","coordinates":[103.847096,1.276259]},"properties":{"station_id":"EW15","stop_code":"EW15","station_name":"Tanjong Pagar","exit_code":"E","source":"gtfs_stops"}},{"type":"Feature","geometry":{"type":"Point","coordinates":[103.846928,1.277379]},"properties":{"station_id":"EW15","stop_code":"EW15","station_name":"Tanjong Pagar","exit_code":"F","source":"gtfs_stops"}},{"type":"Feature","geometry":{"type":"Point","coordinates":[103.846953,1.277785]},"properties":{"station_id":"EW15","stop_code":"EW15","station_name":"Tanjong Pagar","exit_code":"G","source":"gtfs_stops"}},{"type":"Feature","geometry":{"type":"Point","coordinates":[103.846445,1.275451]},"properties":{"station_id":"EW15","stop_code":"EW15","station_name":"Tanjong Pagar","exit_code":"H","source":"gtfs_stops"}},{"type":"Feature","geometry":{"type":"Point","coordinates":[103.845656,1.276448]},"properties":{"station_id":"EW15","stop_code":"EW15","station_name":"Tanjong Pagar","exit_code":"I","source":"gtfs_stops"}},{"type":"Feature","geometry":{"type":"Point","coordinates":[103.838658,1.281602]},"properties":{"station_id":"EW16","stop_code":"EW16","station_name":"Outram Park","exit_code":"1","source":"gtfs_stops"}},{"type":"Feature","geometry":{"type":"Point","coordinates":[103.838935,1.281675]},"properties":{"station_id":"EW16","stop_code":"EW16","station_name":"Outram Park","exit_code":"2","source":"gtfs_stops"}},{"type":"Feature","geometry":{"type":"Point","coordinates":[103.839789,1.280993]},"properties":{"station_id":"EW16","stop_code":"EW16","station_name":"Outram Park","exit_code":"3","source":"gtfs_stops"}},{"type":"Feature","geometry":{"type":"Point","coordinates":[103.840387,1.280213]},"properties":{"station_id":"EW16","stop_code":"EW16","station_name":"Outram Park","exit_code":"4","source":"gtfs_stops"}},{"type":"Feature","geometry":{"type":"Point","coordinates":[103.839549,1.278947]},"properties":{"station_id":"EW16","stop_code":"EW16","station_name":"Outram Park","exit_code":"5","source":"gtfs_stops"}},{"type":"Feature","geometry":{"type":"Point","coordinates":[103.838537,1.279051]},"properties":{"station_id":"EW16","stop_code":"EW16","station_name":"Outram Park","exit_code":"6","source":"gtfs_stops"}},{"type":"Feature","geometry":{"type":"Point","coordinates":[103.83864,1.281022]},"properties":{"station_id":"EW16","stop_code":"EW16","station_name":"Outram Park","exit_code":"7","source":"gtfs_stops"}},{"type":"Feature","geometry":{"type":"Point","coordinates":[103.838117,1.282322]},"properties":{"station_id":"EW16","stop_code":"EW16","station_name":"Outram Park","exit_code":"8","source":"gtfs_stops"}},{"type":"Feature","geometry":{"type":"Point","coordinates":[103.826991,1.285759]},"properties":{"station_id":"EW17","stop_code":"EW17","station_name":"Tiong Bahru","exit_code":"A","source":"gtfs_stops"}},{"type":"Feature","geometry":{"type":"Point","coordinates":[103.827496,1.286362]},"properties":{"station_id":"EW17","stop_code":"EW17","station_name":"Tiong Bahru","exit_code":"B","source":"gtfs_stops"}},{"type":"Feature","geometry":{"type":"Point","coordinates":[103.816995,1.289371]},"properties":{"station_id":"EW18","stop_code":"EW18","station_name":"Redhill","exit_code":"A","source":"gtfs_stops"}},{"type":"Feature","geometry":{"type":"Point","coordinates":[103.817249,1.289486]},"properties":{"station_id":"EW18","stop_code":"EW18","station_name":"Redhill","exit_code":"B","source":"gtfs_stops"}},{"type":"Feature","geometry":{"type":"Point","coordinates":[103.806183,1.294247]},"properties":{"station_id":"EW19","stop_code":"EW19","station_name":"Queenstown","exit_code":"A","source":"gtfs_stops"}},{"type":"Feature","geometry":{"type":"Point","coordinates":[103.806312,1.29433]},"properties":{"station_id":"EW19","stop_code":"EW19","station_name":"Queenstown","exit_code":"B","source":"gtfs_stops"}},{"type":"Feature","geometry":{"type":"Point","coordinates":[103.805585,1.295446]},"properties":{"station_id":"EW19","stop_code":"EW19","station_name":"Queenstown","exit_code":"C","source":"gtfs_stops"}},{"type":"Feature","geometry":{"type":"Point","coordinates":[103.805492,1.295383]},"properties":{"station_id":"EW19","stop_code":"EW19","station_name":"Queenstown","exit_code":"D","source":"gtfs_stops"}},{"type":"Feature","geometry":{"type":"Point","coordinates":[103.797958,1.302648]},"properties":{"station_id":"EW20","stop_code":"EW20","station_name":"Commonwealth","exit_code":"A","source":"gtfs_stops"}},{"type":"Feature","geometry":{"type":"Point","coordinates":[103.798058,1.302753]},"properties":{"station_id":"EW20","stop_code":"EW20","station_name":"Commonwealth","exit_code":"B","source":"gtfs_stops"}},{"type":"Feature","geometry":{"type":"Point","coordinates":[103.798779,1.302077]},"properties":{"station_id":"EW20","stop_code":"EW20","station_name":"Commonwealth","exit_code":"C","source":"gtfs_stops"}},{"type":"Feature","geometry":{"type":"Point","coordinates":[103.79872,1.302013]},"properties":{"station_id":"EW20","stop_code":"EW20","station_name":"Commonwealth","exit_code":"D","source":"gtfs_stops"}},{"type":"Feature","geometry":{"type":"Point","coordinates":[103.778305,1.311415]},"properties":{"station_id":"EW22","stop_code":"EW22","station_name":"Dover","exit_code":"A","source":"gtfs_stops"}},{"type":"Feature","geometry":{"type":"Point","coordinates":[103.778465,1.311693]},"properties":{"station_id":"EW22","stop_code":"EW22","station_name":"Dover","exit_code":"B","source":"gtfs_stops"}},{"type":"Feature","geometry":{"type":"Point","coordinates":[103.7649,1.315373]},"properties":{"station_id":"EW23","stop_code":"EW23","station_name":"Clementi","exit_code":"A","source":"gtfs_stops"}},{"type":"Feature","geometry":{"type":"Point","coordinates":[103.7651,1.315469]},"properties":{"station_id":"EW23","stop_code":"EW23","station_name":"Clementi","exit_code":"B","source":"gtfs_stops"}},{"type":"Feature","geometry":{"type":"Point","coordinates":[103.7657,1.314162]},"properties":{"station_id":"EW23","stop_code":"EW23","station_name":"Clementi","exit_code":"C","source":"gtfs_stops"}},{"type":"Feature","geometry":{"type":"Point","coordinates":[103.7655,1.314078]},"properties":{"station_id":"EW23","stop_code":"EW23","station_name":"Clementi","exit_code":"D","source":"gtfs_stops"}},{"type":"Feature","geometry":{"type":"Point","coordinates":[103.74176,1.33399]},"properties":{"station_id":"EW24","stop_code":"EW24","station_name":"Jurong East","exit_code":"A","source":"gtfs_stops"}},{"type":"Feature","geometry":{"type":"Point","coordinates":[103.74264,1.332526]},"properties":{"station_id":"EW24","stop_code":"EW24","station_name":"Jurong East","exit_code":"B","source":"gtfs_stops"}},{"type":"Feature","geometry":{"type":"Point","coordinates":[103.742762,1.332749]},"properties":{"station_id":"EW24","stop_code":"EW24","station_name":"Jurong East","exit_code":"C","source":"gtfs_stops"}},{"type":"Feature","geometry":{"type":"Point","coordinates":[103.742298,1.333581]},"properties":{"station_id":"EW24","stop_code":"EW24","station_name":"Jurong East","exit_code":"D","source":"gtfs_stops"}},{"type":"Feature","geometry":{"type":"Point","coordinates":[103.73222,1.342439]},"properties":{"station_id":"EW25","stop_code":"EW25","station_name":"Chinese Garden","exit_code":"A","source":"gtfs_stops"}},{"type":"Feature","geometry":{"type":"Point","coordinates":[103.732742,1.341982]},"properties":{"station_id":"EW25","stop_code":"EW25","station_name":"Chinese Garden","exit_code":"B","source":"gtfs_stops"}},{"type":"Feature","geometry":{"type":"Point","coordinates":[103.733393,1.341566]},"properties":{"station_id":"EW25","stop_code":"EW25","station_name":"Chinese Garden","exit_code":"C","source":"gtfs_stops"}},{"type":"Feature","geometry":{"type":"Point","coordinates":[103.720449,1.343983]},"properties":{"station_id":"EW26","stop_code":"EW26","station_name":"Lakeside","exit_code":"A","source":"gtfs_stops"}},{"type":"Feature","geometry":{"type":"Point","coordinates":[103.721075,1.344081]},"properties":{"station_id":"EW26","stop_code":"EW26","station_name":"Lakeside","exit_code":"B","source":"gtfs_stops"}},{"type":"Feature","geometry":{"type":"Point","coordinates":[103.721713,1.344304]},"properties":{"station_id":"EW26","stop_code":"EW26","station_name":"Lakeside","exit_code":"C","source":"gtfs_stops"}},{"type":"Feature","geometry":{"type":"Point","coordinates":[103.705409,1.33828]},"properties":{"station_id":"EW27","stop_code":"EW27","station_name":"Boon Lay","exit_code":"A","source":"gtfs_stops"}},{"type":"Feature","geometry":{"type":"Point","coordinates":[103.706146,1.338421]},"properties":{"station_id":"EW27","stop_code":"EW27","station_name":"Boon Lay","exit_code":"B","source":"gtfs_stops"}},{"type":"Feature","geometry":{"type":"Point","coordinates":[103.705955,1.338738]},"properties":{"station_id":"EW27","stop_code":"EW27","station_name":"Boon Lay","exit_code":"C","source":"gtfs_stops"}},{"type":"Feature","geometry":{"type":"Point","coordinates":[103.70565,1.33863]},"properties":{"station_id":"EW27","stop_code":"EW27","station_name":"Boon Lay","exit_code":"D","source":"gtfs_stops"}},{"type":"Feature","geometry":{"type":"Point","coordinates":[103.705353,1.338514]},"properties":{"station_id":"EW27","stop_code":"EW27","station_name":"Boon Lay","exit_code":"E","source":"gtfs_stops"}},{"type":"Feature","geometry":{"type":"Point","coordinates":[103.705795,1.338273]},"properties":{"station_id":"EW27","stop_code":"EW27","station_name":"Boon Lay","exit_code":"F","source":"gtfs_stops"}},{"type":"Feature","geometry":{"type":"Point","coordinates":[103.697155,1.337345]},"properties":{"station_id":"EW28","stop_code":"EW28","station_name":"Pioneer","exit_code":"A","source":"gtfs_stops"}},{"type":"Feature","geometry":{"type":"Point","coordinates":[103.69713,1.337832]},"properties":{"station_id":"EW28","stop_code":"EW28","station_name":"Pioneer","exit_code":"B","source":"gtfs_stops"}},{"type":"Feature","geometry":{"type":"Point","coordinates":[103.678521,1.327502]},"properties":{"station_id":"EW29","stop_code":"EW29","station_name":"Joo Koon","exit_code":"A","source":"gtfs_stops"}},{"type":"Feature","geometry":{"type":"Point","coordinates":[103.678644,1.327956]},"properties":{"station_id":"EW29","stop_code":"EW29","station_name":"Joo Koon","exit_code":"B","source":"gtfs_stops"}},{"type":"Feature","geometry":{"type":"Point","coordinates":[103.953819,1.342662]},"properties":{"station_id":"EW3","stop_code":"EW3","station_name":"Simei","exit_code":"A","source":"gtfs_stops"}},{"type":"Feature","geometry":{"type":"Point","coordinates":[103.660444,1.319032]},"properties":{"station_id":"EW30","stop_code":"EW30","station_name":"Gul Circle","exit_code":"A","source":"gtfs_stops"}},{"type":"Feature","geometry":{"type":"Point","coordinates":[103.659435,1.318837]},"properties":{"station_id":"EW30","stop_code":"EW30","station_name":"Gul Circle","exit_code":"B","source":"gtfs_stops"}},{"type":"Feature","geometry":{"type":"Point","coordinates":[103.648959,1.320764]},"properties":{"station_id":"EW31","stop_code":"EW31","station_name":"Tuas Crescent","exit_code":"A","source":"gtfs_stops"}},{"type":"Feature","geometry":{"type":"Point","coordinates":[103.649287,1.321244]},"properties":{"station_id":"EW31","stop_code":"EW31","station_name":"Tuas Crescent","exit_code":"B","source":"gtfs_stops"}},{"type":"Feature","geometry":{"type":"Point","coordinates":[103.639284,1.329872]},"properties":{"station_id":"EW32","stop_code":"EW32","station_name":"Tuas West Road","exit_code":"A","source":"gtfs_stops"}},{"type":"Feature","geometry":{"type":"Point","coordinates":[103.639791,1.330182]},"properties":{"station_id":"EW32","stop_code":"EW32","station_name":"Tuas West Road","exit_code":"B","source":"gtfs_stops"}},{"type":"Feature","geometry":{"type":"Point","coordinates":[103.637246,1.340427]},"properties":{"station_id":"EW33","stop_code":"EW33","station_name":"Tuas Link","exit_code":"A","source":"gtfs_stops"}},{"type":"Feature","geometry":{"type":"Point","coordinates":[103.636841,1.34094]},"properties":{"station_id":"EW33","stop_code":"EW33","station_name":"Tuas Link","exit_code":"B","source":"gtfs_stops"}},{"type":"Feature","geometry":{"type":"Point","coordinates":[103.945795,1.326858]},"properties":{"station_id":"EW4","stop_code":"EW4","station_name":"Tanah Merah","exit_code":"A","source":"gtfs_stops"}},{"type":"Feature","geometry":{"type":"Point","coordinates":[103.945723,1.327061]},"properties":{"station_id":"EW4","stop_code":"EW4","station_name":"Tanah Merah","exit_code":"B","source":"gtfs_stops"}},{"type":"Feature","geometry":{"type":"Point","coordinates":[103.929157,1.323569]},"properties":{"station_id":"EW5","stop_code":"EW5","station_name":"Bedok","exit_code":"A","source":"gtfs_stops"}},{"type":"Feature","geometry":{"type":"Point","coordinates":[103.929673,1.324268]},"properties":{"station_id":"EW5","stop_code":"EW5","station_name":"Bedok","exit_code":"B","source":"gtfs_stops"}},{"type":"Feature","geometry":{"type":"Point","coordinates":[103.929404,1.324075]},"properties":{"station_id":"EW5","stop_code":"EW5","station_name":"Bedok","exit_code":"C","source":"gtfs_stops"}},{"type":"Feature","geometry":{"type":"Point","coordinates":[103.912941,1.320924]},"properties":{"station_id":"EW6","stop_code":"EW6","station_name":"Kembangan","exit_code":"A","source":"gtfs_stops"}},{"type":"Feature","geometry":{"type":"Point","coordinates":[103.912899,1.321152]},"properties":{"station_id":"EW6","stop_code":"EW6","station_name":"Kembangan","exit_code":"B","source":"gtfs_stops"}},{"type":"Feature","geometry":{"type":"Point","coordinates":[103.902894,1.319517]},"properties":{"station_id":"EW7","stop_code":"EW7","station_name":"Eunos","exit_code":"A","source":"gtfs_stops"}},{"type":"Feature","geometry":{"type":"Point","coordinates":[103.902582,1.319563]},"properties":{"station_id":"EW7","stop_code":"EW7","station_name":"Eunos","exit_code":"B","source":"gtfs_stops"}},{"type":"Feature","geometry":{"type":"Point","coordinates":[103.903215,1.31953]},"properties":{"station_id":"EW7","stop_code":"EW7","station_name":"Eunos","exit_code":"C","source":"gtfs_stops"}},{"type":"Feature","geometry":{"type":"Point","coordinates":[103.882497,1.316238]},"properties":{"station_id":"EW9","stop_code":"EW9","station_name":"Aljunied","exit_code":"A","source":"gtfs_stops"}},{"type":"Feature","geometry":{"type":"Point","coordinates":[103.882473,1.316488]},"properties":{"station_id":"EW9","stop_code":"EW9","station_name":"Aljunied","exit_code":"B","source":"gtfs_stops"}},{"type":"Feature","geometry":{"type":"Point","coordinates":[103.868966,1.332801]},"properties":{"station_id":"NE10","stop_code":"NE10","station_name":"Potong Pasir","exit_code":"A","source":"gtfs_stops"}},{"type":"Feature","geometry":{"type":"Point","coordinates":[103.869333,1.331148]},"properties":{"station_id":"NE10","stop_code":"NE10","station_name":"Potong Pasir","exit_code":"B","source":"gtfs_stops"}},{"type":"Feature","geometry":{"type":"Point","coordinates":[103.868704,1.331067]},"properties":{"station_id":"NE10","stop_code":"NE10","station_name":"Potong Pasir","exit_code":"C","source":"gtfs_stops"}},{"type":"Feature","geometry":{"type":"Point","coordinates":[103.870941,1.338511]},"properties":{"station_id":"NE11","stop_code":"NE11","station_name":"Woodleigh","exit_code":"A","source":"gtfs_stops"}},{"type":"Feature","geometry":{"type":"Point","coordinates":[103.870508,1.338583]},"properties":{"station_id":"NE11","stop_code":"NE11","station_name":"Woodleigh","exit_code":"B","source":"gtfs_stops"}},{"type":"Feature","geometry":{"type":"Point","coordinates":[103.871054,1.339867]},"properties":{"station_id":"NE11","stop_code":"NE11","station_name":"Woodleigh","exit_code":"C","source":"gtfs_stops"}},{"type":"Feature","geometry":{"type":"Point","coordinates":[103.884307,1.359708]},"properties":{"station_id":"NE13","stop_code":"NE13","station_name":"Kovan","exit_code":"A","source":"gtfs_stops"}},{"type":"Feature","geometry":{"type":"Point","coordinates":[103.884722,1.360206]},"properties":{"station_id":"NE13","stop_code":"NE13","station_name":"Kovan","exit_code":"B","source":"gtfs_stops"}},{"type":"Feature","geometry":{"type":"Point","coordinates":[103.885451,1.360028]},"properties":{"station_id":"NE13","stop_code":"NE13","station_name":"Kovan","exit_code":"C","source":"gtfs_stops"}},{"type":"Feature","geometry":{"type":"Point","coordinates":[103.892446,1.370209]},"properties":{"station_id":"NE14","stop_code":"NE14","station_name":"Hougang","exit_code":"A","source":"gtfs_stops"}},{"type":"Feature","geometry":{"type":"Point","coordinates":[103.892972,1.371946]},"properties":{"station_id":"NE14","stop_code":"NE14","station_name":"Hougang","exit_code":"B","source":"gtfs_stops"}},{"type":"Feature","geometry":{"type":"Point","coordinates":[103.891975,1.372142]},"properties":{"station_id":"NE14","stop_code":"NE14","station_name":"Hougang","exit_code":"C","source":"gtfs_stops"}},{"type":"Feature","geometry":{"type":"Point","coordinates":[103.892884,1.38341]},"properties":{"station_id":"NE15","stop_code":"NE15","station_name":"Buangkok","exit_code":"A","source":"gtfs_stops"}},{"type":"Feature","geometry":{"type":"Point","coordinates":[103.893463,1.38265]},"properties":{"station_id":"NE15","stop_code":"NE15","station_name":"Buangkok","exit_code":"B","source":"gtfs_stops"}},{"type":"Feature","geometry":{"type":"Point","coordinates":[103.895406,1.391829]},"properties":{"station_id":"NE16","stop_code":"NE16","station_name":"Sengkang","exit_code":"A","source":"gtfs_stops"}},{"type":"Feature","geometry":{"type":"Point","coordinates":[103.895637,1.391796]},"properties":{"station_id":"NE16","stop_code":"NE16","station_name":"Sengkang","exit_code":"B","source":"gtfs_stops"}},{"type":"Feature","geometry":{"type":"Point","coordinates":[103.895209,1.390882]},"properties":{"station_id":"NE16","stop_code":"NE16","station_name":"Sengkang","exit_code":"C","source":"gtfs_stops"}},{"type":"Feature","geometry":{"type":"Point","coordinates":[103.895706,1.392371]},"properties":{"station_id":"NE16","stop_code":"NE16","station_name":"Sengkang","exit_code":"D","source":"gtfs_stops"}},{"type":"Feature","geometry":{"type":"Point","coordinates":[103.902306,1.40534]},"properties":{"station_id":"NE17","stop_code":"NE17","station_name":"Punggol","exit_code":"A","source":"gtfs_stops"}},{"type":"Feature","geometry":{"type":"Point","coordinates":[103.902598,1.405186]},"properties":{"station_id":"NE17","stop_code":"NE17","station_name":"Punggol","exit_code":"B","source":"gtfs_stops"}},{"type":"Feature","geometry":{"type":"Point","coordinates":[103.902116,1.404301]},"properties":{"station_id":"NE17","stop_code":"NE17","station_name":"Punggol","exit_code":"C","source":"gtfs_stops"}},{"type":"Feature","geometry":{"type":"Point","coordinates":[103.901798,1.404438]},"properties":{"station_id":"NE17","stop_code":"NE17","station_name":"Punggol","exit_code":"D","source":"gtfs_stops"}},{"type":"Feature","geometry":{"type":"Point","coordinates":[103.9097,1.41489]},"properties":{"station_id":"NE18","stop_code":"NE18","station_name":"Punggol Coast","exit_code":"1","source":"gtfs_stops"}},{"type":"Feature","geometry":{"type":"Point","coordinates":[103.91071,1.41501]},"properties":{"station_id":"NE18","stop_code":"NE18","station_name":"Punggol Coast","exit_code":"2","source":"gtfs_stops"}},{"type":"Feature","geometry":{"type":"Point","coordinates":[103.846064,1.286899]},"properties":{"station_id":"NE5","stop_code":"NE5","station_name":"Clarke Quay","exit_code":"A","source":"gtfs_stops"}},{"type":"Feature","geometry":{"type":"Point","coordinates":[103.845903,1.287806]},"properties":{"station_id":"NE5","stop_code":"NE5","station_name":"Clarke Quay","exit_code":"B","source":"gtfs_stops"}},{"type":"Feature","geometry":{"type":"Point","coordinates":[103.846666,1.289384]},"properties":{"station_id":"NE5","stop_code":"NE5","station_name":"Clarke Quay","exit_code":"C","source":"gtfs_stops"}},{"type":"Feature","geometry":{"type":"Point","coordinates":[103.847033,1.289]},"properties":{"station_id":"NE5","stop_code":"NE5","station_name":"Clarke Quay","exit_code":"E","source":"gtfs_stops"}},{"type":"Feature","geometry":{"type":"Point","coordinates":[103.84713,1.289406]},"properties":{"station_id":"NE5","stop_code":"NE5","station_name":"Clarke Quay","exit_code":"F","source":"gtfs_stops"}},{"type":"Feature","geometry":{"type":"Point","coordinates":[103.846594,1.289199]},"properties":{"station_id":"NE5","stop_code":"NE5","station_name":"Clarke Quay","exit_code":"G","source":"gtfs_stops"}},{"type":"Feature","geometry":{"type":"Point","coordinates":[103.854773,1.312327]},"properties":{"station_id":"NE8","stop_code":"NE8","station_name":"Farrer Park","exit_code":"A","source":"gtfs_stops"}},{"type":"Feature","geometry":{"type":"Point","coordinates":[103.854764,1.313544]},"properties":{"station_id":"NE8","stop_code":"NE8","station_name":"Farrer Park","exit_code":"B","source":"gtfs_stops"}},{"type":"Feature","geometry":{"type":"Point","coordinates":[103.853267,1.311911]},"properties":{"station_id":"NE8","stop_code":"NE8","station_name":"Farrer Park","exit_code":"C","source":"gtfs_stops"}},{"type":"Feature","geometry":{"type":"Point","coordinates":[103.852975,1.312454]},"properties":{"station_id":"NE8","stop_code":"NE8","station_name":"Farrer Park","exit_code":"D","source":"gtfs_stops"}},{"type":"Feature","geometry":{"type":"Point","coordinates":[103.852651,1.311884]},"properties":{"station_id":"NE8","stop_code":"NE8","station_name":"Farrer Park","exit_code":"E","source":"gtfs_stops"}},{"type":"Feature","geometry":{"type":"Point","coordinates":[103.853199,1.311422]},"properties":{"station_id":"NE8","stop_code":"NE8","station_name":"Farrer Park","exit_code":"F","source":"gtfs_stops"}},{"type":"Feature","geometry":{"type":"Point","coordinates":[103.855501,1.312259]},"properties":{"station_id":"NE8","stop_code":"NE8","station_name":"Farrer Park","exit_code":"G","source":"gtfs_stops"}},{"type":"Feature","geometry":{"type":"Point","coordinates":[103.856099,1.311884]},"properties":{"station_id":"NE8","stop_code":"NE8","station_name":"Farrer Park","exit_code":"H","source":"gtfs_stops"}},{"type":"Feature","geometry":{"type":"Point","coordinates":[103.855807,1.311766]},"properties":{"station_id":"NE8","stop_code":"NE8","station_name":"Farrer Park","exit_code":"I","source":"gtfs_stops"}},{"type":"Feature","geometry":{"type":"Point","coordinates":[103.861502,1.320107]},"properties":{"station_id":"NE9","stop_code":"NE9","station_name":"Boon Keng","exit_code":"A","source":"gtfs_stops"}},{"type":"Feature","geometry":{"type":"Point","coordinates":[103.861904,1.319235]},"properties":{"station_id":"NE9","stop_code":"NE9","station_name":"Boon Keng","exit_code":"B","source":"gtfs_stops"}},{"type":"Feature","geometry":{"type":"Point","coordinates":[103.860707,1.317915]},"properties":{"station_id":"NE9","stop_code":"NE9","station_name":"Boon Keng","exit_code":"C","source":"gtfs_stops"}},{"type":"Feature","geometry":{"type":"Point","coordinates":[103.80099,1.440346]},"properties":{"station_id":"NS10","stop_code":"NS10","station_name":"Admiralty","exit_code":"A","source":"gtfs_stops"}},{"type":"Feature","geometry":{"type":"Point","coordinates":[103.800534,1.440152]},"properties":{"station_id":"NS10","stop_code":"NS10","station_name":"Admiralty","exit_code":"B","source":"gtfs_stops"}},{"type":"Feature","geometry":{"type":"Point","coordinates":[103.800543,1.440596]},"properties":{"station_id":"NS10","stop_code":"NS10","station_name":"Admiralty","exit_code":"C","source":"gtfs_stops"}},{"type":"Feature","geometry":{"type":"Point","coordinates":[103.801365,1.440533]},"properties":{"station_id":"NS10","stop_code":"NS10","station_name":"Admiralty","exit_code":"D","source":"gtfs_stops"}},{"type":"Feature","geometry":{"type":"Point","coordinates":[103.82011,1.448837]},"properties":{"station_id":"NS11","stop_code":"NS11","station_name":"Sembawang","exit_code":"A","source":"gtfs_stops"}},{"type":"Feature","geometry":{"type":"Point","coordinates":[103.81979,1.448768]},"properties":{"station_id":"NS11","stop_code":"NS11","station_name":"Sembawang","exit_code":"B","source":"gtfs_stops"}},{"type":"Feature","geometry":{"type":"Point","coordinates":[103.819759,1.449157]},"properties":{"station_id":"NS11","stop_code":"NS11","station_name":"Sembawang","exit_code":"C","source":"gtfs_stops"}},{"type":"Feature","geometry":{"type":"Point","coordinates":[103.820402,1.448927]},"properties":{"station_id":"NS11","stop_code":"NS11","station_name":"Sembawang","exit_code":"D","source":"gtfs_stops"}},{"type":"Feature","geometry":{"type":"Point","coordinates":[103.829528,1.44363]},"properties":{"station_id":"NS12","stop_code":"NS12","station_name":"Canberra","exit_code":"A","source":"gtfs_stops"}},{"type":"Feature","geometry":{"type":"Point","coordinates":[103.829962,1.442935]},"properties":{"station_id":"NS12","stop_code":"NS12","station_name":"Canberra","exit_code":"B","source":"gtfs_stops"}},{"type":"Feature","geometry":{"type":"Point","coordinates":[103.8297,1.442804]},"properties":{"station_id":"NS12","stop_code":"NS12","station_name":"Canberra","exit_code":"C","source":"gtfs_stops"}},{"type":"Feature","geometry":{"type":"Point","coordinates":[103.829255,1.443511]},"properties":{"station_id":"NS12","stop_code":"NS12","station_name":"Canberra","exit_code":"D","source":"gtfs_stops"}},{"type":"Feature","geometry":{"type":"Point","coordinates":[103.830116,1.443256]},"properties":{"station_id":"NS12","stop_code":"NS12","station_name":"Canberra","exit_code":"E","source":"gtfs_stops"}},{"type":"Feature","geometry":{"type":"Point","coordinates":[103.834784,1.429397]},"properties":{"station_id":"NS13","stop_code":"NS13","station_name":"Yishun","exit_code":"A","source":"gtfs_stops"}},{"type":"Feature","geometry":{"type":"Point","coordinates":[103.834866,1.429636]},"properties":{"station_id":"NS13","stop_code":"NS13","station_name":"Yishun","exit_code":"B","source":"gtfs_stops"}},{"type":"Feature","geometry":{"type":"Point","coordinates":[103.835091,1.429117]},"properties":{"station_id":"NS13","stop_code":"NS13","station_name":"Yishun","exit_code":"C","source":"gtfs_stops"}},{"type":"Feature","geometry":{"type":"Point","coordinates":[103.834863,1.429107]},"properties":{"station_id":"NS13","stop_code":"NS13","station_name":"Yishun","exit_code":"D","source":"gtfs_stops"}},{"type":"Feature","geometry":{"type":"Point","coordinates":[103.835644,1.429666]},"properties":{"station_id":"NS13","stop_code":"NS13","station_name":"Yishun","exit_code":"E","source":"gtfs_stops"}},{"type":"Feature","geometry":{"type":"Point","coordinates":[103.832922,1.417058]},"properties":{"station_id":"NS14","stop_code":"NS14","station_name":"Khatib","exit_code":"A","source":"gtfs_stops"}},{"type":"Feature","geometry":{"type":"Point","coordinates":[103.832707,1.417143]},"properties":{"station_id":"NS14","stop_code":"NS14","station_name":"Khatib","exit_code":"B","source":"gtfs_stops"}},{"type":"Feature","geometry":{"type":"Point","coordinates":[103.832887,1.417545]},"properties":{"station_id":"NS14","stop_code":"NS14","station_name":"Khatib","exit_code":"C","source":"gtfs_stops"}},{"type":"Feature","geometry":{"type":"Point","coordinates":[103.833231,1.417869]},"properties":{"station_id":"NS14","stop_code":"NS14","station_name":"Khatib","exit_code":"D","source":"gtfs_stops"}},{"type":"Feature","geometry":{"type":"Point","coordinates":[103.844834,1.381644]},"properties":{"station_id":"NS15","stop_code":"NS15","station_name":"Yio Chu Kang","exit_code":"A","source":"gtfs_stops"}},{"type":"Feature","geometry":{"type":"Point","coordinates":[103.844947,1.381548]},"properties":{"station_id":"NS15","stop_code":"NS15","station_name":"Yio Chu Kang","exit_code":"B","source":"gtfs_stops"}},{"type":"Feature","geometry":{"type":"Point","coordinates":[103.844646,1.381954]},"properties":{"station_id":"NS15","stop_code":"NS15","station_name":"Yio Chu Kang","exit_code":"C","source":"gtfs_stops"}},{"type":"Feature","geometry":{"type":"Point","coordinates":[103.849939,1.369465]},"properties":{"station_id":"NS16","stop_code":"NS16","station_name":"Ang Mo Kio","exit_code":"A","source":"gtfs_stops"}},{"type":"Feature","geometry":{"type":"Point","coordinates":[103.849596,1.369685]},"properties":{"station_id":"NS16","stop_code":"NS16","station_name":"Ang Mo Kio","exit_code":"B","source":"gtfs_stops"}},{"type":"Feature","geometry":{"type":"Point","coordinates":[103.849343,1.369441]},"properties":{"station_id":"NS16","stop_code":"NS16","station_name":"Ang Mo Kio","exit_code":"C","source":"gtfs_stops"}},{"type":"Feature","geometry":{"type":"Point","coordinates":[103.849825,1.369882]},"properties":{"station_id":"NS16","stop_code":"NS16","station_name":"Ang Mo Kio","exit_code":"D","source":"gtfs_stops"}},{"type":"Feature","geometry":{"type":"Point","coordinates":[103.846429,1.341069]},"properties":{"station_id":"NS18","stop_code":"NS18","station_name":"Braddell","exit_code":"A","source":"gtfs_stops"}},{"type":"Feature","geometry":{"type":"Point","coordinates":[103.846407,1.340744]},"properties":{"station_id":"NS18","stop_code":"NS18","station_name":"Braddell","exit_code":"B","source":"gtfs_stops"}},{"type":"Feature","geometry":{"type":"Point","coordinates":[103.847441,1.340672]},"properties":{"station_id":"NS18","stop_code":"NS18","station_name":"Braddell","exit_code":"C","source":"gtfs_stops"}},{"type":"Feature","geometry":{"type":"Point","coordinates":[103.847724,1.332376]},"properties":{"station_id":"NS19","stop_code":"NS19","station_name":"Toa Payoh","exit_code":"A","source":"gtfs_stops"}},{"type":"Feature","geometry":{"type":"Point","coordinates":[103.847578,1.332316]},"properties":{"station_id":"NS19","stop_code":"NS19","station_name":"Toa Payoh","exit_code":"B","source":"gtfs_stops"}},{"type":"Feature","geometry":{"type":"Point","coordinates":[103.84732,1.332994]},"properties":{"station_id":"NS19","stop_code":"NS19","station_name":"Toa Payoh","exit_code":"C","source":"gtfs_stops"}},{"type":"Feature","geometry":{"type":"Point","coordinates":[103.846517,1.333279]},"properties":{"station_id":"NS19","stop_code":"NS19","station_name":"Toa Payoh","exit_code":"D","source":"gtfs_stops"}},{"type":"Feature","geometry":{"type":"Point","coordinates":[103.749974,1.349561]},"properties":{"station_id":"NS2","stop_code":"NS2","station_name":"Bukit Batok","exit_code":"A","source":"gtfs_stops"}},{"type":"Feature","geometry":{"type":"Point","coordinates":[103.749937,1.34939]},"properties":{"station_id":"NS2","stop_code":"NS2","station_name":"Bukit Batok","exit_code":"B","source":"gtfs_stops"}},{"type":"Feature","geometry":{"type":"Point","coordinates":[103.749767,1.34952]},"properties":{"station_id":"NS2","stop_code":"NS2","station_name":"Bukit Batok","exit_code":"C","source":"gtfs_stops"}},{"type":"Feature","geometry":{"type":"Point","coordinates":[103.749118,1.348405]},"properties":{"station_id":"NS2","stop_code":"NS2","station_name":"Bukit Batok","exit_code":"D","source":"gtfs_stops"}},{"type":"Feature","geometry":{"type":"Point","coordinates":[103.844389,1.321095]},"properties":{"station_id":"NS20","stop_code":"NS20","station_name":"Novena","exit_code":"A","source":"gtfs_stops"}},{"type":"Feature","geometry":{"type":"Point","coordinates":[103.84334,1.319896]},"properties":{"station_id":"NS20","stop_code":"NS20","station_name":"Novena","exit_code":"B","source":"gtfs_stops"}},{"type":"Feature","geometry":{"type":"Point","coordinates":[103.832524,1.304892]},"properties":{"station_id":"NS22","stop_code":"NS22","station_name":"Orchard","exit_code":"1","source":"gtfs_stops"}},{"type":"Feature","geometry":{"type":"Point","coordinates":[103.831127,1.304046]},"properties":{"station_id":"NS22","stop_code":"NS22","station_name":"Orchard","exit_code":"10","source":"gtfs_stops"}},{"type":"Feature","geometry":{"type":"Point","coordinates":[103.830497,1.304218]},"properties":{"station_id":"NS22","stop_code":"NS22","station_name":"Orchard","exit_code":"11","source":"gtfs_stops"}},{"type":"Feature","geometry":{"type":"Point","coordinates":[103.830663,1.302858]},"properties":{"station_id":"NS22","stop_code":"NS22","station_name":"Orchard","exit_code":"12","source":"gtfs_stops"}},{"type":"Feature","geometry":{"type":"Point","coordinates":[103.832125,1.302299]},"properties":{"station_id":"NS22","stop_code":"NS22","station_name":"Orchard","exit_code":"13","source":"gtfs_stops"}},{"type":"Feature","geometry":{"type":"Point","coordinates":[103.83262,1.304354]},"properties":{"station_id":"NS22","stop_code":"NS22","station_name":"Orchard","exit_code":"2","source":"gtfs_stops"}},{"type":"Feature","geometry":{"type":"Point","coordinates":[103.832771,1.304161]},"properties":{"station_id":"NS22","stop_code":"NS22","station_name":"Orchard","exit_code":"3","source":"gtfs_stops"}},{"type":"Feature","geometry":{"type":"Point","coordinates":[103.83204,1.30456]},"properties":{"station_id":"NS22","stop_code":"NS22","station_name":"Orchard","exit_code":"4","source":"gtfs_stops"}},{"type":"Feature","geometry":{"type":"Point","coordinates":[103.832024,1.303945]},"properties":{"station_id":"NS22","stop_code":"NS22","station_name":"Orchard","exit_code":"5","source":"gtfs_stops"}},{"type":"Feature","geometry":{"type":"Point","coordinates":[103.832321,1.303648]},"properties":{"station_id":"NS22","stop_code":"NS22","station_name":"Orchard","exit_code":"6","source":"gtfs_stops"}},{"type":"Feature","geometry":{"type":"Point","coordinates":[103.832172,1.303168]},"properties":{"station_id":"NS22","stop_code":"NS22","station_name":"Orchard","exit_code":"7","source":"gtfs_stops"}},{"type":"Feature","geometry":{"type":"Point","coordinates":[103.831786,1.303446]},"properties":{"station_id":"NS22","stop_code":"NS22","station_name":"Orchard","exit_code":"8","source":"gtfs_stops"}},{"type":"Feature","geometry":{"type":"Point","coordinates":[103.831507,1.303666]},"properties":{"station_id":"NS22","stop_code":"NS22","station_name":"Orchard","exit_code":"9","source":"gtfs_stops"}},{"type":"Feature","geometry":{"type":"Point","coordinates":[103.838399,1.300028]},"properties":{"station_id":"NS23","stop_code":"NS23","station_name":"Somerset","exit_code":"A","source":"gtfs_stops"}},{"type":"Feature","geometry":{"type":"Point","coordinates":[103.838459,1.300767]},"properties":{"station_id":"NS23","stop_code":"NS23","station_name":"Somerset","exit_code":"B","source":"gtfs_stops"}},{"type":"Feature","geometry":{"type":"Point","coordinates":[103.838766,1.300436]},"properties":{"station_id":"NS23","stop_code":"NS23","station_name":"Somerset","exit_code":"C","source":"gtfs_stops"}},{"type":"Feature","geometry":{"type":"Point","coordinates":[103.839734,1.300241]},"properties":{"station_id":"NS23","stop_code":"NS23","station_name":"Somerset","exit_code":"D","source":"gtfs_stops"}},{"type":"Feature","geometry":{"type":"Point","coordinates":[103.846788,1.298445]},"properties":{"station_id":"NS24","stop_code":"NS24","station_name":"Dhoby Ghaut","exit_code":"A","source":"gtfs_stops"}},{"type":"Feature","geometry":{"type":"Point","coordinates":[103.84523,1.299056]},"properties":{"station_id":"NS24","stop_code":"NS24","station_name":"Dhoby Ghaut","exit_code":"B","source":"gtfs_stops"}},{"type":"Feature","geometry":{"type":"Point","coordinates":[103.844748,1.299649]},"properties":{"station_id":"NS24","stop_code":"NS24","station_name":"Dhoby Ghaut","exit_code":"C","source":"gtfs_stops"}},{"type":"Feature","geometry":{"type":"Point","coordinates":[103.84503,1.299931]},"properties":{"station_id":"NS24","stop_code":"NS24","station_name":"Dhoby Ghaut","exit_code":"D","source":"gtfs_stops"}},{"type":"Feature","geometry":{"type":"Point","coordinates":[103.845372,1.299748]},"properties":{"station_id":"NS24","stop_code":"NS24","station_name":"Dhoby Ghaut","exit_code":"E","source":"gtfs_stops"}},{"type":"Feature","geometry":{"type":"Point","coordinates":[103.845842,1.299635]},"properties":{"station_id":"NS24","stop_code":"NS24","station_name":"Dhoby Ghaut","exit_code":"F","source":"gtfs_stops"}},{"type":"Feature","geometry":{"type":"Point","coordinates":[103.86233,1.27053]},"properties":{"station_id":"NS28","stop_code":"NS28","station_name":"Marina South Pier","exit_code":"A","source":"gtfs_stops"}},{"type":"Feature","geometry":{"type":"Point","coordinates":[103.86358,1.271438]},"properties":{"station_id":"NS28","stop_code":"NS28","station_name":"Marina South Pier","exit_code":"B","source":"gtfs_stops"}},{"type":"Feature","geometry":{"type":"Point","coordinates":[103.752076,1.35907]},"properties":{"station_id":"NS3","stop_code":"NS3","station_name":"Bukit Gombak","exit_code":"A","source":"gtfs_stops"}},{"type":"Feature","geometry":{"type":"Point","coordinates":[103.752093,1.358695]},"properties":{"station_id":"NS3","stop_code":"NS3","station_name":"Bukit Gombak","exit_code":"B","source":"gtfs_stops"}},{"type":"Feature","geometry":{"type":"Point","coordinates":[103.751727,1.359065]},"properties":{"station_id":"NS3","stop_code":"NS3","station_name":"Bukit Gombak","exit_code":"C","source":"gtfs_stops"}},{"type":"Feature","geometry":{"type":"Point","coordinates":[103.751951,1.359298]},"properties":{"station_id":"NS3","stop_code":"NS3","station_name":"Bukit Gombak","exit_code":"D","source":"gtfs_stops"}},{"type":"Feature","geometry":{"type":"Point","coordinates":[103.744557,1.385431]},"properties":{"station_id":"NS4","stop_code":"NS4","station_name":"Choa Chu Kang","exit_code":"A","source":"gtfs_stops"}},{"type":"Feature","geometry":{"type":"Point","coordinates":[103.74447,1.3846]},"properties":{"station_id":"NS4","stop_code":"NS4","station_name":"Choa Chu Kang","exit_code":"B","source":"gtfs_stops"}},{"type":"Feature","geometry":{"type":"Point","coordinates":[103.744518,1.385736]},"properties":{"station_id":"NS4","stop_code":"NS4","station_name":"Choa Chu Kang","exit_code":"C","source":"gtfs_stops"}},{"type":"Feature","geometry":{"type":"Point","coordinates":[103.74411,1.38537]},"properties":{"station_id":"NS4","stop_code":"NS4","station_name":"Choa Chu Kang","exit_code":"D","source":"gtfs_stops"}},{"type":"Feature","geometry":{"type":"Point","coordinates":[103.747195,1.397655]},"properties":{"station_id":"NS5","stop_code":"NS5","station_name":"Yew Tee","exit_code":"A","source":"gtfs_stops"}},{"type":"Feature","geometry":{"type":"Point","coordinates":[103.74733,1.398068]},"properties":{"station_id":"NS5","stop_code":"NS5","station_name":"Yew Tee","exit_code":"B","source":"gtfs_stops"}},{"type":"Feature","geometry":{"type":"Point","coordinates":[103.747432,1.397001]},"properties":{"station_id":"NS5","stop_code":"NS5","station_name":"Yew Tee","exit_code":"C","source":"gtfs_stops"}},{"type":"Feature","geometry":{"type":"Point","coordinates":[103.747111,1.397273]},"properties":{"station_id":"NS5","stop_code":"NS5","station_name":"Yew Tee","exit_code":"D","source":"gtfs_stops"}},{"type":"Feature","geometry":{"type":"Point","coordinates":[103.762018,1.424739]},"properties":{"station_id":"NS7","stop_code":"NS7","station_name":"Kranji","exit_code":"A","source":"gtfs_stops"}},{"type":"Feature","geometry":{"type":"Point","coordinates":[103.761941,1.424853]},"properties":{"station_id":"NS7","stop_code":"NS7","station_name":"Kranji","exit_code":"B","source":"gtfs_stops"}},{"type":"Feature","geometry":{"type":"Point","coordinates":[103.761755,1.425126]},"properties":{"station_id":"NS7","stop_code":"NS7","station_name":"Kranji","exit_code":"C","source":"gtfs_stops"}},{"type":"Feature","geometry":{"type":"Point","coordinates":[103.762497,1.425125]},"properties":{"station_id":"NS7","stop_code":"NS7","station_name":"Kranji","exit_code":"D","source":"gtfs_stops"}},{"type":"Feature","geometry":{"type":"Point","coordinates":[103.77421,1.432802]},"properties":{"station_id":"NS8","stop_code":"NS8","station_name":"Marsiling","exit_code":"A","source":"gtfs_stops"}},{"type":"Feature","geometry":{"type":"Point","coordinates":[103.774411,1.432751]},"properties":{"station_id":"NS8","stop_code":"NS8","station_name":"Marsiling","exit_code":"B","source":"gtfs_stops"}},{"type":"Feature","geometry":{"type":"Point","coordinates":[103.77382,1.43247]},"properties":{"station_id":"NS8","stop_code":"NS8","station_name":"Marsiling","exit_code":"C","source":"gtfs_stops"}},{"type":"Feature","geometry":{"type":"Point","coordinates":[103.773997,1.432751]},"properties":{"station_id":"NS8","stop_code":"NS8","station_name":"Marsiling","exit_code":"D","source":"gtfs_stops"}},{"type":"Feature","geometry":{"type":"Point","coordinates":[103.785736,1.436697]},"properties":{"station_id":"NS9","stop_code":"NS9","station_name":"Woodlands","exit_code":"1","source":"gtfs_stops"}},{"type":"Feature","geometry":{"type":"Point","coordinates":[103.786508,1.436673]},"properties":{"station_id":"NS9","stop_code":"NS9","station_name":"Woodlands","exit_code":"2","source":"gtfs_stops"}},{"type":"Feature","geometry":{"type":"Point","coordinates":[103.787108,1.437243]},"properties":{"station_id":"NS9","stop_code":"NS9","station_name":"Woodlands","exit_code":"3","source":"gtfs_stops"}},{"type":"Feature","geometry":{"type":"Point","coordinates":[103.788005,1.43754]},"properties":{"station_id":"NS9","stop_code":"NS9","station_name":"Woodlands","exit_code":"4","source":"gtfs_stops"}},{"type":"Feature","geometry":{"type":"Point","coordinates":[103.788964,1.435844]},"properties":{"station_id":"NS9","stop_code":"NS9","station_name":"Woodlands","exit_code":"5","source":"gtfs_stops"}},{"type":"Feature","geometry":{"type":"Point","coordinates":[103.789089,1.434815]},"properties":{"station_id":"NS9","stop_code":"NS9","station_name":"Woodlands","exit_code":"6","source":"gtfs_stops"}},{"type":"Feature","geometry":{"type":"Point","coordinates":[103.787977,1.434496]},"properties":{"station_id":"NS9","stop_code":"NS9","station_name":"Woodlands","exit_code":"7","source":"gtfs_stops"}},{"type":"Feature","geometry":{"type":"Point","coordinates":[103.905929,1.399124]},"properties":{"station_id":"PE1","stop_code":"PE1","station_name":"Cove","exit_code":"A","source":"gtfs_stops"}},{"type":"Feature","geometry":{"type":"Point","coordinates":[103.906176,1.399303]},"properties":{"station_id":"PE1","stop_code":"PE1","station_name":"Cove","exit_code":"B","source":"gtfs_stops"}},{"type":"Feature","geometry":{"type":"Point","coordinates":[103.908966,1.396681]},"properties":{"station_id":"PE2","stop_code":"PE2","station_name":"Meridian","exit_code":"A","source":"gtfs_stops"}},{"type":"Feature","geometry":{"type":"Point","coordinates":[103.908869,1.397122]},"properties":{"station_id":"PE2","stop_code":"PE2","station_name":"Meridian","exit_code":"B","source":"gtfs_stops"}},{"type":"Feature","geometry":{"type":"Point","coordinates":[103.912652,1.393685]},"properties":{"station_id":"PE3","stop_code":"PE3","station_name":"Coral Edge","exit_code":"A","source":"gtfs_stops"}},{"type":"Feature","geometry":{"type":"Point","coordinates":[103.912709,1.393971]},"properties":{"station_id":"PE3","stop_code":"PE3","station_name":"Coral Edge","exit_code":"B","source":"gtfs_stops"}},{"type":"Feature","geometry":{"type":"Point","coordinates":[103.916263,1.394326]},"properties":{"station_id":"PE4","stop_code":"PE4","station_name":"Riviera","exit_code":"A","source":"gtfs_stops"}},{"type":"Feature","geometry":{"type":"Point","coordinates":[103.915936,1.394559]},"properties":{"station_id":"PE4","stop_code":"PE4","station_name":"Riviera","exit_code":"B","source":"gtfs_stops"}},{"type":"Feature","geometry":{"type":"Point","coordinates":[103.916387,1.399809]},"properties":{"station_id":"PE5","stop_code":"PE5","station_name":"Kadaloor","exit_code":"A","source":"gtfs_stops"}},{"type":"Feature","geometry":{"type":"Point","coordinates":[103.916517,1.399411]},"properties":{"station_id":"PE5","stop_code":"PE5","station_name":"Kadaloor","exit_code":"B","source":"gtfs_stops"}},{"type":"Feature","geometry":{"type":"Point","coordinates":[103.912646,1.402507]},"properties":{"station_id":"PE6","stop_code":"PE6","station_name":"Oasis","exit_code":"A","source":"gtfs_stops"}},{"type":"Feature","geometry":{"type":"Point","coordinates":[103.912755,1.402104]},"properties":{"station_id":"PE6","stop_code":"PE6","station_name":"Oasis","exit_code":"B","source":"gtfs_stops"}},{"type":"Feature","geometry":{"type":"Point","coordinates":[103.908792,1.405285]},"properties":{"station_id":"PE7","stop_code":"PE7","station_name":"Damai","exit_code":"A","source":"gtfs_stops"}},{"type":"Feature","geometry":{"type":"Point","coordinates":[103.908614,1.405046]},"properties":{"station_id":"PE7","stop_code":"PE7","station_name":"Damai","exit_code":"B","source":"gtfs_stops"}},{"type":"Feature","geometry":{"type":"Point","coordinates":[103.905039,1.409703]},"properties":{"station_id":"PW1","stop_code":"PW1","station_name":"Sam Kee","exit_code":"A","source":"gtfs_stops"}},{"type":"Feature","geometry":{"type":"Point","coordinates":[103.904792,1.409828]},"properties":{"station_id":"PW1","stop_code":"PW1","station_name":"Sam Kee","exit_code":"B","source":"gtfs_stops"}},{"type":"Feature","geometry":{"type":"Point","coordinates":[103.906781,1.412876]},"properties":{"station_id":"PW2","stop_code":"PW2","station_name":"Teck Lee","exit_code":"A","source":"gtfs_stops"}},{"type":"Feature","geometry":{"type":"Point","coordinates":[103.906511,1.412929]},"properties":{"station_id":"PW2","stop_code":"PW2","station_name":"Teck Lee","exit_code":"B","source":"gtfs_stops"}},{"type":"Feature","geometry":{"type":"Point","coordinates":[103.906818,1.416915]},"properties":{"station_id":"PW3","stop_code":"PW3","station_name":"Punggol Point","exit_code":"A","source":"gtfs_stops"}},{"type":"Feature","geometry":{"type":"Point","coordinates":[103.906693,1.416664]},"properties":{"station_id":"PW3","stop_code":"PW3","station_name":"Punggol Point","exit_code":"B","source":"gtfs_stops"}},{"type":"Feature","geometry":{"type":"Point","coordinates":[103.901911,1.415865]},"properties":{"station_id":"PW4","stop_code":"PW4","station_name":"Samudera","exit_code":"A","source":"gtfs_stops"}},{"type":"Feature","geometry":{"type":"Point","coordinates":[103.902362,1.415906]},"properties":{"station_id":"PW4","stop_code":"PW4","station_name":"Samudera","exit_code":"B","source":"gtfs_stops"}},{"type":"Feature","geometry":{"type":"Point","coordinates":[103.900074,1.411773]},"properties":{"station_id":"PW5","stop_code":"PW5","station_name":"Nibong","exit_code":"A","source":"gtfs_stops"}},{"type":"Feature","geometry":{"type":"Point","coordinates":[103.900532,1.41191]},"properties":{"station_id":"PW5","stop_code":"PW5","station_name":"Nibong","exit_code":"B","source":"gtfs_stops"}},{"type":"Feature","geometry":{"type":"Point","coordinates":[103.898336,1.408368]},"properties":{"station_id":"PW6","stop_code":"PW6","station_name":"Sumang","exit_code":"A","source":"gtfs_stops"}},{"type":"Feature","geometry":{"type":"Point","coordinates":[103.898757,1.408488]},"properties":{"station_id":"PW6","stop_code":"PW6","station_name":"Sumang","exit_code":"B","source":"gtfs_stops"}},{"type":"Feature","geometry":{"type":"Point","coordinates":[103.89703,1.405015]},"properties":{"station_id":"PW7","stop_code":"PW7","station_name":"Soo Teck","exit_code":"A","source":"gtfs_stops"}},{"type":"Feature","geometry":{"type":"Point","coordinates":[103.897409,1.405245]},"properties":{"station_id":"PW7","stop_code":"PW7","station_name":"Soo Teck","exit_code":"B","source":"gtfs_stops"}},{"type":"Feature","geometry":{"type":"Point","coordinates":[103.900616,1.394328]},"properties":{"station_id":"SE1","stop_code":"SE1","station_name":"Compassvale","exit_code":"A","source":"gtfs_stops"}},{"type":"Feature","geometry":{"type":"Point","coordinates":[103.900707,1.394534]},"properties":{"station_id":"SE1","stop_code":"SE1","station_name":"Compassvale","exit_code":"B","source":"gtfs_stops"}},{"type":"Feature","geometry":{"type":"Point","coordinates":[103.906019,1.39134]},"properties":{"station_id":"SE2","stop_code":"SE2","station_name":"Rumbia","exit_code":"A","source":"gtfs_stops"}},{"type":"Feature","geometry":{"type":"Point","coordinates":[103.906106,1.391414]},"properties":{"station_id":"SE2","stop_code":"SE2","station_name":"Rumbia","exit_code":"B","source":"gtfs_stops"}},{"type":"Feature","geometry":{"type":"Point","coordinates":[103.905446,1.388185]},"properties":{"station_id":"SE3","stop_code":"SE3","station_name":"Bakau","exit_code":"A","source":"gtfs_stops"}},{"type":"Feature","geometry":{"type":"Point","coordinates":[103.905482,1.387841]},"properties":{"station_id":"SE3","stop_code":"SE3","station_name":"Bakau","exit_code":"B","source":"gtfs_stops"}},{"type":"Feature","geometry":{"type":"Point","coordinates":[103.902148,1.384075]},"properties":{"station_id":"SE4","stop_code":"SE4","station_name":"Kangkar","exit_code":"A","source":"gtfs_stops"}},{"type":"Feature","geometry":{"type":"Point","coordinates":[103.902276,1.383765]},"properties":{"station_id":"SE4","stop_code":"SE4","station_name":"Kangkar","exit_code":"B","source":"gtfs_stops"}},{"type":"Feature","geometry":{"type":"Point","coordinates":[103.897322,1.384176]},"properties":{"station_id":"SE5","stop_code":"SE5","station_name":"Ranggung","exit_code":"A","source":"gtfs_stops"}},{"type":"Feature","geometry":{"type":"Point","coordinates":[103.897224,1.384105]},"properties":{"station_id":"SE5","stop_code":"SE5","station_name":"Ranggung","exit_code":"B","source":"gtfs_stops"}},{"type":"Feature","geometry":{"type":"Point","coordinates":[103.893685,1.396373]},"properties":{"station_id":"SW1","stop_code":"SW1","station_name":"Cheng Lim","exit_code":"A","source":"gtfs_stops"}},{"type":"Feature","geometry":{"type":"Point","coordinates":[103.89392,1.396187]},"properties":{"station_id":"SW1","stop_code":"SW1","station_name":"Cheng Lim","exit_code":"B","source":"gtfs_stops"}},{"type":"Feature","geometry":{"type":"Point","coordinates":[103.889407,1.3972]},"properties":{"station_id":"SW2","stop_code":"SW2","station_name":"Farmway","exit_code":"A","source":"gtfs_stops"}},{"type":"Feature","geometry":{"type":"Point","coordinates":[103.889115,1.397133]},"properties":{"station_id":"SW2","stop_code":"SW2","station_name":"Farmway","exit_code":"B","source":"gtfs_stops"}},{"type":"Feature","geometry":{"type":"Point","coordinates":[103.881139,1.398284]},"properties":{"station_id":"SW3","stop_code":"SW3","station_name":"Kupang","exit_code":"A","source":"gtfs_stops"}},{"type":"Feature","geometry":{"type":"Point","coordinates":[103.881138,1.398159]},"properties":{"station_id":"SW3","stop_code":"SW3","station_name":"Kupang","exit_code":"B","source":"gtfs_stops"}},{"type":"Feature","geometry":{"type":"Point","coordinates":[103.875566,1.397198]},"properties":{"station_id":"SW4","stop_code":"SW4","station_name":"Thanggam","exit_code":"A","source":"gtfs_stops"}},{"type":"Feature","geometry":{"type":"Point","coordinates":[103.875687,1.397192]},"properties":{"station_id":"SW4","stop_code":"SW4","station_name":"Thanggam","exit_code":"B","source":"gtfs_stops"}},{"type":"Feature","geometry":{"type":"Point","coordinates":[103.876262,1.392158]},"properties":{"station_id":"SW5","stop_code":"SW5","station_name":"Fernvale","exit_code":"A","source":"gtfs_stops"}},{"type":"Feature","geometry":{"type":"Point","coordinates":[103.88016,1.392026]},"properties":{"station_id":"SW6","stop_code":"SW6","station_name":"Layar","exit_code":"A","source":"gtfs_stops"}},{"type":"Feature","geometry":{"type":"Point","coordinates":[103.880143,1.392145]},"properties":{"station_id":"SW6","stop_code":"SW6","station_name":"Layar","exit_code":"B","source":"gtfs_stops"}},{"type":"Feature","geometry":{"type":"Point","coordinates":[103.885962,1.38918]},"properties":{"station_id":"SW7","stop_code":"SW7","station_name":"Tongkang","exit_code":"A","source":"gtfs_stops"}},{"type":"Feature","geometry":{"type":"Point","coordinates":[103.886084,1.389379]},"properties":{"station_id":"SW7","stop_code":"SW7","station_name":"Tongkang","exit_code":"B","source":"gtfs_stops"}},{"type":"Feature","geometry":{"type":"Point","coordinates":[103.890409,1.386698]},"properties":{"station_id":"SW8","stop_code":"SW8","station_name":"Renjong","exit_code":"A","source":"gtfs_stops"}},{"type":"Feature","geometry":{"type":"Point","coordinates":[103.890438,1.386814]},"properties":{"station_id":"SW8","stop_code":"SW8","station_name":"Renjong","exit_code":"B","source":"gtfs_stops"}},{"type":"Feature","geometry":{"type":"Point","coordinates":[103.785429,1.447937]},"properties":{"station_id":"TE1","stop_code":"TE1","station_name":"Woodlands North","exit_code":"1","source":"gtfs_stops"}},{"type":"Feature","geometry":{"type":"Point","coordinates":[103.785102,1.449047]},"properties":{"station_id":"TE1","stop_code":"TE1","station_name":"Woodlands North","exit_code":"2","source":"gtfs_stops"}},{"type":"Feature","geometry":{"type":"Point","coordinates":[103.819484,1.306936]},"properties":{"station_id":"TE12","stop_code":"TE12","station_name":"Napier","exit_code":"1","source":"gtfs_stops"}},{"type":"Feature","geometry":{"type":"Point","coordinates":[103.819507,1.306345]},"properties":{"station_id":"TE12","stop_code":"TE12","station_name":"Napier","exit_code":"2","source":"gtfs_stops"}},{"type":"Feature","geometry":{"type":"Point","coordinates":[103.823638,1.303624]},"properties":{"station_id":"TE13","stop_code":"TE13","station_name":"Orchard Boulevard","exit_code":"1","source":"gtfs_stops"}},{"type":"Feature","geometry":{"type":"Point","coordinates":[103.823896,1.302463]},"properties":{"station_id":"TE13","stop_code":"TE13","station_name":"Orchard Boulevard","exit_code":"2","source":"gtfs_stops"}},{"type":"Feature","geometry":{"type":"Point","coordinates":[103.833905,1.293321]},"properties":{"station_id":"TE15","stop_code":"TE15","station_name":"Great World","exit_code":"1","source":"gtfs_stops"}},{"type":"Feature","geometry":{"type":"Point","coordinates":[103.832627,1.292869]},"properties":{"station_id":"TE15","stop_code":"TE15","station_name":"Great World","exit_code":"2","source":"gtfs_stops"}},{"type":"Feature","geometry":{"type":"Point","coordinates":[103.832734,1.29382]},"properties":{"station_id":"TE15","stop_code":"TE15","station_name":"Great World","exit_code":"3","source":"gtfs_stops"}},{"type":"Feature","geometry":{"type":"Point","coordinates":[103.833037,1.29603]},"properties":{"station_id":"TE15","stop_code":"TE15","station_name":"Great World","exit_code":"4","source":"gtfs_stops"}},{"type":"Feature","geometry":{"type":"Point","coordinates":[103.833405,1.296553]},"properties":{"station_id":"TE15","stop_code":"TE15","station_name":"Great World","exit_code":"5","source":"gtfs_stops"}},{"type":"Feature","geometry":{"type":"Point","coordinates":[103.832841,1.293184]},"properties":{"station_id":"TE15","stop_code":"TE15","station_name":"Great World","exit_code":"6","source":"gtfs_stops"}},{"type":"Feature","geometry":{"type":"Point","coordinates":[103.83384,1.286677]},"properties":{"station_id":"TE16","stop_code":"TE16","station_name":"Havelock","exit_code":"1","source":"gtfs_stops"}},{"type":"Feature","geometry":{"type":"Point","coordinates":[103.833495,1.286944]},"properties":{"station_id":"TE16","stop_code":"TE16","station_name":"Havelock","exit_code":"2","source":"gtfs_stops"}},{"type":"Feature","geometry":{"type":"Point","coordinates":[103.83337,1.288844]},"properties":{"station_id":"TE16","stop_code":"TE16","station_name":"Havelock","exit_code":"3","source":"gtfs_stops"}},{"type":"Feature","geometry":{"type":"Point","coordinates":[103.834003,1.290167]},"properties":{"station_id":"TE16","stop_code":"TE16","station_name":"Havelock","exit_code":"4","source":"gtfs_stops"}},{"type":"Feature","geometry":{"type":"Point","coordinates":[103.833962,1.289561]},"properties":{"station_id":"TE16","stop_code":"TE16","station_name":"Havelock","exit_code":"5","source":"gtfs_stops"}},{"type":"Feature","geometry":{"type":"Point","coordinates":[103.844164,1.281034]},"properties":{"station_id":"TE18","stop_code":"TE18","station_name":"Maxwell","exit_code":"1","source":"gtfs_stops"}},{"type":"Feature","geometry":{"type":"Point","coordinates":[103.844896,1.280919]},"properties":{"station_id":"TE18","stop_code":"TE18","station_name":"Maxwell","exit_code":"2","source":"gtfs_stops"}},{"type":"Feature","geometry":{"type":"Point","coordinates":[103.842916,1.280192]},"properties":{"station_id":"TE18","stop_code":"TE18","station_name":"Maxwell","exit_code":"3","source":"gtfs_stops"}},{"type":"Feature","geometry":{"type":"Point","coordinates":[103.851836,1.277462]},"properties":{"station_id":"TE19","stop_code":"TE19","station_name":"Shenton Way","exit_code":"1","source":"gtfs_stops"}},{"type":"Feature","geometry":{"type":"Point","coordinates":[103.850915,1.277003]},"properties":{"station_id":"TE19","stop_code":"TE19","station_name":"Shenton Way","exit_code":"2","source":"gtfs_stops"}},{"type":"Feature","geometry":{"type":"Point","coordinates":[103.850129,1.27763]},"properties":{"station_id":"TE19","stop_code":"TE19","station_name":"Shenton Way","exit_code":"3","source":"gtfs_stops"}},{"type":"Feature","geometry":{"type":"Point","coordinates":[103.851034,1.277656]},"properties":{"station_id":"TE19","stop_code":"TE19","station_name":"Shenton Way","exit_code":"4","source":"gtfs_stops"}},{"type":"Feature","geometry":{"type":"Point","coordinates":[103.851808,1.277144]},"properties":{"station_id":"TE19","stop_code":"TE19","station_name":"Shenton Way","exit_code":"5","source":"gtfs_stops"}},{"type":"Feature","geometry":{"type":"Point","coordinates":[103.849893,1.277929]},"properties":{"station_id":"TE19","stop_code":"TE19","station_name":"Shenton Way","exit_code":"6","source":"gtfs_stops"}},{"type":"Feature","geometry":{"type":"Point","coordinates":[103.868587,1.280371]},"properties":{"station_id":"TE22","stop_code":"TE22","station_name":"Gardens by the Bay","exit_code":"1","source":"gtfs_stops"}},{"type":"Feature","geometry":{"type":"Point","coordinates":[103.867969,1.278826]},"properties":{"station_id":"TE22","stop_code":"TE22","station_name":"Gardens by the Bay","exit_code":"2","source":"gtfs_stops"}},{"type":"Feature","geometry":{"type":"Point","coordinates":[103.867154,1.278303]},"properties":{"station_id":"TE22","stop_code":"TE22","station_name":"Gardens by the Bay","exit_code":"3","source":"gtfs_stops"}},{"type":"Feature","geometry":{"type":"Point","coordinates":[103.873478,1.296459]},"properties":{"station_id":"TE23","stop_code":"TE23","station_name":"Tanjong Rhu","exit_code":"1","source":"gtfs_stops"}},{"type":"Feature","geometry":{"type":"Point","coordinates":[103.873603,1.2982]},"properties":{"station_id":"TE23","stop_code":"TE23","station_name":"Tanjong Rhu","exit_code":"2","source":"gtfs_stops"}},{"type":"Feature","geometry":{"type":"Point","coordinates":[103.887092,1.297539]},"properties":{"station_id":"TE24","stop_code":"TE24","station_name":"Katong Park","exit_code":"1","source":"gtfs_stops"}},{"type":"Feature","geometry":{"type":"Point","coordinates":[103.885069,1.29838]},"properties":{"station_id":"TE24","stop_code":"TE24","station_name":"Katong Park","exit_code":"2","source":"gtfs_stops"}},{"type":"Feature","geometry":{"type":"Point","coordinates":[103.897046,1.299039]},"properties":{"station_id":"TE25","stop_code":"TE25","station_name":"Tanjong Katong","exit_code":"1","source":"gtfs_stops"}},{"type":"Feature","geometry":{"type":"Point","coordinates":[103.897693,1.299016]},"properties":{"station_id":"TE25","stop_code":"TE25","station_name":"Tanjong Katong","exit_code":"2","source":"gtfs_stops"}},{"type":"Feature","geometry":{"type":"Point","coordinates":[103.897715,1.300229]},"properties":{"station_id":"TE25","stop_code":"TE25","station_name":"Tanjong Katong","exit_code":"3","source":"gtfs_stops"}},{"type":"Feature","geometry":{"type":"Point","coordinates":[103.90591,1.302093]},"properties":{"station_id":"TE26","stop_code":"TE26","station_name":"Marine Parade","exit_code":"1","source":"gtfs_stops"}},{"type":"Feature","geometry":{"type":"Point","coordinates":[103.904591,1.302532]},"properties":{"station_id":"TE26","stop_code":"TE26","station_name":"Marine Parade","exit_code":"2","source":"gtfs_stops"}},{"type":"Feature","geometry":{"type":"Point","coordinates":[103.906053,1.303594]},"properties":{"station_id":"TE26","stop_code":"TE26","station_name":"Marine Parade","exit_code":"3","source":"gtfs_stops"}},{"type":"Feature","geometry":{"type":"Point","coordinates":[103.907628,1.304566]},"properties":{"station_id":"TE26","stop_code":"TE26","station_name":"Marine Parade","exit_code":"4","source":"gtfs_stops"}},{"type":"Feature","geometry":{"type":"Point","coordinates":[103.909094,1.30558]},"properties":{"station_id":"TE26","stop_code":"TE26","station_name":"Marine Parade","exit_code":"5","source":"gtfs_stops"}},{"type":"Feature","geometry":{"type":"Point","coordinates":[103.907788,1.304299]},"properties":{"station_id":"TE26","stop_code":"TE26","station_name":"Marine Parade","exit_code":"6","source":"gtfs_stops"}},{"type":"Feature","geometry":{"type":"Point","coordinates":[103.915052,1.306399]},"properties":{"station_id":"TE27","stop_code":"TE27","station_name":"Marine Terrace","exit_code":"1","source":"gtfs_stops"}},{"type":"Feature","geometry":{"type":"Point","coordinates":[103.913253,1.305789]},"properties":{"station_id":"TE27","stop_code":"TE27","station_name":"Marine Terrace","exit_code":"2","source":"gtfs_stops"}},{"type":"Feature","geometry":{"type":"Point","coordinates":[103.913087,1.306579]},"properties":{"station_id":"TE27","stop_code":"TE27","station_name":"Marine Terrace","exit_code":"3","source":"gtfs_stops"}},{"type":"Feature","geometry":{"type":"Point","coordinates":[103.91502,1.306895]},"properties":{"station_id":"TE27","stop_code":"TE27","station_name":"Marine Terrace","exit_code":"4","source":"gtfs_stops"}},{"type":"Feature","geometry":{"type":"Point","coordinates":[103.917089,1.307438]},"properties":{"station_id":"TE27","stop_code":"TE27","station_name":"Marine Terrace","exit_code":"5","source":"gtfs_stops"}},{"type":"Feature","geometry":{"type":"Point","coordinates":[103.916945,1.307063]},"properties":{"station_id":"TE27","stop_code":"TE27","station_name":"Marine Terrace","exit_code":"6","source":"gtfs_stops"}},{"type":"Feature","geometry":{"type":"Point","coordinates":[103.928793,1.30885]},"properties":{"station_id":"TE28","stop_code":"TE28","station_name":"Siglap","exit_code":"1","source":"gtfs_stops"}},{"type":"Feature","geometry":{"type":"Point","coordinates":[103.928586,1.309777]},"properties":{"station_id":"TE28","stop_code":"TE28","station_name":"Siglap","exit_code":"2","source":"gtfs_stops"}},{"type":"Feature","geometry":{"type":"Point","coordinates":[103.931246,1.310589]},"properties":{"station_id":"TE28","stop_code":"TE28","station_name":"Siglap","exit_code":"3","source":"gtfs_stops"}},{"type":"Feature","geometry":{"type":"Point","coordinates":[103.931291,1.310202]},"properties":{"station_id":"TE28","stop_code":"TE28","station_name":"Siglap","exit_code":"4","source":"gtfs_stops"}},{"type":"Feature","geometry":{"type":"Point","coordinates":[103.941262,1.311899]},"properties":{"station_id":"TE29","stop_code":"TE29","station_name":"Bayshore","exit_code":"1","source":"gtfs_stops"}},{"type":"Feature","geometry":{"type":"Point","coordinates":[103.940674,1.312184]},"properties":{"station_id":"TE29","stop_code":"TE29","station_name":"Bayshore","exit_code":"2","source":"gtfs_stops"}},{"type":"Feature","geometry":{"type":"Point","coordinates":[103.940721,1.313568]},"properties":{"station_id":"TE29","stop_code":"TE29","station_name":"Bayshore","exit_code":"3","source":"gtfs_stops"}},{"type":"Feature","geometry":{"type":"Point","coordinates":[103.942676,1.313526]},"properties":{"station_id":"TE29","stop_code":"TE29","station_name":"Bayshore","exit_code":"4","source":"gtfs_stops"}},{"type":"Feature","geometry":{"type":"Point","coordinates":[103.942584,1.312897]},"properties":{"station_id":"TE29","stop_code":"TE29","station_name":"Bayshore","exit_code":"5","source":"gtfs_stops"}},{"type":"Feature","geometry":{"type":"Point","coordinates":[103.793027,1.427302]},"properties":{"station_id":"TE3","stop_code":"TE3","station_name":"Woodlands South","exit_code":"1","source":"gtfs_stops"}},{"type":"Feature","geometry":{"type":"Point","coordinates":[103.793414,1.427605]},"properties":{"station_id":"TE3","stop_code":"TE3","station_name":"Woodlands South","exit_code":"2","source":"gtfs_stops"}},{"type":"Feature","geometry":{"type":"Point","coordinates":[103.794561,1.427427]},"properties":{"station_id":"TE3","stop_code":"TE3","station_name":"Woodlands South","exit_code":"3","source":"gtfs_stops"}},{"type":"Feature","geometry":{"type":"Point","coordinates":[103.794424,1.426684]},"properties":{"station_id":"TE3","stop_code":"TE3","station_name":"Woodlands South","exit_code":"4","source":"gtfs_stops"}},{"type":"Feature","geometry":{"type":"Point","coordinates":[103.794365,1.425843]},"properties":{"station_id":"TE3","stop_code":"TE3","station_name":"Woodlands South","exit_code":"5","source":"gtfs_stops"}},{"type":"Feature","geometry":{"type":"Point","coordinates":[103.818003,1.398787]},"properties":{"station_id":"TE4","stop_code":"TE4","station_name":"Springleaf","exit_code":"1","source":"gtfs_stops"}},{"type":"Feature","geometry":{"type":"Point","coordinates":[103.818391,1.397821]},"properties":{"station_id":"TE4","stop_code":"TE4","station_name":"Springleaf","exit_code":"2","source":"gtfs_stops"}},{"type":"Feature","geometry":{"type":"Point","coordinates":[103.818082,1.397684]},"properties":{"station_id":"TE4","stop_code":"TE4","station_name":"Springleaf","exit_code":"3","source":"gtfs_stops"}},{"type":"Feature","geometry":{"type":"Point","coordinates":[103.83536,1.38541]},"properties":{"station_id":"TE5","stop_code":"TE5","station_name":"Lentor","exit_code":"1","source":"gtfs_stops"}},{"type":"Feature","geometry":{"type":"Point","coordinates":[103.835824,1.385891]},"properties":{"station_id":"TE5","stop_code":"TE5","station_name":"Lentor","exit_code":"2","source":"gtfs_stops"}},{"type":"Feature","geometry":{"type":"Point","coordinates":[103.837398,1.384602]},"properties":{"station_id":"TE5","stop_code":"TE5","station_name":"Lentor","exit_code":"3","source":"gtfs_stops"}},{"type":"Feature","geometry":{"type":"Point","coordinates":[103.837339,1.383628]},"properties":{"station_id":"TE5","stop_code":"TE5","station_name":"Lentor","exit_code":"4","source":"gtfs_stops"}},{"type":"Feature","geometry":{"type":"Point","coordinates":[103.836839,1.384162]},"properties":{"station_id":"TE5","stop_code":"TE5","station_name":"Lentor","exit_code":"5","source":"gtfs_stops"}},{"type":"Feature","geometry":{"type":"Point","coordinates":[103.836717,1.372704]},"properties":{"station_id":"TE6","stop_code":"TE6","station_name":"Mayflower","exit_code":"1","source":"gtfs_stops"}},{"type":"Feature","geometry":{"type":"Point","coordinates":[103.837032,1.37372]},"properties":{"station_id":"TE6","stop_code":"TE6","station_name":"Mayflower","exit_code":"2","source":"gtfs_stops"}},{"type":"Feature","geometry":{"type":"Point","coordinates":[103.837461,1.373532]},"properties":{"station_id":"TE6","stop_code":"TE6","station_name":"Mayflower","exit_code":"3","source":"gtfs_stops"}},{"type":"Feature","geometry":{"type":"Point","coordinates":[103.836796,1.371276]},"properties":{"station_id":"TE6","stop_code":"TE6","station_name":"Mayflower","exit_code":"4","source":"gtfs_stops"}},{"type":"Feature","geometry":{"type":"Point","coordinates":[103.83676,1.370777]},"properties":{"station_id":"TE6","stop_code":"TE6","station_name":"Mayflower","exit_code":"5","source":"gtfs_stops"}},{"type":"Feature","geometry":{"type":"Point","coordinates":[103.836309,1.370896]},"properties":{"station_id":"TE6","stop_code":"TE6","station_name":"Mayflower","exit_code":"6","source":"gtfs_stops"}},{"type":"Feature","geometry":{"type":"Point","coordinates":[103.836285,1.371377]},"properties":{"station_id":"TE6","stop_code":"TE6","station_name":"Mayflower","exit_code":"7","source":"gtfs_stops"}},{"type":"Feature","geometry":{"type":"Point","coordinates":[103.833635,1.364037]},"properties":{"station_id":"TE7","stop_code":"TE7","station_name":"Bright Hill","exit_code":"1","source":"gtfs_stops"}},{"type":"Feature","geometry":{"type":"Point","coordinates":[103.833511,1.363283]},"properties":{"station_id":"TE7","stop_code":"TE7","station_name":"Bright Hill","exit_code":"2","source":"gtfs_stops"}},{"type":"Feature","geometry":{"type":"Point","coordinates":[103.832376,1.362184]},"properties":{"station_id":"TE7","stop_code":"TE7","station_name":"Bright Hill","exit_code":"3","source":"gtfs_stops"}},{"type":"Feature","geometry":{"type":"Point","coordinates":[103.831954,1.363164]},"properties":{"station_id":"TE7","stop_code":"TE7","station_name":"Bright Hill","exit_code":"4","source":"gtfs_stops"}},{"type":"Feature","geometry":{"type":"Point","coordinates":[103.831916,1.354834]},"properties":{"station_id":"TE8","stop_code":"TE8","station_name":"Upper Thomson","exit_code":"1","source":"gtfs_stops"}},{"type":"Feature","geometry":{"type":"Point","coordinates":[103.831833,1.355737]},"properties":{"station_id":"TE8","stop_code":"TE8","station_name":"Upper Thomson","exit_code":"2","source":"gtfs_stops"}},{"type":"Feature","geometry":{"type":"Point","coordinates":[103.833925,1.354145]},"properties":{"station_id":"TE8","stop_code":"TE8","station_name":"Upper Thomson","exit_code":"3","source":"gtfs_stops"}},{"type":"Feature","geometry":{"type":"Point","coordinates":[103.833794,1.353503]},"properties":{"station_id":"TE8","stop_code":"TE8","station_name":"Upper Thomson","exit_code":"4","source":"gtfs_stops"}},{"type":"Feature","geometry":{"type":"Point","coordinates":[103.832635,1.354418]},"properties":{"station_id":"TE8","stop_code":"TE8","station_name":"Upper Thomson","exit_code":"5","source":"gtfs_stops"}},{"type":"Feature","geometry":{"type":"Point","coordinates":[103.762723,1.377928]},"properties":{"station_id":"DT1","stop_code":"DT1","station_name":"Bukit Panjang","exit_code":"C","source":"trainstationexit_jul2026"}},{"type":"Feature","geometry":{"type":"Point","coordinates":[103.763252,1.378024]},"properties":{"station_id":"DT1","stop_code":"DT1","station_name":"Bukit Panjang","exit_code":"D","source":"trainstationexit_jul2026"}},{"type":"Feature","geometry":{"type":"Point","coordinates":[103.8481,1.2826]},"properties":{"station_id":"DT18","stop_code":"DT18","station_name":"Telok Ayer","exit_code":"D","source":"trainstationexit_jul2026"}},{"type":"Feature","geometry":{"type":"Point","coordinates":[103.8475,1.2827]},"properties":{"station_id":"DT18","stop_code":"DT18","station_name":"Telok Ayer","exit_code":"E","source":"trainstationexit_jul2026"}},{"type":"Feature","geometry":{"type":"Point","coordinates":[103.74462,1.385]},"properties":{"station_id":"NS4","stop_code":"NS4","station_name":"Choa Chu Kang","exit_code":"E","source":"trainstationexit_jul2026"}},{"type":"Feature","geometry":{"type":"Point","coordinates":[103.888261,1.335772]},"properties":{"station_id":"CC11","stop_code":"CC11","station_name":"Tai Seng","exit_code":"C","source":"trainstationexit_jul2026"}},{"type":"Feature","geometry":{"type":"Point","coordinates":[103.893234,1.318288]},"properties":{"station_id":"CC9","stop_code":"CC9","station_name":"Paya Lebar","exit_code":"E","source":"trainstationexit_jul2026"}},{"type":"Feature","geometry":{"type":"Point","coordinates":[103.892609,1.316738]},"properties":{"station_id":"CC9","stop_code":"CC9","station_name":"Paya Lebar","exit_code":"F","source":"trainstationexit_jul2026"}},{"type":"Feature","geometry":{"type":"Point","coordinates":[103.857067,1.298957]},"properties":{"station_id":"DT14","stop_code":"DT14","station_name":"Bugis","exit_code":"G","source":"trainstationexit_jul2026"}},{"type":"Feature","geometry":{"type":"Point","coordinates":[103.857408,1.299305]},"properties":{"station_id":"DT14","stop_code":"DT14","station_name":"Bugis","exit_code":"E","source":"trainstationexit_jul2026"}},{"type":"Feature","geometry":{"type":"Point","coordinates":[103.857148,1.299638]},"properties":{"station_id":"DT14","stop_code":"DT14","station_name":"Bugis","exit_code":"F","source":"trainstationexit_jul2026"}},{"type":"Feature","geometry":{"type":"Point","coordinates":[103.856035,1.300343]},"properties":{"station_id":"DT14","stop_code":"DT14","station_name":"Bugis","exit_code":"H","source":"trainstationexit_jul2026"}}]}